image_name,label,num_persons_detected,nose_x,nose_y,nose_conf,left_eye_x,left_eye_y,left_eye_conf,right_eye_x,right_eye_y,right_eye_conf,left_ear_x,left_ear_y,left_ear_conf,right_ear_x,right_ear_y,right_ear_conf,left_shoulder_x,left_shoulder_y,left_shoulder_conf,right_shoulder_x,right_shoulder_y,right_shoulder_conf,left_elbow_x,left_elbow_y,left_elbow_conf,right_elbow_x,right_elbow_y,right_elbow_conf,left_wrist_x,left_wrist_y,left_wrist_conf,right_wrist_x,right_wrist_y,right_wrist_conf,left_hip_x,left_hip_y,left_hip_conf,right_hip_x,right_hip_y,right_hip_conf,left_knee_x,left_knee_y,left_knee_conf,right_knee_x,right_knee_y,right_knee_conf,left_ankle_x,left_ankle_y,left_ankle_conf,right_ankle_x,right_ankle_y,right_ankle_conf
frame1_2350.png,standing,1,606.22,7.5,0.0056,600.68,0.0,0.0024,612.1,0.0,0.0009,576.35,0.0,0.312,641.28,0.0,0.0732,554.06,33.55,0.962,674.75,34.16,0.8966,530.45,138.76,0.9678,701.89,133.05,0.8633,543.23,201.2,0.9031,685.58,170.18,0.7387,587.71,183.05,0.9984,674.7,183.52,0.9972,565.43,330.8,0.997,685.46,329.52,0.995,545.89,463.31,0.9771,700.8,457.18,0.9689
frame1_2400.png,standing,1,687.59,114.61,0.9881,698.89,103.57,0.9392,673.54,103.29,0.9741,710.46,114.06,0.6337,648.86,113.66,0.8964,726.65,193.29,0.9913,625.4,194.8,0.9981,756.07,290.07,0.9524,603.74,296.78,0.9918,771.54,369.5,0.9373,587.28,375.95,0.9835,717.6,374.46,0.9966,650.43,375.55,0.9983,719.77,511.68,0.9918,649.64,513.3,0.9961,718.9,626.66,0.9566,650.08,633.16,0.9739
frame1_2500.png,standing,1,688.3,118.63,0.9888,700.26,106.54,0.9354,673.97,106.12,0.9794,712.07,115.91,0.5933,650.17,114.64,0.9235,727.21,193.2,0.9909,626.19,194.97,0.9985,762.04,286.91,0.934,603.99,299.22,0.9924,791.52,291.28,0.9048,569.77,303.13,0.9814,714.79,376.01,0.9964,648.7,376.8,0.9984,718.29,515.82,0.9872,646.78,513.59,0.9948,717.0,634.47,0.9267,651.39,637.7,0.9595
frame1_2600.png,standing,1,684.85,121.58,0.99,696.84,110.19,0.9355,671.83,109.17,0.9775,710.04,119.64,0.5934,647.22,116.73,0.889,724.43,195.12,0.9952,625.55,193.71,0.9983,761.58,277.13,0.9736,606.13,279.97,0.9938,780.47,216.27,0.9544,595.24,216.66,0.986,714.33,371.88,0.9984,647.83,372.46,0.9991,717.06,510.72,0.9961,646.34,511.05,0.9979,716.43,629.21,0.9738,651.83,633.79,0.9825
frame2_1000.png,standing,1,682.7,119.58,0.9895,694.82,108.68,0.9367,670.28,107.54,0.9764,708.13,119.55,0.6191,647.21,116.4,0.887,723.67,195.7,0.9952,623.21,195.66,0.9982,760.15,280.21,0.9728,598.99,287.6,0.9934,779.81,228.38,0.9523,590.97,230.49,0.9849,713.62,370.19,0.9983,646.49,371.46,0.999,717.46,510.2,0.9958,645.15,510.78,0.9977,716.61,628.55,0.9721,651.86,632.57,0.9812
frame2_1100.png,standing,1,683.77,121.05,0.9901,695.93,110.06,0.9349,671.42,108.67,0.9783,708.85,119.92,0.5982,647.86,116.21,0.8935,721.97,195.99,0.9951,628.12,193.93,0.9984,759.96,282.23,0.9719,607.53,282.17,0.9946,785.11,228.0,0.9521,583.86,223.23,0.987,713.47,370.35,0.9984,650.41,370.47,0.9991,715.46,509.52,0.9963,646.74,509.19,0.9981,716.88,627.69,0.9753,651.67,633.03,0.9843
frame2_1200.png,standing,1,687.88,117.25,0.9902,699.24,106.51,0.9371,674.8,106.47,0.9806,713.03,115.6,0.6306,650.79,115.16,0.9196,731.46,193.32,0.9954,627.86,196.85,0.9988,758.7,290.47,0.9668,605.49,298.78,0.995,781.69,366.87,0.9441,589.01,375.64,0.9869,720.63,376.57,0.9988,653.95,378.62,0.9994,719.26,511.83,0.9961,647.75,510.94,0.9982,716.25,628.2,0.9769,650.74,628.97,0.9862
frame2_1300.png,standing,1,683.95,119.44,0.9883,695.93,108.12,0.939,670.57,106.95,0.9727,707.25,119.53,0.6386,648.24,117.24,0.8866,721.51,198.17,0.9926,624.9,198.95,0.9982,757.77,288.17,0.96,601.15,298.64,0.9921,790.82,263.26,0.9397,583.66,264.69,0.9824,714.06,372.17,0.9969,649.05,373.46,0.9983,718.32,509.77,0.9936,649.58,510.68,0.9968,716.74,627.24,0.9636,652.43,633.19,0.9774
frame2_1400.png,standing,1,681.63,120.27,0.9884,692.83,108.11,0.9365,667.72,108.0,0.9735,703.78,117.4,0.6162,645.13,117.87,0.8849,720.66,194.74,0.992,621.88,196.45,0.9981,755.15,283.0,0.9586,601.35,288.77,0.9925,776.13,231.46,0.9393,598.44,224.87,0.9831,712.91,370.15,0.9965,645.7,372.13,0.9981,717.1,508.54,0.9926,649.19,510.78,0.9963,716.27,628.87,0.9562,653.33,634.9,0.9729
frame2_1500.png,standing,1,683.14,119.99,0.99,694.38,109.51,0.9362,670.39,109.44,0.9814,707.29,117.87,0.6053,646.16,117.36,0.9236,721.56,193.65,0.9938,622.95,196.75,0.9989,755.52,286.36,0.9602,600.8,295.08,0.9958,783.37,359.41,0.9436,582.39,361.85,0.9898,710.18,372.69,0.9987,645.85,375.1,0.9994,716.45,510.21,0.997,646.38,513.31,0.9988,718.73,624.81,0.9842,649.07,633.23,0.9915
frame2_1600.png,standing,1,681.45,116.72,0.9899,692.66,106.64,0.9376,668.71,106.45,0.9808,705.78,116.67,0.6169,644.83,115.87,0.9208,722.08,193.69,0.9939,621.91,196.44,0.9989,757.81,285.69,0.9613,601.37,295.35,0.9956,784.3,355.84,0.9446,587.41,363.46,0.9894,712.5,373.35,0.9987,647.06,375.42,0.9994,717.28,510.9,0.9968,646.09,513.18,0.9987,718.62,624.69,0.983,648.82,631.83,0.9907
frame2_1700.png,standing,1,680.04,119.11,0.9901,693.1,108.57,0.9342,668.27,106.84,0.9798,706.23,119.34,0.616,645.63,114.88,0.9055,716.56,196.56,0.9946,625.62,195.32,0.9986,754.67,288.69,0.9663,600.09,294.1,0.9948,797.31,268.74,0.9441,568.33,275.55,0.9871,707.7,369.62,0.9982,647.35,370.26,0.9991,713.68,509.95,0.9958,645.37,509.69,0.998,716.81,625.68,0.9733,649.7,632.79,0.984
frame2_1800.png,standing,1,682.59,122.82,0.9885,693.93,110.56,0.9346,668.74,110.05,0.9746,704.37,118.69,0.5951,645.03,118.14,0.8898,720.86,194.55,0.9915,621.18,196.43,0.9981,757.06,280.92,0.9555,603.05,287.76,0.9926,775.7,229.75,0.9362,597.42,223.44,0.9833,713.67,371.51,0.9962,646.02,373.49,0.998,718.04,508.89,0.9919,649.19,511.49,0.9961,716.02,628.44,0.9525,654.3,635.91,0.9712
frame2_1900.png,standing,1,683.63,120.51,0.9891,695.24,108.48,0.9413,670.0,108.35,0.9755,707.2,116.43,0.6444,647.99,115.86,0.9031,724.21,189.68,0.9943,624.0,191.69,0.9986,762.94,280.95,0.9634,599.3,288.23,0.9931,795.36,251.48,0.9429,572.36,239.41,0.9842,714.57,370.26,0.9981,648.11,371.77,0.999,719.6,513.2,0.9936,646.56,513.39,0.9968,721.71,634.28,0.9572,651.54,639.03,0.9737
frame2_200.png,standing,1,676.17,112.33,0.9884,687.96,102.66,0.9484,663.91,103.12,0.9712,704.62,115.27,0.7412,645.0,115.98,0.8701,731.85,193.81,0.9964,620.99,198.45,0.998,765.27,286.67,0.9762,593.82,293.37,0.9904,767.76,365.35,0.9558,590.33,369.39,0.9788,718.77,374.2,0.9989,648.08,376.96,0.9992,719.12,508.48,0.9965,646.69,512.04,0.9977,715.7,625.16,0.9792,654.17,631.27,0.9845
frame2_2000.png,standing,1,689.05,114.08,0.9902,700.29,103.44,0.937,675.68,103.59,0.9807,713.75,113.68,0.6242,650.91,113.71,0.9205,731.82,192.59,0.9952,626.84,196.5,0.9988,757.35,288.97,0.9663,604.7,297.52,0.9947,776.66,366.37,0.9438,590.35,375.09,0.9865,719.08,376.97,0.9987,651.34,379.28,0.9993,718.88,511.97,0.9956,646.55,511.79,0.9979,715.73,628.25,0.9738,649.33,629.55,0.9841
frame2_300.png,standing,1,686.63,122.46,0.9875,698.09,111.83,0.9345,674.62,111.39,0.9716,709.84,120.67,0.6571,651.07,117.61,0.8995,727.96,189.42,0.9966,616.47,194.72,0.9981,769.07,262.48,0.9796,610.88,275.45,0.9915,814.75,308.41,0.9634,696.23,260.45,0.9827,718.69,368.83,0.9991,646.21,375.92,0.9993,723.09,504.99,0.9973,645.01,514.79,0.9981,712.3,628.0,0.9818,656.68,632.26,0.9858
frame2_500.png,standing,1,678.9,119.11,0.9894,690.53,108.86,0.9372,666.75,108.44,0.9801,703.93,117.12,0.6213,643.65,115.68,0.9167,717.1,192.54,0.9934,620.27,194.62,0.9988,748.49,288.08,0.9591,598.6,295.56,0.9951,772.79,363.4,0.9425,583.35,369.41,0.9885,706.23,369.31,0.9984,642.8,371.63,0.9993,714.16,508.11,0.9962,644.17,511.83,0.9984,718.93,622.4,0.98,648.24,632.44,0.9889
frame2_600.png,standing,1,684.41,116.24,0.9875,696.08,105.48,0.9402,670.85,104.97,0.9727,708.49,115.64,0.6484,647.34,114.55,0.8878,724.17,193.43,0.9907,624.64,193.1,0.9979,751.22,290.9,0.9496,604.56,292.21,0.9907,764.22,370.37,0.9338,594.9,370.34,0.9815,715.85,371.9,0.9966,649.34,372.49,0.9982,718.14,510.32,0.9922,648.39,512.02,0.9962,718.2,625.67,0.9607,649.51,633.01,0.976
frame2_700.png,standing,1,680.42,119.71,0.9898,692.94,109.0,0.9349,668.4,107.18,0.9779,705.75,119.47,0.6065,645.0,114.71,0.8938,717.23,195.93,0.995,622.7,193.47,0.9984,753.36,284.86,0.9714,596.99,288.86,0.9941,781.65,232.79,0.9508,577.43,239.43,0.9861,709.29,368.79,0.9983,645.97,369.38,0.9991,714.92,509.39,0.996,645.87,510.13,0.9979,716.09,626.95,0.9733,651.09,634.26,0.9828
frame2_800.png,standing,1,678.58,123.09,0.9894,690.96,111.85,0.9412,666.2,110.72,0.9736,705.65,120.43,0.6455,644.05,117.16,0.8628,721.76,194.93,0.9957,622.22,191.88,0.9979,760.65,277.29,0.9775,598.53,275.85,0.9922,776.88,219.21,0.9598,588.71,219.25,0.9834,711.1,370.59,0.9984,644.45,370.81,0.9989,715.4,509.0,0.9962,645.28,510.28,0.9976,716.88,627.94,0.9741,652.13,634.58,0.9812
frame2_900.png,standing,1,682.83,115.94,0.9898,694.06,105.64,0.9375,669.81,105.53,0.9809,707.29,115.48,0.6168,645.77,115.03,0.9213,723.74,193.09,0.9937,623.22,196.22,0.9989,757.24,286.85,0.9594,602.48,296.89,0.9955,783.14,359.44,0.942,585.91,366.43,0.9891,714.19,373.65,0.9986,648.54,375.61,0.9994,718.4,512.77,0.9965,646.99,513.76,0.9986,719.41,626.05,0.9814,649.37,631.01,0.9899
frame2_2100.png,standing,1,683.89,118.46,0.9887,696.05,107.17,0.937,670.58,105.81,0.9749,706.69,118.25,0.6165,647.2,115.52,0.896,719.45,195.62,0.9921,622.64,197.64,0.9983,753.45,287.6,0.9574,601.42,299.06,0.9931,784.35,260.82,0.937,584.37,254.58,0.984,712.27,371.05,0.9968,646.68,373.1,0.9984,718.03,509.58,0.9933,647.94,511.21,0.9968,716.26,628.1,0.9616,652.99,634.81,0.9771
frame2_2200.png,standing,1,683.84,119.35,0.9897,695.98,108.56,0.9368,671.31,106.87,0.9761,708.92,119.61,0.6099,647.09,115.06,0.8836,723.76,196.36,0.9955,623.4,193.13,0.9981,761.62,278.63,0.9751,602.12,279.49,0.9932,781.72,217.7,0.956,594.5,217.1,0.9848,714.52,372.88,0.9983,647.28,372.79,0.999,717.45,512.59,0.9958,645.58,511.14,0.9976,716.65,630.56,0.9716,652.5,632.42,0.9803
frame2_2300.png,standing,1,686.7,116.81,0.9888,698.65,105.77,0.9368,673.01,104.45,0.9754,709.24,118.4,0.6139,649.72,115.51,0.9021,722.83,197.76,0.9919,627.24,196.9,0.9984,762.2,287.8,0.9548,603.97,291.33,0.9933,795.39,266.87,0.9334,573.29,256.81,0.9842,715.04,372.92,0.9967,650.63,373.52,0.9984,720.7,511.14,0.9928,650.59,511.87,0.9968,719.27,626.87,0.959,653.05,633.94,0.9763
frame2_2400.png,standing,1,687.59,114.61,0.9881,698.89,103.57,0.9392,673.54,103.29,0.9741,710.46,114.06,0.6337,648.86,113.66,0.8964,726.65,193.29,0.9913,625.4,194.8,0.9981,756.07,290.07,0.9524,603.74,296.78,0.9918,771.54,369.5,0.9373,587.28,375.95,0.9835,717.6,374.46,0.9966,650.43,375.55,0.9983,719.77,511.68,0.9918,649.64,513.3,0.9961,718.9,626.66,0.9566,650.08,633.16,0.9739
frame2_2500.png,standing,1,688.3,118.63,0.9888,700.26,106.54,0.9354,673.97,106.12,0.9794,712.07,115.91,0.5933,650.17,114.64,0.9235,727.21,193.2,0.9909,626.19,194.97,0.9985,762.04,286.91,0.934,603.99,299.22,0.9924,791.52,291.28,0.9048,569.77,303.13,0.9814,714.79,376.01,0.9964,648.7,376.8,0.9984,718.29,515.82,0.9872,646.78,513.59,0.9948,717.0,634.47,0.9267,651.39,637.7,0.9595
frame2_2600.png,standing,1,684.85,121.58,0.99,696.84,110.19,0.9355,671.83,109.17,0.9775,710.04,119.64,0.5934,647.22,116.73,0.889,724.43,195.12,0.9952,625.55,193.71,0.9983,761.58,277.13,0.9736,606.13,279.97,0.9938,780.47,216.27,0.9544,595.24,216.66,0.986,714.33,371.88,0.9984,647.83,372.46,0.9991,717.06,510.72,0.9961,646.34,511.05,0.9979,716.43,629.21,0.9738,651.83,633.79,0.9825
frame2_300.png,standing,1,686.63,122.46,0.9875,698.09,111.83,0.9345,674.62,111.39,0.9716,709.84,120.67,0.6571,651.07,117.61,0.8995,727.96,189.42,0.9966,616.47,194.72,0.9981,769.07,262.48,0.9796,610.88,275.45,0.9915,814.75,308.41,0.9634,696.23,260.45,0.9827,718.69,368.83,0.9991,646.21,375.92,0.9993,723.09,504.99,0.9973,645.01,514.79,0.9981,712.3,628.0,0.9818,656.68,632.26,0.9858
frame2_500.png,standing,1,678.9,119.11,0.9894,690.53,108.86,0.9372,666.75,108.44,0.9801,703.93,117.12,0.6213,643.65,115.68,0.9167,717.1,192.54,0.9934,620.27,194.62,0.9988,748.49,288.08,0.9591,598.6,295.56,0.9951,772.79,363.4,0.9425,583.35,369.41,0.9885,706.23,369.31,0.9984,642.8,371.63,0.9993,714.16,508.11,0.9962,644.17,511.83,0.9984,718.93,622.4,0.98,648.24,632.44,0.9889
frame2_600.png,standing,1,684.41,116.24,0.9875,696.08,105.48,0.9402,670.85,104.97,0.9727,708.49,115.64,0.6484,647.34,114.55,0.8878,724.17,193.43,0.9907,624.64,193.1,0.9979,751.22,290.9,0.9496,604.56,292.21,0.9907,764.22,370.37,0.9338,594.9,370.34,0.9815,715.85,371.9,0.9966,649.34,372.49,0.9982,718.14,510.32,0.9922,648.39,512.02,0.9962,718.2,625.67,0.9607,649.51,633.01,0.976
frame2_700.png,standing,1,680.42,119.71,0.9898,692.94,109.0,0.9349,668.4,107.18,0.9779,705.75,119.47,0.6065,645.0,114.71,0.8938,717.23,195.93,0.995,622.7,193.47,0.9984,753.36,284.86,0.9714,596.99,288.86,0.9941,781.65,232.79,0.9508,577.43,239.43,0.9861,709.29,368.79,0.9983,645.97,369.38,0.9991,714.92,509.39,0.996,645.87,510.13,0.9979,716.09,626.95,0.9733,651.09,634.26,0.9828
frame2_800.png,standing,1,678.58,123.09,0.9894,690.96,111.85,0.9412,666.2,110.72,0.9736,705.65,120.43,0.6455,644.05,117.16,0.8628,721.76,194.93,0.9957,622.22,191.88,0.9979,760.65,277.29,0.9775,598.53,275.85,0.9922,776.88,219.21,0.9598,588.71,219.25,0.9834,711.1,370.59,0.9984,644.45,370.81,0.9989,715.4,509.0,0.9962,645.28,510.28,0.9976,716.88,627.94,0.9741,652.13,634.58,0.9812
frame2_900.png,standing,1,682.83,115.94,0.9898,694.06,105.64,0.9375,669.81,105.53,0.9809,707.29,115.48,0.6168,645.77,115.03,0.9213,723.74,193.09,0.9937,623.22,196.22,0.9989,757.24,286.85,0.9594,602.48,296.89,0.9955,783.14,359.44,0.942,585.91,366.43,0.9891,714.19,373.65,0.9986,648.54,375.61,0.9994,718.4,512.77,0.9965,646.99,513.76,0.9986,719.41,626.05,0.9814,649.37,631.01,0.9899
frame5_100.png,standing,1,731.85,176.41,0.9835,744.7,166.64,0.9631,723.22,162.04,0.9349,762.69,165.34,0.8706,708.49,155.16,0.6999,796.13,224.97,0.9978,663.1,207.26,0.9939,833.59,277.83,0.9899,604.55,249.02,0.9615,795.51,339.47,0.9765,636.7,318.9,0.9371,742.69,402.56,0.9983,660.51,389.47,0.9971,726.45,523.17,0.9882,640.81,494.19,0.9807,695.9,610.64,0.92,640.51,567.88,0.8944
frame5_1100.png,standing,1,725.82,156.45,0.9841,736.06,146.63,0.9591,715.08,144.21,0.9421,750.36,153.51,0.85,698.09,148.84,0.7531,790.07,224.91,0.9978,655.18,210.87,0.9948,829.85,288.3,0.9884,598.62,262.52,0.9654,796.15,343.5,0.9729,628.98,327.96,0.9408,743.78,393.82,0.9982,661.66,382.24,0.9972,723.91,514.11,0.9886,642.79,484.7,0.9829,699.11,615.68,0.9213,641.65,568.75,0.9013
frame6_1000.png,standing,1,639.36,133.82,0.9893,647.75,125.19,0.9167,626.88,124.73,0.9828,655.66,137.72,0.5047,599.76,136.1,0.9396,666.61,210.77,0.9935,578.88,207.62,0.9988,693.13,295.85,0.9531,561.67,292.59,0.9954,717.98,339.06,0.9303,562.07,338.39,0.9885,660.37,373.01,0.9985,602.12,372.41,0.9994,657.88,509.72,0.996,595.1,505.78,0.9984,654.25,635.43,0.9777,590.31,630.81,0.9877
frame6_1100.png,standing,1,631.1,143.18,0.9882,640.62,134.55,0.9287,619.57,133.66,0.9777,649.45,145.47,0.5856,596.77,143.04,0.915,657.97,209.71,0.9943,576.78,207.24,0.9986,688.96,282.06,0.9633,563.36,281.35,0.9941,710.94,232.41,0.9451,563.31,221.21,0.9864,650.28,364.91,0.9987,594.89,365.1,0.9993,653.07,505.06,0.996,592.2,505.25,0.9981,656.07,635.22,0.9749,594.72,639.94,0.9845
frame6_1200.png,standing,1,649.42,160.23,0.9884,661.2,150.02,0.9314,638.59,148.53,0.9772,675.27,148.95,0.609,616.8,144.96,0.9,681.53,210.77,0.9934,592.81,206.47,0.9985,697.06,302.96,0.9634,565.2,298.21,0.9947,713.86,376.7,0.9479,557.1,377.45,0.9878,661.76,374.23,0.9985,603.77,373.12,0.9993,660.72,507.98,0.9967,597.83,507.19,0.9985,656.48,631.33,0.9829,594.38,636.79,0.9898
frame6_1300.png,standing,1,645.42,136.5,0.988,655.48,127.74,0.9298,634.75,125.64,0.9761,662.58,138.31,0.5874,610.86,132.8,0.9098,668.95,205.06,0.9945,583.13,200.6,0.9983,701.4,281.81,0.9662,564.35,280.47,0.9926,726.43,230.1,0.9482,568.98,216.78,0.9839,654.89,367.17,0.9984,597.56,366.93,0.9991,655.89,506.75,0.9948,595.59,507.84,0.9971,654.85,633.99,0.9653,598.94,640.51,0.9764
frame6_1400.png,standing,1,646.99,129.16,0.9888,657.13,120.37,0.9281,635.48,119.43,0.9799,668.17,132.44,0.5751,611.09,129.52,0.9189,679.53,208.34,0.993,587.54,204.88,0.9986,704.31,302.99,0.9564,562.87,298.08,0.9946,716.23,378.55,0.9388,559.31,379.17,0.9875,666.53,371.76,0.9982,606.1,370.95,0.9992,663.4,509.74,0.9954,598.55,509.14,0.998,658.09,632.1,0.9746,592.48,634.59,0.9854
frame6_1500.png,standing,1,638.49,138.76,0.9883,648.57,130.26,0.9276,627.61,128.18,0.9781,656.27,141.14,0.5696,603.35,135.65,0.9178,663.11,206.23,0.9942,578.87,202.0,0.9985,696.04,282.31,0.9624,565.43,281.48,0.9938,719.91,232.98,0.9437,566.81,221.16,0.9858,653.47,365.36,0.9985,596.44,364.9,0.9992,655.03,506.39,0.9953,592.87,505.95,0.9977,656.02,635.15,0.9699,597.66,640.03,0.981
frame6_1600.png,standing,1,646.14,133.36,0.9889,656.58,124.56,0.9305,634.99,123.28,0.9795,667.59,135.41,0.585,610.31,131.71,0.9152,678.06,208.87,0.9935,585.46,206.15,0.9985,703.28,301.86,0.9603,560.37,298.96,0.9943,713.37,378.71,0.9435,555.6,378.29,0.9872,664.33,371.61,0.9982,603.65,371.26,0.9992,662.35,508.44,0.9957,597.57,508.76,0.998,657.46,631.64,0.9761,594.15,635.45,0.9857
frame6_1700.png,standing,1,641.53,133.91,0.9884,650.38,125.15,0.9106,629.98,123.52,0.9806,656.1,137.95,0.5009,602.97,133.66,0.9347,663.43,209.83,0.9943,578.23,205.87,0.9988,692.77,299.11,0.9599,559.65,295.9,0.9952,725.42,271.5,0.9362,574.03,251.2,0.9879,658.09,367.22,0.9986,600.66,367.48,0.9994,658.26,506.51,0.9967,595.17,505.98,0.9986,650.42,632.44,0.9802,590.9,632.45,0.9884
frame6_1800.png,standing,1,643.02,128.43,0.9886,651.95,119.32,0.9231,630.48,119.13,0.981,661.26,130.63,0.5314,605.17,129.74,0.9302,672.25,204.85,0.9914,582.11,199.85,0.9988,701.96,290.85,0.9466,558.22,284.02,0.9954,722.57,351.75,0.9322,560.14,348.59,0.9895,659.23,367.89,0.9982,599.1,366.15,0.9993,657.42,507.36,0.9965,597.05,503.2,0.9987,656.59,631.83,0.9828,593.75,627.87,0.9911
frame6_1900.png,standing,1,644.52,143.39,0.9883,655.07,133.75,0.917,633.64,130.92,0.9795,662.99,141.57,0.52,607.81,134.18,0.9211,666.09,211.85,0.9933,580.9,202.6,0.9984,692.81,301.42,0.9586,557.04,292.17,0.9944,727.25,268.33,0.9356,572.05,256.13,0.9864,656.85,369.04,0.9981,599.44,367.4,0.9991,658.66,509.48,0.9961,596.47,506.26,0.9982,652.64,632.42,0.978,595.52,631.12,0.9869
frame6_200.png,standing,1,662.87,139.68,0.9875,673.5,130.54,0.9447,651.74,129.92,0.9663,687.49,142.73,0.7217,633.72,141.13,0.8428,704.69,215.2,0.9956,611.87,210.6,0.9968,729.86,301.71,0.9761,576.02,292.4,0.9864,749.11,377.67,0.9545,573.5,364.24,0.9717,679.67,374.68,0.9978,617.98,371.67,0.9983,671.87,508.17,0.9919,599.83,502.57,0.9936,659.09,634.92,0.9444,579.43,626.74,0.9528
frame6_2000.png,standing,1,635.26,149.0,0.9876,644.55,139.44,0.9286,624.56,138.23,0.9757,651.68,145.85,0.5825,600.84,142.23,0.9091,660.1,206.85,0.9942,575.02,206.59,0.9982,694.52,280.92,0.9644,558.3,285.12,0.9922,728.1,253.57,0.9456,572.43,232.16,0.9832,653.99,366.91,0.9983,597.39,369.17,0.999,653.75,504.71,0.9943,593.57,508.55,0.9968,654.09,633.71,0.9637,597.6,639.92,0.9753
frame6_2100.png,standing,1,650.78,131.41,0.9897,658.58,122.55,0.9113,638.15,121.95,0.9847,664.97,133.83,0.4534,608.26,131.94,0.9485,674.73,206.21,0.993,582.86,203.36,0.999,700.03,293.33,0.9482,561.56,291.82,0.996,722.3,344.95,0.925,561.92,345.41,0.9895,664.71,370.79,0.9985,604.16,370.09,0.9994,660.5,508.68,0.9961,596.32,504.13,0.9985,652.88,635.28,0.9785,589.7,628.85,0.9887
frame6_2200.png,standing,1,639.82,136.23,0.9887,647.6,127.89,0.9098,628.43,126.62,0.9824,651.34,139.47,0.4499,600.3,135.81,0.9417,657.45,204.68,0.9928,575.25,201.61,0.9988,692.8,276.2,0.9507,562.67,276.19,0.9953,720.21,228.18,0.9313,564.32,216.92,0.9888,651.93,364.31,0.9984,595.98,364.73,0.9993,653.63,505.05,0.9951,592.65,505.72,0.998,655.64,634.94,0.9701,594.83,639.18,0.9833
frame6_2300.png,standing,1,646.0,149.45,0.9891,657.75,139.68,0.9328,634.91,137.58,0.9792,671.01,142.51,0.5877,610.36,136.71,0.9081,678.0,208.09,0.9935,585.57,201.46,0.9985,698.69,300.49,0.9624,561.04,290.49,0.9945,713.52,371.64,0.9465,555.3,363.97,0.9877,662.03,371.62,0.9985,601.37,369.68,0.9993,660.78,508.23,0.9965,595.74,505.66,0.9984,656.17,631.84,0.9817,594.88,634.03,0.9891
frame6_300.png,standing,1,666.96,247.1,0.9881,679.14,238.42,0.922,657.4,234.03,0.9805,691.59,226.67,0.5064,630.89,216.48,0.9155,691.41,264.29,0.9913,594.2,257.85,0.9984,712.03,360.58,0.9508,567.62,362.4,0.9943,721.4,443.16,0.9329,560.51,445.02,0.9865,654.56,387.91,0.9978,591.26,385.75,0.999,668.02,515.47,0.9957,593.53,512.79,0.9981,656.65,637.35,0.9814,595.73,643.69,0.9892
frame6_400.png,standing,1,665.99,156.32,0.9881,675.31,147.01,0.915,654.16,146.11,0.9817,683.21,156.45,0.4749,625.56,154.26,0.9273,689.4,227.96,0.9894,596.39,226.54,0.9984,711.7,321.98,0.9383,570.88,323.93,0.9944,721.1,399.92,0.9255,564.92,401.94,0.9879,664.09,382.93,0.997,603.05,382.16,0.9988,665.73,513.29,0.9938,601.03,510.53,0.9976,657.66,634.58,0.9725,594.0,632.82,0.985
frame6_500.png,standing,1,631.0,128.39,0.9884,639.92,119.25,0.9206,618.81,119.68,0.9797,649.59,132.18,0.5441,593.69,132.51,0.9218,663.57,208.43,0.9928,574.36,208.78,0.9985,691.14,301.47,0.9545,554.83,298.92,0.9947,703.86,376.3,0.9368,549.27,372.49,0.988,657.67,373.38,0.9981,598.59,374.63,0.9992,656.8,509.31,0.9954,594.7,510.81,0.9981,657.8,633.39,0.9752,592.58,636.04,0.986
frame6_600.png,standing,1,634.47,138.88,0.9885,644.18,130.11,0.9271,623.27,128.57,0.979,651.88,140.36,0.5556,598.78,136.06,0.9199,661.38,203.78,0.9937,575.04,201.97,0.9985,698.87,275.79,0.9598,561.74,277.76,0.9939,723.88,224.42,0.9406,564.5,208.86,0.9861,655.15,364.95,0.9983,596.89,365.84,0.9991,655.77,504.93,0.9946,592.53,507.41,0.9974,654.65,633.54,0.9651,596.4,641.33,0.9785
frame6_700.png,standing,1,648.23,127.53,0.9887,657.47,118.77,0.9203,636.53,118.05,0.9808,666.73,131.14,0.5292,610.32,128.88,0.9269,677.74,206.66,0.9927,586.46,204.33,0.9987,703.18,300.47,0.9542,562.44,297.69,0.9952,714.09,372.9,0.9368,557.82,373.98,0.9888,666.27,369.75,0.9983,606.04,369.35,0.9993,663.3,509.0,0.9959,598.78,508.4,0.9983,658.2,632.86,0.9775,592.27,634.29,0.9875
frame6_800.png,standing,1,639.81,140.7,0.988,649.17,130.91,0.9271,628.54,129.55,0.9773,655.79,138.73,0.5601,603.41,134.94,0.9151,663.25,204.43,0.9939,577.89,203.29,0.9983,694.59,288.03,0.9609,562.26,292.62,0.9925,724.0,245.1,0.9419,571.1,234.62,0.9838,656.93,369.21,0.9981,599.84,370.76,0.999,655.13,507.42,0.9941,595.38,510.36,0.9969,654.42,635.7,0.9621,597.86,642.5,0.9749
frame6_900.png,standing,1,641.03,136.38,0.9885,649.39,127.36,0.9171,629.68,126.11,0.9809,653.97,137.88,0.4983,602.99,134.41,0.9346,660.19,205.11,0.9934,577.27,202.32,0.9987,690.92,288.41,0.9542,561.78,288.16,0.9946,719.52,240.21,0.9347,567.52,225.34,0.9873,653.52,365.79,0.9983,597.37,366.44,0.9992,654.09,506.42,0.9949,593.9,507.07,0.9978,655.02,636.75,0.9683,595.33,640.42,0.9813
image_100.png,standing,1,577.06,197.62,0.9808,590.65,190.1,0.9624,568.24,187.86,0.9035,611.0,203.09,0.8959,558.58,198.7,0.5906,623.04,267.21,0.9984,538.8,261.43,0.9928,611.91,332.59,0.9942,510.3,329.45,0.9565,564.27,281.65,0.9847,500.76,294.01,0.9361,598.33,422.91,0.9992,539.54,418.27,0.9982,603.59,553.87,0.9971,540.48,541.55,0.9941,615.23,674.92,0.9776,554.03,661.53,0.9661
image_12 - Copy.png,standing,1,654.71,109.21,0.9814,667.89,96.95,0.9611,644.21,100.53,0.9147,692.77,107.77,0.8869,636.96,114.08,0.6434,723.77,182.63,0.998,615.02,188.52,0.993,724.86,282.02,0.9922,615.28,262.78,0.9651,684.88,364.03,0.9815,696.15,248.78,0.9486,706.76,361.24,0.999,629.24,366.36,0.9982,724.86,499.68,0.9964,633.15,504.17,0.9944,751.18,632.5,0.9728,661.65,624.29,0.9651
image_12.png,standing,1,654.71,109.21,0.9814,667.89,96.95,0.9611,644.21,100.53,0.9147,692.77,107.77,0.8869,636.96,114.08,0.6434,723.77,182.63,0.998,615.02,188.52,0.993,724.86,282.02,0.9922,615.28,262.78,0.9651,684.88,364.03,0.9815,696.15,248.78,0.9486,706.76,361.24,0.999,629.24,366.36,0.9982,724.86,499.68,0.9964,633.15,504.17,0.9944,751.18,632.5,0.9728,661.65,624.29,0.9651
image_121.png,standing,1,576.94,178.85,0.9368,582.8,165.04,0.9291,571.8,169.29,0.5623,616.08,153.74,0.9147,587.79,163.42,0.1681,680.37,205.15,0.9981,623.18,218.39,0.9698,743.93,300.23,0.9959,655.56,315.87,0.9007,749.57,397.21,0.9895,661.37,384.64,0.8955,726.03,377.05,0.999,685.78,379.13,0.9966,719.16,508.76,0.9971,663.64,500.86,0.9918,739.05,645.47,0.9779,667.12,622.07,0.9608
image_122.png,standing,1,622.89,151.57,0.8899,627.54,139.09,0.9509,619.67,140.03,0.3324,659.69,125.23,0.967,646.98,127.4,0.1015,704.81,183.65,0.9977,681.1,174.21,0.8711,730.85,299.99,0.9939,704.9,277.12,0.411,723.77,400.13,0.9784,700.34,369.24,0.4598,724.09,369.21,0.9982,707.79,360.89,0.9868,719.34,506.9,0.9981,689.68,480.79,0.988,745.25,643.25,0.9928,688.65,593.2,0.9793
image_123.png,standing,1,632.28,146.94,0.8309,634.43,133.06,0.911,633.21,135.2,0.2452,661.01,123.44,0.9661,673.52,126.09,0.1456,693.7,186.28,0.9981,716.37,178.05,0.9009,704.87,293.44,0.9939,738.18,280.99,0.469,688.64,383.8,0.9688,708.21,365.88,0.443,712.94,376.7,0.9979,726.38,370.35,0.9867,717.89,513.42,0.9946,713.88,497.3,0.9708,748.58,648.83,0.9705,706.82,616.21,0.9221
image_124.png,standing,1,629.59,153.64,0.7455,632.26,140.95,0.8625,633.15,143.95,0.1493,654.61,128.86,0.9657,676.6,131.84,0.1152,678.37,181.15,0.9979,723.14,178.95,0.888,688.09,275.83,0.9947,738.44,268.49,0.4632,666.12,360.94,0.977,699.7,344.49,0.4771,700.24,365.72,0.9983,731.6,363.61,0.9889,671.34,496.62,0.9977,708.22,499.19,0.987,708.08,622.81,0.9886,719.77,617.39,0.968
image_125.png,standing,1,606.26,162.6,0.7723,605.59,149.54,0.8652,606.47,150.62,0.1609,626.85,134.96,0.9673,652.17,134.99,0.2139,648.69,185.2,0.9974,707.2,177.92,0.9438,656.37,287.61,0.9918,740.33,279.01,0.5953,628.71,375.37,0.9679,698.9,354.82,0.5757,681.94,367.78,0.9964,724.56,363.45,0.9832,655.73,502.14,0.9928,713.0,494.95,0.9706,660.47,642.15,0.9564,711.2,620.14,0.9066
image_126.png,standing,1,580.81,163.77,0.8913,584.26,150.39,0.9381,578.62,152.74,0.3182,614.99,134.99,0.9795,618.29,137.37,0.2474,633.33,186.65,0.999,686.19,179.94,0.9644,632.18,284.19,0.9963,738.12,276.61,0.6987,621.64,370.95,0.9836,722.04,358.08,0.6796,675.4,362.04,0.9988,710.92,358.04,0.9938,647.13,501.5,0.9975,694.38,493.37,0.9886,660.8,642.26,0.9827,701.29,619.88,0.9591
image_127.png,standing,1,556.76,211.22,0.8727,561.62,197.66,0.9189,555.09,198.88,0.3416,589.95,183.73,0.9672,586.45,183.99,0.1926,620.2,229.56,0.998,660.82,219.85,0.953,618.48,323.33,0.9921,678.16,304.53,0.6925,609.27,407.28,0.9659,636.82,394.68,0.6342,709.08,370.42,0.9976,736.14,363.48,0.9908,645.34,499.32,0.9958,690.6,484.19,0.9851,655.51,640.62,0.9763,704.69,614.41,0.9527
image_13.png,standing,1,693.63,109.28,0.9807,707.92,98.14,0.9589,684.25,98.64,0.9237,733.08,108.48,0.8687,676.59,108.53,0.6665,751.63,184.02,0.9967,651.46,182.46,0.9934,733.02,288.46,0.987,638.81,258.32,0.9678,711.64,368.6,0.9708,707.07,238.85,0.9459,730.54,361.75,0.9986,659.26,363.22,0.998,745.68,503.28,0.9955,653.89,500.82,0.9941,753.63,639.86,0.9694,662.42,625.97,0.9649
image_131.png,standing,1,672.44,151.44,0.9833,682.65,141.6,0.9513,662.5,142.82,0.9461,698.74,148.41,0.7946,648.47,150.45,0.7469,721.85,208.68,0.9963,627.59,212.17,0.9947,742.73,288.82,0.9846,606.85,278.02,0.9779,734.4,356.98,0.9701,636.74,291.69,0.9636,706.61,352.11,0.9983,642.53,354.96,0.998,713.08,462.01,0.9955,633.53,466.8,0.9952,714.1,569.79,0.9768,631.61,569.3,0.9764
image_132.png,standing,1,673.02,151.17,0.9832,683.29,141.19,0.951,663.14,142.41,0.9456,699.17,147.51,0.794,649.09,149.51,0.7479,722.68,206.47,0.9963,626.76,211.04,0.9948,743.33,287.31,0.9846,607.15,274.94,0.9783,735.78,357.0,0.9703,643.93,273.52,0.9638,707.24,349.77,0.9983,642.01,353.47,0.998,714.56,460.69,0.9955,633.01,466.49,0.9952,713.5,570.24,0.9764,631.87,569.37,0.976
image_133.png,standing,1,675.45,149.69,0.9833,686.36,140.24,0.9525,665.96,140.95,0.9457,703.45,148.43,0.8068,653.45,149.03,0.7494,725.47,209.34,0.9963,629.31,210.09,0.9951,743.99,288.66,0.9848,599.77,272.15,0.9796,741.44,356.92,0.9708,636.91,282.44,0.9658,708.66,349.57,0.9984,643.86,351.99,0.9982,715.19,460.48,0.9957,634.32,465.16,0.9955,713.7,569.71,0.9773,631.63,569.06,0.9773
image_134.png,standing,1,684.49,148.31,0.9837,695.42,139.36,0.9468,674.93,138.99,0.9534,709.48,149.01,0.7606,658.59,146.72,0.7966,727.47,210.82,0.9956,629.08,208.59,0.9955,743.45,292.57,0.9811,603.49,267.63,0.9816,738.62,360.86,0.9654,648.4,264.59,0.9681,709.18,351.71,0.998,642.54,353.61,0.998,717.1,461.32,0.9947,633.01,465.5,0.995,712.9,570.66,0.9729,632.6,569.09,0.9745
image_135.png,standing,1,679.75,147.75,0.9832,690.85,138.46,0.9515,670.05,138.85,0.9462,707.46,147.98,0.8008,656.5,147.78,0.7573,728.38,210.2,0.9962,631.17,209.82,0.9951,744.72,293.13,0.9845,606.77,271.03,0.9797,739.89,361.17,0.9704,651.9,268.26,0.9658,709.84,349.3,0.9983,643.87,351.41,0.9981,717.02,460.62,0.9953,634.39,464.54,0.9952,712.99,570.98,0.9752,632.21,568.32,0.9753
image_136.png,standing,1,674.94,149.22,0.983,685.68,139.52,0.9517,665.24,140.64,0.9453,702.6,147.9,0.8043,652.78,149.39,0.751,725.31,209.11,0.9962,629.43,210.87,0.995,741.29,290.73,0.9842,605.68,272.13,0.9792,733.37,357.97,0.9697,649.28,269.6,0.9649,708.43,349.75,0.9982,643.08,352.63,0.998,715.03,460.7,0.9951,633.35,465.8,0.9949,713.66,570.78,0.9741,631.61,569.2,0.9743
image_137.png,standing,1,670.68,147.42,0.9827,681.41,137.95,0.9505,661.16,138.86,0.945,698.34,147.27,0.8,649.06,147.92,0.7533,720.72,210.78,0.996,625.44,209.23,0.9947,734.99,292.66,0.9831,597.5,269.35,0.9781,725.74,360.01,0.9678,637.38,281.46,0.9638,705.9,352.85,0.998,641.0,354.64,0.9978,713.53,462.72,0.9945,633.22,466.79,0.9944,715.46,570.38,0.9713,632.17,569.17,0.9717
image_138.png,standing,1,667.59,147.8,0.9823,677.87,137.92,0.9484,657.78,139.5,0.9448,694.67,146.71,0.7933,645.83,149.03,0.7579,719.41,209.44,0.9959,622.91,210.59,0.995,734.96,292.49,0.9825,596.43,272.13,0.9794,724.44,359.33,0.9669,639.2,274.99,0.9654,706.05,351.16,0.998,640.23,354.11,0.9979,713.34,461.92,0.9945,632.26,467.17,0.9946,715.09,570.49,0.971,631.8,569.08,0.9721
image_139.png,standing,1,666.87,145.95,0.9837,676.28,135.98,0.9482,656.22,138.42,0.9497,692.92,145.28,0.7983,644.76,149.46,0.7983,720.03,208.9,0.9969,621.74,209.45,0.9965,738.94,287.41,0.985,590.44,268.05,0.9842,732.8,354.35,0.9691,644.88,277.52,0.9711,708.61,350.4,0.9988,642.42,353.54,0.9988,714.55,460.36,0.9964,635.32,467.16,0.9966,714.7,570.23,0.9794,633.18,570.58,0.9807
image_14.png,standing,1,705.04,118.56,0.9581,718.76,103.22,0.96,694.11,107.03,0.8273,750.98,105.69,0.9107,694.65,116.14,0.3831,756.2,179.73,0.9919,702.97,184.04,0.9536,695.03,281.14,0.9628,680.29,262.49,0.7067,698.24,331.23,0.9021,684.4,243.32,0.6207,742.02,361.15,0.9962,700.86,361.39,0.9908,744.04,506.32,0.9957,690.17,493.58,0.9901,760.7,642.92,0.986,681.63,611.86,0.9776
image_140.png,standing,1,675.35,146.34,0.9846,683.72,136.8,0.951,664.75,138.34,0.9522,695.79,144.37,0.8005,648.47,148.1,0.8002,726.09,206.12,0.9975,618.51,207.56,0.9969,765.93,268.12,0.988,577.51,260.91,0.9843,734.64,311.1,0.9776,615.35,298.91,0.9735,706.75,349.69,0.9992,637.5,351.24,0.9991,712.96,459.22,0.998,634.5,467.39,0.9979,713.29,565.77,0.9887,632.03,574.4,0.9885
image_144.png,standing,1,634.98,138.85,0.9797,646.33,128.23,0.9599,625.77,128.75,0.8964,669.75,134.13,0.8925,622.48,136.21,0.6019,700.7,197.71,0.9968,621.83,200.38,0.994,735.66,271.32,0.9882,607.86,271.09,0.969,707.0,313.4,0.9779,565.27,307.73,0.9545,694.28,358.44,0.998,641.13,355.85,0.9973,696.7,480.69,0.9954,630.2,473.76,0.9941,708.98,593.8,0.9733,640.21,586.39,0.971
image_145.png,standing,1,654.9,130.97,0.981,666.59,120.18,0.96,646.43,120.3,0.8979,689.87,128.63,0.8725,643.08,130.69,0.5453,711.21,196.93,0.9968,631.73,195.91,0.9931,722.57,265.35,0.99,595.81,264.06,0.9668,702.21,217.65,0.9803,572.79,224.2,0.9509,693.24,354.77,0.9979,638.01,351.67,0.9968,698.52,476.42,0.9957,636.22,467.48,0.9937,708.56,594.48,0.9736,639.38,583.52,0.9682
image_146.png,standing,1,650.82,131.64,0.9842,662.55,122.31,0.9578,642.7,121.96,0.9337,682.97,131.76,0.857,637.55,131.52,0.6856,698.5,197.82,0.9977,618.15,192.94,0.9962,707.11,256.92,0.9911,568.38,245.56,0.9822,710.55,197.68,0.9798,565.69,183.89,0.9675,682.4,350.55,0.999,627.87,349.12,0.9988,694.11,473.24,0.9976,630.8,467.05,0.997,708.49,593.16,0.9834,635.2,583.96,0.9819
image_147.png,standing,1,657.53,129.87,0.9825,668.92,120.51,0.9576,650.23,119.49,0.9177,688.12,130.87,0.8414,645.09,129.88,0.6028,705.56,196.04,0.9963,622.05,191.93,0.9937,717.01,248.83,0.9886,572.86,243.51,0.9718,713.42,187.0,0.978,577.17,184.06,0.956,688.34,350.43,0.9977,630.76,348.5,0.9967,699.64,475.35,0.995,638.28,467.9,0.9933,708.36,597.65,0.9683,641.01,586.27,0.9637
image_148.png,standing,1,659.35,128.2,0.9828,670.56,118.75,0.9564,651.46,117.7,0.9225,688.28,128.74,0.8312,644.52,127.71,0.6253,706.19,193.7,0.9961,620.27,189.7,0.9941,718.33,248.7,0.988,571.04,241.31,0.9738,713.38,188.87,0.977,577.72,178.82,0.9584,690.84,348.51,0.9976,631.77,347.0,0.9968,701.08,474.33,0.995,638.69,467.84,0.9935,707.92,596.68,0.9683,641.3,586.16,0.9647
image_149.png,standing,1,653.87,141.64,0.982,664.86,133.22,0.9578,645.73,132.3,0.9162,682.69,143.21,0.8741,639.35,141.87,0.6409,703.75,204.75,0.9982,619.08,202.31,0.9956,709.54,256.25,0.9932,570.78,256.56,0.9773,712.4,191.66,0.9835,575.56,193.22,0.9612,700.74,361.32,0.9993,643.34,359.83,0.9989,697.03,481.29,0.9977,622.38,471.53,0.9964,714.26,601.46,0.9826,628.32,585.27,0.9779
image_15.png,standing,1,691.54,117.42,0.9486,706.26,103.86,0.9598,685.37,105.21,0.7305,738.7,109.41,0.9425,692.95,112.67,0.3041,739.81,183.73,0.9949,703.4,185.06,0.9394,685.63,282.6,0.9792,689.13,265.0,0.6055,673.84,347.27,0.9372,666.28,262.63,0.5542,727.83,362.84,0.9952,699.57,361.8,0.9834,731.38,505.49,0.9928,697.5,492.6,0.9769,762.04,636.8,0.9708,714.02,608.92,0.9427
image_150.png,standing,1,646.13,196.5,0.9815,657.97,188.07,0.955,638.93,186.86,0.9203,679.15,196.23,0.8647,633.86,193.53,0.6514,702.57,250.42,0.9976,618.14,249.05,0.9964,706.25,306.69,0.9905,571.96,313.94,0.9825,708.47,241.42,0.9779,578.51,246.94,0.9661,711.73,384.91,0.9991,652.79,382.47,0.9989,692.9,486.63,0.9979,608.93,470.98,0.9974,714.71,605.5,0.9881,626.44,579.73,0.9871
image_150.png,standing,1,646.13,196.5,0.9815,657.97,188.07,0.955,638.93,186.86,0.9203,679.15,196.23,0.8647,633.86,193.53,0.6514,702.57,250.42,0.9976,618.14,249.05,0.9964,706.25,306.69,0.9905,571.96,313.94,0.9825,708.47,241.42,0.9779,578.51,246.94,0.9661,711.73,384.91,0.9991,652.79,382.47,0.9989,692.9,486.63,0.9979,608.93,470.98,0.9974,714.71,605.5,0.9881,626.44,579.73,0.9871
image_151.png,standing,1,646.22,135.26,0.9786,658.03,125.65,0.9629,637.73,126.07,0.8998,681.52,133.44,0.9044,634.11,134.73,0.5946,698.63,201.52,0.9976,630.91,204.39,0.9917,704.81,290.91,0.988,621.53,292.57,0.9387,681.63,358.3,0.9659,591.9,353.67,0.8941,687.73,364.21,0.998,644.69,364.3,0.9964,686.36,484.46,0.9914,647.01,482.06,0.9852,697.31,602.04,0.949,665.83,599.97,0.9312
image_152.png,standing,1,639.67,138.65,0.9773,651.96,128.41,0.9597,630.57,129.57,0.891,677.18,134.85,0.9015,626.84,138.06,0.5871,693.66,200.59,0.9974,627.93,207.87,0.9919,699.46,283.32,0.9892,618.49,293.3,0.9499,683.81,355.7,0.9755,589.37,357.75,0.9262,684.26,361.0,0.9983,642.5,363.07,0.9971,684.72,479.2,0.9959,653.51,477.61,0.9933,699.86,595.15,0.9772,676.27,590.83,0.9704
image_153.png,standing,1,630.58,155.76,0.9739,639.77,142.55,0.9655,622.0,146.58,0.8481,668.53,138.37,0.9249,624.68,148.93,0.4389,694.83,198.15,0.998,630.6,208.55,0.9858,707.4,279.24,0.9917,620.26,289.63,0.8994,691.5,350.05,0.9757,597.16,351.35,0.8573,684.01,361.92,0.9984,643.98,364.66,0.9959,689.48,480.0,0.9939,656.77,479.43,0.9855,702.49,600.59,0.9643,667.6,594.43,0.9412
image_154.png,standing,1,618.43,163.66,0.9678,625.91,150.08,0.9555,610.09,154.95,0.807,654.74,139.47,0.917,616.35,152.57,0.4108,688.47,193.89,0.9981,625.78,206.74,0.9864,702.55,275.97,0.9928,618.74,290.79,0.9177,692.22,353.65,0.9805,595.76,354.84,0.8887,679.18,363.16,0.9989,640.19,365.86,0.9971,688.34,479.58,0.9968,656.38,473.21,0.9928,704.91,601.45,0.9827,668.0,583.93,0.9725
image_155.png,standing,1,619.43,148.58,0.9721,628.64,135.69,0.9608,610.95,139.49,0.8412,657.65,133.37,0.9208,615.02,143.38,0.4611,687.02,196.93,0.998,623.87,207.02,0.9875,700.32,280.15,0.9913,618.22,290.34,0.9172,689.95,358.76,0.9764,596.47,354.53,0.8834,679.58,363.66,0.9986,639.9,365.79,0.9968,688.1,480.64,0.9961,655.02,475.15,0.9916,704.13,600.8,0.9787,668.74,586.28,0.9676
image_156.png,standing,1,631.86,139.35,0.975,642.78,128.18,0.9585,623.13,130.68,0.8716,670.52,132.77,0.9075,623.72,139.37,0.5415,691.76,200.09,0.9976,628.72,207.12,0.9913,694.52,286.33,0.9901,616.35,290.46,0.9474,673.87,355.65,0.9772,589.27,347.62,0.9253,682.07,361.14,0.9987,641.32,362.81,0.9975,689.82,478.9,0.997,656.89,476.56,0.9949,703.48,595.87,0.9835,670.33,589.26,0.9784
image_157.png,standing,1,638.19,141.5,0.9719,650.04,130.57,0.9608,631.3,130.8,0.8347,678.77,136.09,0.9052,633.05,138.44,0.4106,695.41,202.66,0.9962,630.32,203.05,0.9847,685.49,283.5,0.9874,599.35,282.58,0.9066,642.05,280.35,0.9735,567.29,284.08,0.8852,682.14,358.7,0.9971,638.51,356.36,0.9938,688.85,480.83,0.9953,653.67,472.08,0.9906,697.84,597.3,0.9767,668.12,585.3,0.9664
image_158.png,standing,1,635.86,141.23,0.9778,647.17,129.36,0.9547,626.4,132.26,0.8937,675.96,134.78,0.888,627.94,142.62,0.5939,691.29,200.85,0.9974,632.36,205.0,0.9941,679.04,269.81,0.9894,604.23,277.5,0.9683,644.59,221.03,0.9756,563.96,240.01,0.9495,676.19,356.98,0.9987,635.52,356.62,0.9981,688.65,478.91,0.9972,656.83,472.18,0.9962,703.82,597.28,0.983,667.94,588.37,0.9807
image_159.png,standing,1,634.64,142.3,0.979,645.14,129.93,0.951,625.43,133.73,0.9068,674.02,133.07,0.8674,627.51,143.38,0.6188,694.45,197.18,0.9971,629.57,205.5,0.995,691.2,262.89,0.9877,599.75,281.29,0.9759,665.77,201.45,0.9737,572.12,232.86,0.9596,678.73,355.33,0.9986,634.82,356.56,0.9983,691.33,477.28,0.9971,657.8,472.09,0.9967,703.54,596.63,0.9825,667.2,588.61,0.982
image_16.png,standing,1,676.58,131.19,0.9688,690.1,117.88,0.9514,668.01,121.91,0.8803,719.11,119.54,0.8816,667.22,127.42,0.5561,732.68,187.81,0.9936,662.35,190.95,0.9839,690.17,286.68,0.9699,640.7,263.88,0.8991,662.6,337.4,0.934,661.19,243.94,0.8521,722.95,354.32,0.9946,675.68,356.33,0.9917,702.29,492.71,0.9894,681.35,486.92,0.9843,733.19,617.72,0.9512,727.51,597.55,0.9412
image_160.png,standing,1,636.32,141.67,0.9798,647.12,129.87,0.9501,627.26,133.16,0.9158,674.9,133.83,0.859,628.24,142.89,0.6503,694.39,196.54,0.9969,629.11,206.21,0.9956,692.43,259.54,0.9863,601.69,282.18,0.9787,668.92,201.63,0.9713,574.21,232.64,0.9628,680.49,355.18,0.9986,636.26,357.1,0.9984,692.45,476.32,0.997,657.17,472.14,0.9969,702.8,595.41,0.9823,667.81,589.3,0.9827
image_161.png,standing,1,600.85,98.75,0.9869,610.21,88.02,0.9547,589.04,91.55,0.962,627.7,94.96,0.7964,575.8,104.06,0.8067,655.27,160.05,0.9963,562.65,171.52,0.9976,684.24,239.18,0.9831,538.86,251.92,0.9905,683.75,313.88,0.969,530.51,323.0,0.9795,645.96,316.51,0.9991,580.38,321.05,0.9993,667.6,428.89,0.9975,560.44,435.85,0.9981,689.48,533.68,0.9867,545.82,542.08,0.9893
image_162.png,standing,1,595.3,97.42,0.9864,603.64,86.2,0.9495,582.84,90.83,0.962,620.33,92.96,0.7735,569.34,104.55,0.816,651.03,158.24,0.9962,558.32,172.18,0.9978,687.71,235.08,0.9826,536.65,253.35,0.9914,692.88,305.16,0.9685,532.38,325.04,0.9814,644.53,315.16,0.9992,579.18,321.02,0.9994,665.26,426.19,0.9978,560.3,435.81,0.9984,688.45,532.29,0.9886,544.59,543.1,0.9911
image_163.png,standing,1,607.22,96.39,0.9849,616.19,85.77,0.948,595.22,88.32,0.959,629.2,95.04,0.7506,578.57,101.98,0.8099,655.09,159.43,0.9936,558.94,167.56,0.9965,680.46,237.12,0.973,548.36,242.15,0.9861,675.99,296.44,0.9595,591.13,285.24,0.9743,648.69,309.16,0.9977,577.59,313.53,0.9982,668.62,423.13,0.9945,559.78,431.67,0.9959,684.54,532.5,0.9735,543.56,541.68,0.9786
image_164.png,standing,1,616.14,95.71,0.9833,626.03,85.52,0.9438,605.02,87.17,0.957,640.21,96.05,0.743,590.34,100.99,0.7998,663.18,160.68,0.9918,568.59,164.12,0.9959,677.35,235.0,0.9651,558.58,234.78,0.9844,658.23,241.22,0.9493,618.88,245.54,0.97,652.2,309.02,0.9969,580.53,311.3,0.9976,670.11,424.84,0.9933,563.26,430.76,0.9951,683.11,534.63,0.9684,547.8,543.61,0.975
image_165.png,standing,1,617.78,99.23,0.983,628.47,89.47,0.9491,607.57,90.08,0.9504,643.31,100.02,0.7791,593.28,102.42,0.7609,665.97,164.56,0.9935,568.82,164.59,0.9952,681.41,239.9,0.9741,554.33,235.92,0.9803,650.8,236.58,0.9594,608.29,248.07,0.9645,650.91,312.47,0.9974,577.96,312.72,0.9976,668.47,429.12,0.9942,560.36,432.9,0.9949,683.0,535.94,0.9714,549.41,544.29,0.9743
image_166.png,standing,1,615.34,102.08,0.9832,626.3,92.17,0.952,605.14,92.77,0.947,641.94,102.44,0.7988,591.08,104.88,0.7406,665.26,167.35,0.9945,566.91,167.06,0.9951,681.41,245.51,0.9788,552.6,239.78,0.9794,646.44,240.67,0.9659,605.8,250.98,0.9642,649.51,315.59,0.9977,575.78,315.65,0.9977,667.95,431.04,0.9948,559.06,435.18,0.9949,683.13,537.94,0.973,549.57,547.14,0.9742
image_167.png,standing,1,612.45,104.08,0.9831,623.05,94.09,0.9509,602.14,94.79,0.9474,638.16,104.46,0.7945,588.28,107.14,0.748,662.76,170.49,0.9945,565.05,170.26,0.9953,680.18,250.28,0.9783,550.93,244.24,0.9801,646.73,243.93,0.9647,601.52,252.36,0.9648,649.67,319.81,0.9979,576.53,319.88,0.9978,668.14,435.37,0.9952,559.6,438.98,0.9954,683.61,542.05,0.9754,549.56,550.27,0.977
image_168.png,standing,1,614.23,109.99,0.9832,624.59,99.76,0.9489,604.02,100.19,0.9506,638.45,107.25,0.7773,589.01,109.47,0.764,662.72,169.09,0.9941,565.11,170.78,0.9954,681.11,244.79,0.9761,552.63,244.4,0.9811,644.9,240.22,0.9614,600.15,251.77,0.9657,650.33,319.21,0.9978,577.25,319.78,0.9979,670.0,436.04,0.9953,560.59,439.57,0.9958,683.3,542.79,0.9769,550.1,550.88,0.9791
image_169.png,standing,1,616.43,117.72,0.983,626.8,106.58,0.9496,605.91,107.57,0.9493,640.93,109.39,0.7745,590.03,113.26,0.7494,665.56,164.61,0.9941,565.21,171.44,0.9951,684.06,233.43,0.977,551.7,243.09,0.9795,644.47,224.97,0.9625,596.39,236.99,0.9636,650.01,315.42,0.9979,575.41,317.78,0.9979,669.01,431.9,0.9957,558.36,437.56,0.9959,680.2,539.9,0.9792,549.48,549.28,0.9806
image_17.png,standing,1,650.85,149.08,0.9768,660.86,134.76,0.9641,641.28,139.26,0.8487,693.68,123.52,0.9184,644.95,135.0,0.4569,724.84,183.8,0.9977,654.01,191.92,0.9902,742.37,286.14,0.9915,639.01,288.17,0.9399,734.96,363.9,0.9823,606.66,350.16,0.9245,713.28,360.11,0.998,672.29,361.02,0.9959,696.18,498.55,0.9944,685.41,493.6,0.9894,712.52,630.19,0.9604,713.76,616.11,0.9448
image_170.png,standing,1,614.45,119.96,0.983,624.35,108.73,0.9505,604.0,109.78,0.9471,637.78,110.43,0.7806,588.08,114.43,0.7396,664.63,164.62,0.9946,562.67,170.91,0.995,685.57,233.86,0.9797,547.13,238.9,0.9791,644.24,230.16,0.9665,593.06,231.89,0.9638,650.89,316.01,0.998,575.69,318.29,0.9979,669.06,432.04,0.9958,558.45,437.67,0.9958,680.19,541.01,0.9794,549.73,549.15,0.9801
image_171.png,standing,1,570.11,180.01,0.8929,576.42,168.39,0.9338,566.96,170.75,0.4068,605.16,157.89,0.9426,585.71,163.11,0.1172,637.86,205.62,0.9971,609.21,207.15,0.8829,640.97,293.03,0.9938,613.96,291.38,0.5292,608.74,368.26,0.979,592.05,351.29,0.5641,642.23,366.44,0.9975,620.82,363.11,0.9851,637.46,499.62,0.9961,613.96,485.31,0.9795,664.67,627.5,0.9818,619.11,595.96,0.9514
image_172.png,standing,1,560.99,187.04,0.915,566.43,175.26,0.9588,555.68,178.36,0.4556,596.0,161.32,0.964,574.34,169.01,0.1354,630.46,204.97,0.9978,602.84,206.68,0.8832,646.22,290.71,0.9939,616.07,287.83,0.4261,618.15,364.31,0.9779,603.2,353.15,0.4616,637.18,367.77,0.9979,618.44,364.83,0.9848,630.29,498.21,0.997,608.25,485.3,0.9804,661.72,628.5,0.9873,620.74,596.69,0.9613
image_173.png,standing,1,560.75,186.51,0.9247,565.85,174.82,0.9538,555.96,177.81,0.4869,596.02,160.18,0.9574,575.85,167.57,0.1635,631.33,204.3,0.9979,603.55,205.71,0.9272,652.2,293.85,0.9946,614.94,289.88,0.6028,634.96,370.93,0.9825,598.51,355.24,0.6268,637.65,369.45,0.998,620.03,367.1,0.9883,633.93,498.6,0.9961,617.2,488.93,0.9802,656.08,627.58,0.9798,623.83,602.34,0.9476
image_174.png,standing,1,560.3,190.09,0.911,565.32,178.39,0.9577,555.06,181.36,0.441,595.87,163.59,0.9627,574.79,171.3,0.1266,631.07,205.81,0.9973,606.06,207.17,0.8692,642.23,290.69,0.9928,619.17,287.61,0.3999,619.18,370.34,0.975,609.89,356.09,0.4424,642.74,367.28,0.9972,625.89,364.05,0.9806,634.38,495.64,0.9961,616.81,480.69,0.9758,658.09,628.35,0.9845,623.43,592.75,0.9539
image_175.png,standing,1,571.01,182.75,0.9069,575.99,170.4,0.9518,565.44,174.03,0.447,605.47,157.09,0.9573,584.75,166.15,0.1456,635.35,203.41,0.9971,612.92,206.34,0.8837,639.2,292.4,0.992,620.05,293.23,0.4347,616.68,371.71,0.9725,605.44,363.67,0.4658,639.5,367.65,0.9971,624.54,365.68,0.9815,632.65,499.23,0.9957,618.8,487.81,0.9754,658.23,630.25,0.9821,624.32,599.51,0.9495
image_176.png,standing,1,586.22,163.04,0.9341,596.15,151.4,0.9656,581.9,152.96,0.5543,628.15,149.08,0.9618,596.32,152.4,0.1481,649.67,207.19,0.9972,617.0,209.09,0.8713,635.23,289.59,0.9922,617.76,292.34,0.4084,596.51,367.73,0.9728,592.37,356.68,0.4478,641.71,369.39,0.9957,617.74,365.57,0.9723,632.8,502.15,0.9935,611.65,486.5,0.9621,656.96,630.66,0.9713,620.93,597.45,0.9191
image_177.png,standing,1,584.35,169.23,0.9484,593.76,157.29,0.9622,578.69,158.87,0.6419,624.29,152.44,0.9497,589.95,156.34,0.2075,648.92,211.09,0.9977,607.59,210.94,0.9329,648.4,300.16,0.9934,609.73,297.11,0.6381,623.84,376.0,0.9798,588.62,365.02,0.6567,639.32,374.29,0.997,611.03,370.33,0.9852,640.0,504.55,0.9947,618.83,487.83,0.9762,659.03,631.91,0.9732,626.54,599.03,0.9361
image_178.png,standing,1,567.44,196.55,0.9479,572.04,183.58,0.9589,558.46,188.05,0.6383,601.12,165.61,0.9485,572.15,177.61,0.2593,637.48,209.82,0.9979,601.41,212.64,0.9599,654.74,302.97,0.9934,609.91,297.27,0.751,645.24,383.58,0.9805,592.8,365.75,0.7462,644.99,372.19,0.9982,622.39,370.45,0.9923,644.8,503.43,0.9964,628.11,491.33,0.9866,659.08,631.08,0.9817,628.26,601.23,0.9613
image_179.png,standing,1,579.69,179.18,0.9326,586.36,166.41,0.9624,571.94,169.79,0.5744,615.74,155.25,0.9569,585.39,164.01,0.1976,640.95,206.4,0.997,610.19,208.09,0.9024,646.17,297.42,0.9904,616.96,294.54,0.4616,623.61,373.51,0.9684,596.64,363.97,0.4821,634.92,371.4,0.9964,615.07,368.99,0.979,634.37,497.02,0.9945,618.68,485.06,0.9715,656.65,627.28,0.978,626.97,597.78,0.9416
image_18.png,standing,1,627.05,163.38,0.9604,636.37,148.36,0.968,617.43,152.28,0.7148,668.34,133.1,0.9466,623.35,142.77,0.2163,711.87,191.2,0.998,643.19,192.32,0.9436,748.72,296.5,0.9929,657.89,285.1,0.6624,767.96,385.29,0.9755,653.15,355.38,0.6365,713.47,380.59,0.9974,671.39,377.25,0.9877,690.54,515.29,0.9926,667.66,497.04,0.9679,715.41,635.55,0.9606,698.63,599.29,0.9073
image_180.png,standing,1,589.28,163.06,0.9398,598.43,150.03,0.9654,581.3,152.94,0.6359,628.56,147.62,0.9556,591.09,154.57,0.2328,643.11,207.5,0.9967,612.6,209.82,0.9072,639.44,292.92,0.9874,616.87,293.68,0.4357,619.71,372.47,0.955,592.91,367.31,0.4236,634.38,370.05,0.9957,614.51,369.06,0.9766,632.39,497.65,0.9916,617.36,490.78,0.9591,657.48,629.2,0.9667,631.5,609.15,0.9142
image_181.png,standing,1,525.24,182.06,0.9471,531.29,168.63,0.9489,519.05,173.2,0.6321,561.77,157.78,0.9374,532.1,169.84,0.2237,603.32,208.09,0.9985,548.41,216.97,0.9705,631.24,289.88,0.996,550.24,297.89,0.8399,631.28,370.68,0.9859,529.69,360.59,0.8055,599.03,375.89,0.9992,561.96,375.35,0.9966,610.41,500.08,0.9973,560.28,486.31,0.9901,635.05,621.9,0.9835,562.61,591.37,0.9642
image_182.png,standing,1,539.32,173.96,0.9551,546.15,161.1,0.9518,535.49,164.5,0.6557,579.32,153.28,0.9378,551.56,161.94,0.2742,611.4,206.14,0.9984,563.7,212.44,0.9827,614.65,295.37,0.9954,551.44,301.83,0.8929,584.18,365.49,0.9866,519.11,358.98,0.8703,607.03,367.14,0.9991,573.67,365.78,0.9971,613.01,492.23,0.9973,562.99,482.56,0.992,636.99,619.55,0.9824,565.87,598.14,0.9677
image_183.png,standing,1,550.31,154.63,0.9643,560.96,143.75,0.9641,546.37,144.44,0.7291,593.1,147.99,0.9481,556.41,149.4,0.3255,614.3,212.37,0.9986,560.09,212.71,0.9817,624.4,299.21,0.9952,552.9,299.41,0.8562,598.1,370.96,0.9844,521.33,366.52,0.8192,596.71,372.76,0.999,559.91,369.83,0.9962,607.0,497.45,0.9968,555.93,488.25,0.9891,634.87,616.76,0.9795,573.75,600.68,0.9585
image_184.png,standing,1,553.58,156.99,0.9668,563.93,145.64,0.9616,548.62,146.92,0.7709,596.05,148.68,0.9362,557.18,151.84,0.3724,622.3,212.79,0.9981,560.11,214.02,0.9842,637.17,299.1,0.9932,552.69,299.24,0.8855,617.55,374.71,0.9799,525.74,368.03,0.846,605.46,376.14,0.9986,563.54,373.15,0.9959,616.72,501.66,0.9953,560.84,490.71,0.9874,639.44,619.92,0.9705,574.08,601.11,0.9489
image_185.png,standing,1,549.63,165.49,0.9607,558.59,152.83,0.9598,544.24,155.51,0.7395,591.68,149.42,0.9348,554.66,156.37,0.3191,624.0,208.45,0.9975,562.1,212.05,0.9754,640.92,294.27,0.9912,558.22,295.53,0.8352,618.18,368.31,0.9751,539.61,365.36,0.7964,609.31,375.02,0.9981,567.12,372.62,0.994,621.32,500.63,0.9942,564.35,490.7,0.9837,642.22,620.17,0.9679,570.15,601.25,0.9427
image_186.png,standing,1,541.22,168.1,0.9582,549.2,155.52,0.9593,535.37,158.73,0.7086,580.23,149.74,0.9409,545.94,158.52,0.2615,617.86,206.5,0.9984,557.38,214.91,0.9715,640.18,288.69,0.9949,558.44,298.7,0.8292,626.7,366.77,0.983,542.39,368.76,0.7909,609.85,378.85,0.9989,569.14,378.65,0.9958,622.67,501.66,0.9964,568.3,493.01,0.9875,640.28,620.41,0.9786,567.53,601.16,0.9552
image_187.png,standing,1,540.75,169.83,0.9561,548.53,157.53,0.9584,535.34,160.37,0.694,579.52,151.39,0.9413,546.61,159.26,0.2515,616.24,207.27,0.9984,558.15,212.91,0.97,635.33,292.32,0.995,557.95,296.91,0.8216,618.72,369.6,0.9829,542.3,365.44,0.7831,608.0,374.77,0.9989,568.45,373.15,0.9957,620.33,499.99,0.9966,566.53,488.7,0.9877,638.72,621.44,0.9796,565.21,598.63,0.9567
image_188.png,standing,1,539.76,175.02,0.9547,546.98,161.89,0.9533,534.24,165.36,0.6928,579.79,154.1,0.9322,546.85,163.43,0.2822,618.7,209.76,0.9975,558.51,214.08,0.9751,633.91,298.23,0.9922,554.78,297.51,0.8508,605.42,369.09,0.9786,539.32,362.28,0.8222,613.2,374.8,0.9982,572.22,372.32,0.9945,621.4,500.73,0.9944,566.96,489.92,0.9845,638.76,619.94,0.9677,566.55,598.57,0.9431
image_189.png,standing,1,528.72,195.82,0.9651,535.37,183.71,0.9571,522.37,187.48,0.7422,566.33,174.94,0.9363,532.63,185.66,0.3092,611.38,223.98,0.9986,545.44,233.07,0.9885,596.39,301.64,0.9961,511.23,308.63,0.9399,543.71,364.68,0.9884,473.97,366.56,0.9189,629.41,380.23,0.9993,583.64,378.63,0.9982,618.58,506.66,0.9979,564.46,488.32,0.9946,633.85,626.38,0.9851,561.65,590.34,0.9755
image_19.png,standing,1,603.79,206.01,0.9765,612.2,192.05,0.9597,590.56,195.92,0.8646,643.41,168.36,0.8903,586.02,180.36,0.4174,698.4,211.67,0.9974,602.48,214.18,0.9899,729.18,328.43,0.9913,598.91,309.72,0.9585,697.21,421.09,0.9831,592.57,397.88,0.9474,721.75,370.73,0.9988,659.63,368.28,0.9978,708.94,509.59,0.997,650.63,498.68,0.9951,712.82,647.28,0.9816,658.31,629.47,0.9769
image_190.png,standing,1,518.41,246.05,0.9669,525.49,233.8,0.9634,510.92,238.58,0.7506,555.46,224.39,0.9447,518.74,236.04,0.2998,599.79,266.25,0.9986,537.94,272.86,0.988,568.37,328.6,0.9963,498.53,320.85,0.9361,490.51,357.75,0.9885,453.67,340.57,0.9165,641.05,411.39,0.9993,594.71,409.61,0.9981,607.51,508.53,0.998,549.26,494.27,0.9949,639.26,626.42,0.9881,562.64,597.93,0.9799
image_203.png,standing,1,625.57,184.04,0.9682,630.7,170.99,0.9503,616.05,176.53,0.7995,655.28,162.44,0.9125,620.77,176.53,0.4191,697.82,212.78,0.9987,643.39,224.18,0.9899,733.43,291.81,0.9957,649.96,301.47,0.9499,743.32,364.83,0.9879,642.43,356.85,0.9312,712.89,361.36,0.9994,676.5,363.24,0.9984,712.18,471.56,0.9985,678.8,460.99,0.9967,729.01,585.02,0.9914,683.06,556.82,0.9866
image_204.png,standing,1,640.65,171.75,0.9648,648.46,159.69,0.9519,633.34,163.71,0.7677,676.37,153.46,0.9151,639.22,163.57,0.3259,711.48,207.22,0.9983,652.39,214.48,0.9834,737.18,289.68,0.9953,647.93,293.94,0.9245,739.65,359.84,0.9885,637.05,354.24,0.9142,709.01,357.38,0.999,670.2,357.79,0.9972,709.72,469.47,0.9979,675.68,461.33,0.9946,728.93,581.51,0.9885,682.22,560.77,0.9805
image_205.png,standing,1,665.58,159.65,0.9674,673.53,147.4,0.9582,657.94,151.03,0.7857,700.5,144.77,0.9333,664.11,154.15,0.3872,729.62,205.14,0.9988,673.58,208.63,0.9865,742.25,288.4,0.9954,665.14,285.06,0.9117,737.55,362.92,0.9846,647.03,346.97,0.874,714.0,358.51,0.9993,677.22,356.29,0.9978,714.45,470.55,0.998,677.78,457.93,0.9944,730.13,581.07,0.9887,680.56,555.65,0.9794
image_206.png,standing,1,676.14,146.62,0.9734,687.63,136.95,0.9639,669.44,136.74,0.8421,714.68,141.76,0.9272,671.28,141.79,0.4494,732.1,206.52,0.9983,674.13,204.24,0.9863,736.59,291.26,0.9934,664.33,284.56,0.912,732.17,360.41,0.9814,645.69,346.95,0.8819,714.53,356.58,0.9989,675.86,353.05,0.997,721.58,469.76,0.9975,681.26,457.48,0.994,728.93,580.58,0.9872,682.72,561.15,0.9787
image_207.png,standing,1,680.76,146.19,0.9738,692.47,137.06,0.9631,674.17,136.45,0.8511,718.49,142.88,0.9228,674.94,141.91,0.4718,733.47,206.94,0.9981,675.55,203.88,0.9868,734.31,289.52,0.993,664.69,281.85,0.9167,724.67,358.24,0.9807,646.89,344.81,0.8874,714.03,355.28,0.9988,675.05,351.57,0.9968,721.54,469.48,0.9972,680.94,457.94,0.9934,727.91,580.06,0.9851,681.79,562.62,0.9758
image_208.png,standing,1,675.13,145.57,0.9727,686.56,136.3,0.9617,668.57,135.67,0.8485,712.78,141.94,0.9205,670.07,140.95,0.4719,729.63,206.81,0.998,672.46,203.92,0.9863,731.51,291.92,0.9922,663.71,284.94,0.9149,721.93,359.62,0.9787,646.99,347.85,0.8843,714.47,356.02,0.9986,675.87,352.57,0.9966,724.3,470.53,0.9969,683.23,459.35,0.993,728.42,580.21,0.9839,681.45,563.57,0.9745
image_209.png,standing,1,654.39,155.17,0.9724,664.77,145.3,0.9624,647.39,146.4,0.838,691.67,150.01,0.9265,650.05,152.6,0.4473,716.71,211.63,0.9982,661.01,214.1,0.9869,726.64,293.7,0.9932,659.26,293.48,0.921,716.89,365.63,0.9811,648.58,354.84,0.8923,719.74,355.41,0.9988,681.55,354.34,0.997,717.37,469.05,0.9972,676.84,460.86,0.9937,730.13,580.04,0.9852,683.31,563.78,0.9764
image_210.png,standing,1,627.27,190.3,0.964,634.99,179.66,0.9511,620.62,181.2,0.7805,661.92,176.01,0.9166,626.05,179.5,0.3789,699.08,228.18,0.9982,648.43,229.35,0.9872,719.37,314.91,0.9941,652.51,311.08,0.9352,714.66,387.01,0.9835,650.51,375.23,0.9114,733.46,360.14,0.999,698.3,358.74,0.9977,718.41,469.13,0.9979,679.36,458.74,0.9953,730.89,581.96,0.9886,686.08,561.27,0.9825
image_241.png,standing,1,625.39,199.91,0.98,636.53,190.6,0.9562,615.84,190.25,0.9244,652.69,201.28,0.8447,601.26,201.1,0.6521,681.43,265.34,0.9967,578.47,270.44,0.9907,701.17,343.8,0.9874,564.1,343.57,0.9535,643.86,372.33,0.9723,583.52,326.71,0.9314,662.68,421.2,0.9979,591.58,421.1,0.9965,673.17,552.86,0.9947,589.43,545.06,0.9918,678.27,676.94,0.9687,602.31,657.75,0.9603
image_242.png,standing,1,632.79,199.28,0.98,644.42,191.86,0.9568,624.87,189.33,0.9203,657.19,203.94,0.8646,609.74,198.92,0.6752,678.91,266.08,0.9978,575.37,266.35,0.9937,694.46,340.38,0.9912,555.59,337.69,0.9611,635.57,350.65,0.9806,592.4,314.4,0.9423,657.29,417.78,0.999,587.61,416.72,0.9981,664.67,547.11,0.9965,582.08,541.34,0.9939,671.1,672.88,0.976,603.08,662.45,0.9667
image_243.png,standing,1,636.32,200.67,0.9821,647.03,191.93,0.9525,627.55,190.85,0.9327,659.85,203.35,0.8296,612.11,200.6,0.7269,682.83,266.96,0.9978,577.03,265.83,0.9943,696.81,342.03,0.991,544.87,332.91,0.9689,636.64,350.81,0.9789,573.26,305.91,0.9515,656.4,419.53,0.9988,584.33,418.62,0.9981,669.25,547.02,0.9966,586.79,541.85,0.9949,677.66,673.4,0.9769,602.28,659.78,0.9706
image_244.png,standing,1,630.41,197.95,0.9819,641.29,189.52,0.9557,621.62,188.79,0.9257,655.01,202.26,0.854,607.39,200.88,0.6923,682.13,265.88,0.998,575.77,269.32,0.9939,699.08,339.51,0.9922,547.91,332.1,0.967,635.96,353.71,0.9812,565.35,288.7,0.9492,658.25,420.37,0.9989,586.03,420.78,0.998,670.78,547.65,0.9966,587.32,543.51,0.9943,677.06,673.72,0.975,604.0,660.37,0.9668
image_245.png,standing,1,627.54,196.31,0.9818,637.61,188.38,0.9595,617.9,187.51,0.9251,649.84,201.11,0.8639,602.0,200.49,0.6813,678.73,264.4,0.9979,569.6,266.78,0.9942,702.46,337.67,0.9915,531.43,329.27,0.9648,645.04,354.4,0.982,556.91,303.08,0.9501,664.41,412.52,0.999,592.87,413.25,0.9982,670.4,542.32,0.9966,589.03,542.63,0.9942,670.94,672.22,0.9749,600.83,667.85,0.9659
image_246.png,standing,1,626.55,195.26,0.9831,637.24,187.17,0.9549,616.55,186.99,0.9312,652.51,202.23,0.8483,602.72,202.88,0.6994,680.88,267.1,0.9981,579.14,272.21,0.995,702.9,332.64,0.9922,551.66,341.88,0.9744,647.49,304.5,0.9814,555.31,295.4,0.9584,662.65,419.3,0.999,592.88,419.03,0.9984,671.74,547.85,0.9971,590.23,541.59,0.9956,678.07,674.05,0.9779,601.84,661.07,0.9725
image_247.png,standing,1,630.04,197.39,0.9815,642.23,190.28,0.9564,621.23,188.22,0.9158,659.19,205.16,0.8679,609.83,201.19,0.6497,679.1,266.6,0.9983,582.94,266.5,0.9943,684.22,325.15,0.9938,551.59,336.41,0.9692,638.4,263.04,0.9841,558.92,274.28,0.9523,658.99,419.31,0.9992,592.0,417.4,0.9985,668.51,551.72,0.9969,586.16,542.76,0.9947,675.0,677.83,0.9741,594.91,665.54,0.9642
image_248.png,standing,1,638.03,194.45,0.9812,650.14,187.76,0.9509,629.52,185.38,0.9239,665.11,203.53,0.8422,617.35,198.58,0.6992,680.28,264.28,0.9979,585.36,264.79,0.995,675.8,315.69,0.9921,548.67,329.23,0.9735,634.32,255.76,0.9803,556.08,258.3,0.9563,657.87,418.99,0.999,591.69,417.79,0.9985,667.61,551.46,0.9963,584.91,541.7,0.9944,674.02,678.34,0.9699,594.83,663.46,0.9619
image_249.png,standing,1,641.34,193.87,0.9811,654.41,186.4,0.9585,634.17,184.56,0.914,675.04,200.3,0.8699,626.77,197.63,0.619,689.49,260.75,0.9975,598.44,265.02,0.9947,676.54,309.7,0.9914,558.1,330.56,0.9716,640.5,254.7,0.9816,567.72,266.72,0.9557,666.63,419.57,0.999,602.89,418.81,0.9985,671.63,550.99,0.9968,589.55,540.96,0.9951,675.46,676.19,0.9762,597.59,661.9,0.9698
image_250.png,standing,1,629.97,198.02,0.9745,642.1,189.3,0.9496,625.0,188.45,0.8623,667.53,199.74,0.8742,624.5,199.44,0.4883,685.74,259.67,0.9976,599.15,263.97,0.9931,665.76,306.99,0.9931,554.26,326.09,0.9666,632.74,249.1,0.9848,564.37,259.93,0.951,662.89,421.99,0.9991,601.88,420.53,0.9984,669.44,554.12,0.997,590.62,540.35,0.9948,677.86,679.8,0.9764,595.95,657.98,0.9676
image_257.png,standing,1,574.05,256.21,0.9758,584.86,245.65,0.9662,563.48,245.76,0.8617,610.17,232.64,0.9113,556.16,234.2,0.4218,638.4,280.04,0.998,556.37,264.54,0.9845,649.94,375.19,0.9935,545.56,313.09,0.918,609.42,438.86,0.9848,533.29,353.08,0.903,625.39,431.9,0.9989,570.9,422.78,0.9971,627.75,552.82,0.9977,572.34,535.47,0.9943,640.88,671.98,0.9878,584.33,648.8,0.9797
image_258.png,standing,1,591.0,198.83,0.9727,605.06,191.12,0.9635,583.35,188.0,0.8471,626.3,202.02,0.9226,575.17,195.14,0.4598,637.36,266.75,0.9982,566.36,258.53,0.9843,644.57,348.64,0.9943,563.05,328.98,0.8987,580.19,372.85,0.9848,541.46,352.52,0.8771,612.72,419.22,0.9989,563.28,413.24,0.9968,622.91,548.36,0.9976,569.93,539.54,0.9933,638.1,667.94,0.9852,589.95,660.98,0.9727
image_259.png,standing,1,591.0,194.51,0.9791,603.25,187.17,0.9566,581.9,185.25,0.9118,618.22,200.24,0.8742,567.21,197.44,0.6437,637.64,264.28,0.9976,546.53,266.62,0.9932,657.5,338.3,0.9901,537.59,343.25,0.9553,582.51,328.76,0.9791,523.15,340.66,0.935,615.82,418.4,0.9987,555.12,416.31,0.9977,623.4,548.63,0.9963,563.22,542.98,0.9936,631.74,667.81,0.9752,592.1,665.8,0.9667
image_260.png,standing,1,603.93,197.31,0.981,617.04,190.24,0.9572,595.68,187.48,0.921,632.44,203.92,0.8637,581.62,198.45,0.6661,645.57,270.12,0.9977,555.58,263.58,0.9944,658.54,343.21,0.9904,532.83,329.72,0.9645,594.98,313.03,0.9802,517.21,311.69,0.9468,615.19,423.79,0.9989,555.26,418.81,0.9981,622.42,551.03,0.9967,563.94,542.94,0.9948,634.15,667.44,0.9777,592.84,664.8,0.9712
image_263.png,standing,1,580.13,227.66,0.9772,593.07,218.49,0.9685,572.61,216.94,0.845,619.93,223.49,0.9425,568.89,220.65,0.4326,651.46,284.65,0.9988,570.58,277.72,0.9917,662.24,370.37,0.996,561.97,351.26,0.9478,591.92,397.74,0.9899,545.39,395.69,0.9305,655.87,430.36,0.9994,600.28,422.08,0.9984,638.72,553.29,0.9984,576.08,532.22,0.9961,661.44,672.2,0.9897,606.07,644.35,0.983
image_264.png,standing,1,615.59,197.13,0.9738,628.43,188.73,0.9688,608.71,187.27,0.833,651.12,197.84,0.9366,603.28,196.04,0.3879,669.34,262.55,0.9987,585.26,258.39,0.9841,664.87,331.94,0.9957,555.35,320.57,0.8831,597.14,311.44,0.9879,554.39,307.75,0.8637,642.98,419.81,0.9993,587.26,415.09,0.9974,642.4,548.02,0.9981,592.26,537.24,0.9935,657.03,670.03,0.9875,616.31,656.13,0.9737
image_265.png,standing,1,629.55,192.08,0.977,643.22,185.94,0.9654,622.81,181.96,0.8686,661.82,199.78,0.9158,613.5,191.52,0.4896,667.88,265.77,0.9986,587.25,251.76,0.9894,651.02,331.17,0.9955,547.58,307.05,0.9258,594.3,293.93,0.9879,546.22,288.24,0.9057,639.15,419.04,0.9993,584.78,411.7,0.9981,640.56,547.88,0.9982,589.72,533.61,0.9948,655.2,668.94,0.9874,612.99,653.67,0.9761
image_266.png,standing,1,631.05,186.75,0.9791,646.85,181.39,0.9596,624.24,175.84,0.9003,665.99,198.04,0.8901,613.67,186.12,0.6004,664.88,260.42,0.9981,589.21,254.15,0.9938,633.61,313.33,0.9932,564.1,324.12,0.9598,594.11,261.28,0.9824,553.05,289.0,0.9365,645.26,423.68,0.9993,591.51,418.25,0.9986,644.12,555.18,0.998,581.6,535.22,0.9961,656.61,673.59,0.9865,607.83,651.61,0.9803
image_267.png,standing,1,622.3,193.03,0.9806,636.56,186.9,0.9531,615.6,182.82,0.9182,654.38,202.77,0.8599,605.98,193.99,0.668,653.91,266.38,0.9975,583.28,261.64,0.9955,632.73,321.76,0.9911,551.9,334.16,0.9748,600.75,261.63,0.979,542.6,291.47,0.9561,638.1,419.99,0.999,587.51,416.19,0.9985,638.99,548.2,0.9976,583.77,532.17,0.9965,657.61,668.69,0.9845,612.23,649.56,0.9811
image_268.png,standing,1,622.13,191.49,0.977,637.39,185.25,0.9554,616.61,180.66,0.8886,660.24,201.39,0.8625,610.02,191.97,0.5493,659.24,260.2,0.9961,588.96,257.82,0.991,626.22,305.65,0.9873,560.31,323.1,0.948,596.67,255.16,0.9738,554.23,290.17,0.926,646.63,417.22,0.9979,595.46,414.47,0.9964,652.99,549.88,0.9941,597.17,536.01,0.9901,658.8,665.65,0.9611,614.79,651.46,0.9492
image_269.png,standing,1,618.88,192.39,0.9673,632.12,184.76,0.9481,617.58,182.27,0.7933,662.41,195.74,0.9012,623.45,191.07,0.38,669.2,257.4,0.9981,605.54,258.05,0.9902,633.17,307.17,0.9945,569.06,331.03,0.9422,599.65,252.41,0.9859,557.85,290.16,0.9213,642.72,421.31,0.9993,597.73,417.32,0.9984,645.91,554.13,0.9982,597.25,535.51,0.9958,658.53,675.12,0.987,613.74,650.77,0.9789
image_270.png,standing,1,621.74,193.68,0.9719,636.51,186.9,0.948,621.51,184.12,0.8301,669.06,199.27,0.888,627.35,194.49,0.4302,670.73,252.01,0.9978,603.02,264.85,0.9927,615.38,259.85,0.9937,561.93,319.9,0.9595,594.15,202.65,0.9844,556.39,252.79,0.9398,644.22,424.36,0.9993,595.75,424.52,0.9986,648.83,558.26,0.9979,591.32,536.42,0.9958,656.44,680.94,0.9843,614.19,647.16,0.9772
image_281.png,standing,1,649.08,161.12,0.9866,657.11,153.05,0.8973,639.56,151.16,0.9788,662.8,159.41,0.4573,612.68,153.8,0.9322,669.37,218.88,0.9932,582.64,216.31,0.9987,694.94,295.87,0.9581,562.64,298.5,0.9954,710.22,357.11,0.9342,567.63,369.2,0.9881,661.22,366.81,0.9987,602.19,367.93,0.9994,672.58,479.91,0.9967,590.6,483.61,0.9986,672.71,587.96,0.9843,583.05,597.26,0.991
image_282.png,standing,1,639.06,152.52,0.987,646.22,143.82,0.9097,627.98,144.14,0.9791,653.96,152.22,0.5005,603.02,152.19,0.9283,668.75,216.14,0.9927,579.33,217.75,0.9985,691.81,296.72,0.9519,560.73,298.99,0.9946,692.14,367.67,0.9241,561.17,369.98,0.9859,662.26,367.04,0.9984,601.61,368.82,0.9993,669.58,481.28,0.9958,590.97,484.06,0.9982,669.73,591.47,0.9809,582.88,596.09,0.9891
image_283.png,standing,1,644.66,150.73,0.987,652.73,142.24,0.9294,633.39,142.58,0.9736,662.91,151.55,0.62,611.37,152.05,0.8974,679.17,216.81,0.9951,591.39,219.43,0.9982,707.13,294.91,0.9705,575.5,301.73,0.9925,719.21,362.0,0.9482,582.03,374.87,0.982,670.7,367.73,0.9988,611.88,369.68,0.9993,673.87,482.85,0.9967,598.63,486.78,0.9981,671.45,590.96,0.9835,586.86,596.94,0.9886
image_284.png,standing,1,648.59,150.29,0.9864,656.63,141.56,0.9273,637.16,142.31,0.9738,667.48,150.29,0.6151,615.97,151.9,0.8987,685.32,215.23,0.9941,596.03,218.28,0.9982,708.67,293.07,0.9638,577.38,299.36,0.9925,708.93,360.52,0.9388,579.41,373.85,0.9815,673.75,366.63,0.9986,613.93,367.78,0.9992,674.45,482.01,0.9962,598.66,483.64,0.998,671.24,591.69,0.9817,586.93,594.73,0.9879
image_285.png,standing,1,649.06,150.24,0.9863,656.92,141.42,0.9264,637.47,142.32,0.974,667.51,150.28,0.6083,616.04,152.24,0.9002,685.61,215.76,0.9938,596.22,219.33,0.9981,708.48,294.09,0.9617,579.31,301.39,0.9922,708.12,361.68,0.9358,585.11,376.11,0.9808,674.56,368.23,0.9984,614.68,369.72,0.9991,674.42,482.97,0.9957,599.16,485.48,0.9977,670.25,591.86,0.9796,586.78,595.79,0.9865
image_61.png,standing,1,700.95,145.57,0.9797,712.17,136.57,0.958,692.19,136.31,0.9108,732.41,143.29,0.8777,684.53,143.67,0.6243,750.06,207.56,0.9974,676.0,208.86,0.9928,767.31,283.92,0.9903,661.99,286.14,0.9627,757.22,350.81,0.98,640.14,350.53,0.9476,730.76,358.62,0.9985,682.56,357.06,0.9975,744.67,471.17,0.9966,696.11,459.87,0.9948,757.93,581.85,0.9827,709.03,564.02,0.9786
image_62.png,standing,1,678.82,155.89,0.9765,689.13,145.09,0.9638,670.35,147.01,0.8693,713.63,146.27,0.9215,668.42,151.65,0.5052,741.42,206.19,0.9986,668.46,211.82,0.9905,764.16,281.75,0.9939,660.27,286.62,0.9347,756.7,349.98,0.9819,643.81,348.29,0.9004,730.67,357.24,0.9992,683.85,357.15,0.9981,734.11,468.17,0.998,688.34,458.46,0.9954,756.19,580.84,0.9895,710.55,562.26,0.9832
image_63.png,standing,1,657.96,176.86,0.9526,663.21,163.63,0.9391,650.11,169.03,0.7152,689.7,154.92,0.9149,658.33,169.26,0.3227,735.25,208.47,0.9983,669.96,217.62,0.9836,767.1,288.35,0.9946,660.8,291.8,0.9116,765.22,363.63,0.9836,648.32,350.47,0.8797,731.79,365.61,0.9992,691.24,365.36,0.9976,731.37,476.68,0.9977,697.3,463.07,0.994,746.56,592.01,0.9875,704.44,561.28,0.9783
image_64.png,standing,1,621.74,210.23,0.8701,624.53,201.23,0.8462,619.27,202.24,0.3632,647.67,192.65,0.8783,634.98,196.01,0.1498,705.13,230.19,0.9974,653.81,230.5,0.9753,753.39,312.1,0.9959,651.18,307.46,0.9252,737.02,382.28,0.9907,646.04,370.45,0.924,746.89,362.19,0.9993,712.68,358.35,0.998,733.93,477.58,0.9988,692.32,461.12,0.9968,746.95,596.31,0.9935,692.75,563.92,0.9893
image_94.png,standing,1,542.35,266.03,0.9742,552.77,255.36,0.9653,533.51,254.92,0.8487,578.86,242.56,0.9144,528.76,242.58,0.3863,612.15,289.48,0.9981,527.03,270.85,0.9828,633.98,383.44,0.994,511.95,321.38,0.9115,597.23,447.55,0.9837,507.78,362.98,0.8918,603.36,432.61,0.9989,546.52,422.24,0.997,609.01,554.81,0.9969,546.87,537.64,0.9921,623.12,678.64,0.9823,557.49,658.39,0.9693
image_95.png,standing,1,552.02,219.56,0.9777,564.01,208.5,0.9679,542.98,208.94,0.854,588.69,208.85,0.9355,537.99,211.15,0.4451,617.14,265.85,0.999,537.55,267.1,0.9894,639.05,345.55,0.9965,536.02,334.73,0.9346,573.87,365.15,0.9899,504.42,340.53,0.9159,597.96,422.06,0.9994,543.56,418.15,0.9982,607.83,553.26,0.9979,547.94,543.48,0.9942,622.52,675.86,0.9834,563.35,664.08,0.9701
image_96.png,standing,1,544.9,209.02,0.9743,556.86,198.45,0.9678,535.41,199.51,0.8541,579.2,203.62,0.929,527.07,207.32,0.4178,611.58,264.45,0.9984,519.17,271.68,0.9785,640.95,334.69,0.9942,514.43,344.87,0.8533,571.38,337.24,0.9835,507.9,360.59,0.8309,594.56,420.93,0.9987,532.79,420.78,0.9956,602.16,547.87,0.9963,541.17,545.69,0.9882,620.18,665.86,0.9765,565.51,663.05,0.9526
image_97.png,standing,1,567.12,203.2,0.9796,579.27,194.83,0.9635,557.92,193.67,0.8948,597.08,205.42,0.9036,545.41,203.68,0.5557,622.23,271.07,0.9986,524.07,268.68,0.9898,643.18,339.22,0.9947,501.9,331.77,0.933,576.28,319.47,0.9861,494.08,324.65,0.914,597.17,426.89,0.9991,532.65,423.56,0.9976,603.34,553.53,0.9968,541.74,547.69,0.9922,615.26,668.99,0.9765,564.2,664.16,0.9596
image_98.png,standing,1,581.5,199.22,0.9813,594.67,190.61,0.9587,572.61,188.87,0.9151,615.14,201.77,0.8806,563.18,198.4,0.6307,632.26,268.89,0.998,545.28,261.91,0.994,629.73,337.63,0.9923,520.84,329.14,0.9671,574.11,295.99,0.9808,506.15,302.69,0.9464,604.79,429.52,0.9989,544.01,422.28,0.9981,605.96,558.13,0.9969,538.89,538.34,0.9949,620.26,677.47,0.9783,556.19,652.62,0.9718
image_99.png,standing,1,575.22,197.39,0.9811,588.76,189.94,0.9617,566.1,187.45,0.9089,608.03,202.8,0.8888,554.54,197.76,0.6065,622.02,266.34,0.9983,534.61,260.54,0.9927,617.77,332.9,0.9938,510.04,328.76,0.9564,566.47,282.48,0.9837,499.49,293.11,0.9356,599.19,423.32,0.9991,538.5,418.55,0.9981,603.49,554.25,0.9969,538.64,542.38,0.9938,613.92,674.48,0.976,554.14,662.33,0.9642
frame1_2350.png,standing,1,606.22,7.5,0.0056,600.68,0.0,0.0024,612.1,0.0,0.0009,576.35,0.0,0.312,641.28,0.0,0.0732,554.06,33.55,0.962,674.75,34.16,0.8966,530.45,138.76,0.9678,701.89,133.05,0.8633,543.23,201.2,0.9031,685.58,170.18,0.7387,587.71,183.05,0.9984,674.7,183.52,0.9972,565.43,330.8,0.997,685.46,329.52,0.995,545.89,463.31,0.9771,700.8,457.18,0.9689
fall001.jpg,lying,1,98.55,101.34,0.8479,96.68,99.57,0.6918,95.85,101.62,0.8035,96.12,99.49,0.441,93.57,105.05,0.6717,104.16,100.62,0.9276,103.84,109.23,0.954,120.43,93.09,0.7564,120.94,106.22,0.8862,128.68,93.86,0.7278,127.43,93.21,0.8736,133.28,101.13,0.9242,133.37,107.13,0.9456,160.57,85.85,0.9417,160.53,88.16,0.9638,172.39,104.23,0.9366,175.93,103.42,0.9563
fall002.jpg,lying,1,154.22,65.7,0.1507,153.58,64.52,0.0337,154.22,64.95,0.0713,150.02,64.92,0.2413,155.56,65.91,0.506,144.38,68.74,0.9684,158.41,70.74,0.9874,135.19,72.36,0.9515,166.61,77.84,0.9849,126.25,73.62,0.9083,173.32,82.79,0.9603,140.87,84.52,0.9983,149.57,85.17,0.9989,134.4,94.12,0.9957,147.79,98.17,0.9973,124.55,105.15,0.9821,140.71,112.06,0.9864
fall004.jpg,lying,1,80.25,109.25,0.9628,77.96,100.98,0.9788,70.37,108.83,0.7821,86.39,89.71,0.9383,63.09,110.93,0.1655,123.5,85.33,0.9969,88.48,113.52,0.9109,162.57,91.98,0.9864,91.39,120.39,0.4923,151.49,121.24,0.9452,76.53,112.93,0.5158,191.2,69.89,0.9706,171.97,85.01,0.8826,219.43,86.97,0.8786,213.31,100.91,0.6183,232.47,76.05,0.5757,235.65,78.94,0.3707
fall012.jpg,lying,1,116.66,77.22,0.9758,120.29,73.78,0.981,116.86,74.15,0.5961,132.75,74.6,0.9635,122.68,75.68,0.0688,138.24,90.81,0.9971,122.81,90.43,0.9781,108.3,101.38,0.9961,98.51,97.26,0.8896,78.61,99.13,0.9911,73.23,89.59,0.8829,133.82,148.59,0.9992,120.6,144.79,0.9977,113.41,182.01,0.9988,91.15,171.0,0.9959,119.81,230.1,0.9892,90.74,213.02,0.9793
fall013.jpg,lying,1,89.19,62.06,0.9497,86.35,59.68,0.8873,85.84,63.41,0.8934,86.93,58.17,0.6486,83.86,67.85,0.6753,102.32,52.1,0.9839,101.39,74.24,0.9848,131.88,52.17,0.9214,128.62,91.15,0.9377,142.78,63.04,0.8563,137.86,76.4,0.9021,154.21,43.99,0.9657,153.73,56.96,0.9694,184.62,41.04,0.9325,183.11,53.3,0.9464,198.29,46.35,0.8685,201.34,53.9,0.8952
fall014.jpg,lying,1,78.24,58.58,0.8954,77.36,54.73,0.9232,77.29,53.54,0.189,83.9,39.58,0.9378,83.37,36.55,0.0682,104.12,41.79,0.9978,107.74,33.15,0.9468,94.01,98.09,0.9958,107.19,73.01,0.7449,62.13,102.63,0.9602,66.32,89.18,0.6778,194.73,69.8,0.9896,194.18,70.88,0.9665,214.25,131.18,0.9224,209.77,128.82,0.7815,249.88,153.17,0.2852,233.19,151.25,0.2023
fall016.jpg,lying,1,53.82,41.38,0.2023,53.19,38.92,0.0599,53.17,40.03,0.1836,50.24,39.51,0.1006,51.33,42.17,0.3313,54.12,50.25,0.6968,50.74,53.35,0.798,76.47,62.98,0.4406,58.95,66.71,0.7055,106.14,71.41,0.3711,67.41,80.74,0.5782,67.24,67.03,0.8441,67.14,71.41,0.8832,90.43,65.5,0.8448,91.56,68.65,0.8972,110.93,75.88,0.8409,113.58,79.38,0.8795
fall020.jpg,lying,1,77.78,103.26,0.8138,79.18,98.56,0.8496,72.71,97.9,0.2366,92.7,78.14,0.7565,70.42,78.08,0.0202,136.75,75.17,0.9645,73.73,54.62,0.8361,148.98,144.47,0.9247,42.71,87.6,0.7213,87.47,141.4,0.8989,60.11,120.31,0.7976,192.1,81.32,0.7829,153.09,74.1,0.7366,189.59,101.89,0.6577,158.69,91.17,0.5735,189.92,126.04,0.2552,184.97,116.91,0.2612
fall022.jpg,lying,1,98.4,112.91,0.875,98.6,108.85,0.8699,93.49,111.46,0.7465,103.43,102.26,0.7486,87.14,108.26,0.5415,119.28,101.44,0.9878,81.32,106.62,0.9673,128.5,131.55,0.9403,64.26,134.1,0.7724,114.6,146.92,0.8123,87.67,139.62,0.6706,142.48,83.88,0.9346,120.74,90.32,0.901,152.61,85.93,0.7802,136.72,95.13,0.6858,158.56,67.38,0.6752,163.27,73.27,0.6025
fall023.jpg,lying,1,177.77,126.25,0.4574,178.44,125.29,0.1544,179.06,124.62,0.429,174.96,121.61,0.1504,175.2,120.37,0.5363,162.94,119.81,0.9099,164.01,122.77,0.9656,158.72,133.18,0.787,162.73,144.29,0.941,175.44,132.09,0.7309,183.67,140.51,0.8322,123.02,120.68,0.9851,123.03,119.09,0.9881,92.6,121.29,0.9723,94.46,124.59,0.9783,60.05,107.5,0.9481,63.67,113.18,0.9495
fall025.jpg,lying,1,50.42,48.46,0.7477,49.81,45.23,0.7845,50.38,46.28,0.1712,52.24,41.58,0.8726,54.13,42.35,0.0725,64.39,43.03,0.9922,76.68,39.62,0.9301,57.55,56.03,0.9954,83.19,32.72,0.9152,37.09,57.15,0.9801,60.86,22.06,0.8842,121.05,67.08,0.9992,119.36,67.12,0.9981,118.3,108.3,0.9943,75.55,110.37,0.986,160.65,126.22,0.9188,70.42,127.31,0.8787
fall026.jpg,lying,1,80.88,88.22,0.5859,79.65,86.63,0.4283,80.17,88.22,0.3354,80.19,81.75,0.4045,77.62,85.7,0.1969,90.42,75.66,0.9625,76.39,81.36,0.9446,108.85,87.43,0.9366,64.99,90.27,0.8716,114.54,106.39,0.8039,48.64,109.78,0.726,123.73,67.77,0.9827,116.69,74.64,0.9786,150.97,72.83,0.9545,144.11,77.06,0.9393,190.43,72.55,0.9125,185.34,73.96,0.9034
fall029.jpg,lying,1,49.17,103.32,0.8871,49.06,99.31,0.8494,45.97,101.91,0.713,53.09,96.18,0.7352,44.97,101.53,0.4159,61.39,100.02,0.9635,64.57,102.68,0.9302,86.02,122.73,0.8757,87.45,123.41,0.8019,102.87,142.52,0.8328,104.81,142.47,0.7592,90.04,90.09,0.8983,90.87,92.47,0.8813,77.97,112.6,0.8844,81.55,114.52,0.8564,104.12,139.92,0.7334,101.12,136.62,0.7173
fall082.jpg,lying,1,136.67,73.91,0.9503,134.72,66.67,0.9497,133.11,73.83,0.6598,141.46,51.42,0.925,137.88,66.96,0.2842,165.68,49.48,0.9982,159.95,71.39,0.9841,173.01,86.03,0.9942,162.41,107.37,0.8822,128.24,95.62,0.9597,124.64,94.89,0.7751,234.7,90.06,0.9988,227.33,104.15,0.997,250.64,141.92,0.9972,238.95,160.31,0.9928,322.83,176.54,0.9774,293.0,191.12,0.965
fall088.jpg,lying,1,434.32,221.69,0.7167,450.2,236.42,0.5648,459.01,208.51,0.4169,439.28,266.15,0.8726,468.41,200.97,0.5558,351.93,290.3,0.9894,417.58,191.31,0.9624,261.52,331.48,0.9374,380.92,129.0,0.8166,295.66,339.84,0.8779,392.62,80.46,0.6225,217.47,234.48,0.9089,255.76,185.05,0.8209,205.12,196.62,0.8254,205.66,132.62,0.68,146.34,173.2,0.7606,160.69,125.56,0.6472
fall089.jpg,lying,1,78.02,90.02,0.798,75.82,85.9,0.8327,73.01,88.31,0.3781,82.38,73.11,0.8139,69.45,80.14,0.1391,114.29,72.01,0.9956,86.48,66.5,0.949,130.11,110.97,0.9851,89.83,78.79,0.7768,93.41,123.3,0.8631,75.36,106.63,0.5595,184.62,41.85,0.9878,167.92,44.27,0.9713,222.95,54.44,0.9392,214.14,55.72,0.8756,255.92,26.13,0.8286,248.14,27.75,0.7667
fall090.jpg,lying,1,357.49,140.85,0.9956,377.83,139.1,0.9586,354.03,121.65,0.9914,387.51,156.5,0.409,329.43,111.61,0.9304,345.67,230.15,0.9911,266.97,126.69,0.9956,375.4,322.46,0.9286,198.34,129.44,0.9784,450.02,347.19,0.9054,186.24,196.78,0.9547,163.01,297.77,0.9526,117.7,246.35,0.9615,118.32,370.68,0.5659,100.42,320.47,0.6693,25.35,369.82,0.0828,30.38,342.08,0.0928
fall091.jpg,lying,1,254.67,170.7,0.9588,252.27,157.8,0.9331,244.51,172.21,0.8157,259.84,139.68,0.8633,235.49,174.63,0.3925,302.47,136.12,0.9981,252.5,205.48,0.9872,376.36,144.69,0.9946,238.59,254.04,0.9333,411.17,196.44,0.9784,211.76,290.95,0.8873,419.32,206.24,0.9987,389.89,252.06,0.9968,496.83,248.06,0.9947,461.06,312.35,0.9872,603.6,258.98,0.9668,559.33,324.57,0.9441
fall092.jpg,lying,1,358.42,155.99,0.9647,355.3,147.84,0.9569,347.75,155.5,0.9069,361.72,124.03,0.8183,333.75,143.89,0.6562,398.84,98.2,0.9933,316.29,119.75,0.9785,469.59,109.22,0.973,220.32,132.19,0.8257,524.22,148.09,0.8774,177.35,169.4,0.6505,449.24,47.5,0.9523,408.68,67.11,0.9061,492.42,94.58,0.7103,468.58,115.44,0.5187,540.9,80.89,0.3235,526.23,85.33,0.2282
fall100.jpg,lying,1,280.07,48.12,0.0302,277.96,39.21,0.033,290.61,40.43,0.0014,289.56,29.07,0.7407,337.14,31.81,0.0175,299.12,58.53,0.9288,364.1,63.92,0.7864,261.57,114.46,0.9457,323.57,134.64,0.7189,249.37,90.47,0.8441,251.56,85.49,0.5894,299.25,214.71,0.9893,341.63,210.07,0.9828,251.84,388.87,0.9051,283.13,383.77,0.8569,225.17,450.0,0.164,230.55,450.0,0.1344
fall101.jpg,lying,1,414.26,271.86,0.1796,420.31,265.18,0.0478,420.03,267.82,0.1196,421.88,240.76,0.0778,410.74,245.74,0.171,381.06,205.26,0.8553,366.09,245.79,0.9342,376.19,230.18,0.8807,370.27,325.56,0.9405,443.43,277.37,0.8907,432.41,338.93,0.8551,253.41,169.72,0.9838,241.93,183.47,0.9828,179.8,140.19,0.9596,174.26,180.49,0.9575,128.55,55.38,0.9551,141.27,108.53,0.9451
fall103.jpg,lying,1,454.19,213.33,0.9015,465.24,225.6,0.8724,470.01,209.28,0.7592,457.66,253.74,0.7626,469.22,213.74,0.4511,387.0,261.67,0.9668,417.9,204.71,0.8413,293.2,266.48,0.9392,321.04,176.89,0.5129,224.28,267.83,0.9175,265.93,193.61,0.5756,265.82,191.29,0.7772,281.81,159.29,0.5496,225.32,140.39,0.7971,226.53,113.14,0.5422,182.07,201.95,0.6805,189.13,193.83,0.4744
fall106.jpg,lying,1,139.42,225.03,0.3213,137.39,222.68,0.4526,141.44,221.8,0.0562,134.95,213.58,0.8596,149.3,211.11,0.0897,146.94,213.8,0.9895,171.09,207.98,0.8021,147.5,251.28,0.9813,170.32,236.25,0.4225,133.31,239.52,0.9314,143.47,238.24,0.3946,213.76,214.42,0.9884,231.25,213.81,0.9535,187.76,260.4,0.9854,214.99,257.72,0.9377,226.35,271.59,0.9564,256.36,267.1,0.8993
fall108.jpg,lying,1,162.53,264.28,0.6294,158.94,260.66,0.5472,159.23,259.67,0.5064,161.62,250.52,0.5406,164.41,249.27,0.5184,183.21,262.13,0.8506,199.44,233.17,0.9044,197.89,288.08,0.5142,237.83,216.71,0.7992,228.21,253.65,0.4529,270.79,211.34,0.7218,256.69,243.0,0.7493,267.6,234.53,0.8403,280.97,259.99,0.665,294.12,238.94,0.7899,313.29,240.0,0.6088,309.13,215.81,0.7181
fall109.jpg,lying,1,420.92,292.04,0.8568,428.45,297.94,0.6569,431.01,285.49,0.8729,420.31,302.65,0.5515,428.08,273.37,0.8812,385.11,298.66,0.9487,389.74,266.34,0.9859,337.81,310.47,0.7315,325.13,269.44,0.94,317.77,256.73,0.6791,307.68,248.81,0.8776,336.93,256.98,0.8649,342.19,241.5,0.9219,329.62,273.52,0.6876,333.1,257.91,0.797,298.37,230.31,0.4815,323.03,229.83,0.5679
fall130.jpg,lying,1,208.78,283.97,0.9312,209.88,282.09,0.9096,199.73,287.97,0.9012,220.27,286.37,0.7206,196.21,302.44,0.6437,241.64,250.99,0.9212,241.75,304.59,0.9698,297.22,144.56,0.7913,296.45,301.74,0.9082,349.37,67.26,0.8262,307.24,296.99,0.8849,320.13,221.16,0.89,320.09,243.05,0.9281,303.74,165.67,0.8692,304.54,175.74,0.9063,319.52,111.85,0.9169,341.89,107.54,0.9357
fall131.jpg,lying,1,257.61,378.39,0.4913,258.71,382.53,0.5656,264.02,379.88,0.1734,274.54,382.38,0.6677,279.51,377.0,0.0822,287.13,349.98,0.91,300.68,339.84,0.8475,284.08,318.85,0.9275,298.63,309.96,0.8393,275.81,311.86,0.9518,276.29,321.6,0.8989,303.9,257.83,0.9718,311.5,249.93,0.9656,302.61,182.02,0.9846,299.69,168.53,0.9813,300.02,170.57,0.9922,294.56,158.09,0.9917
1004.jpg,lying,1,362.1,226.44,0.9452,364.81,216.59,0.9698,361.97,218.86,0.584,383.94,215.8,0.9218,377.54,222.3,0.0653,397.05,265.63,0.9459,395.34,254.28,0.8574,365.93,319.17,0.7697,358.43,281.4,0.4481,338.43,282.05,0.7767,342.26,240.85,0.382,320.32,327.68,0.8998,321.94,306.7,0.8321,172.77,256.12,0.9783,174.73,237.55,0.9537,83.1,318.41,0.9859,81.03,297.1,0.9759
frame1_1000 (1).png,lying,1,655.82,545.89,0.8267,653.85,543.47,0.7578,652.99,542.3,0.7522,658.77,493.13,0.42,629.92,492.94,0.4648,694.85,401.13,0.9292,573.92,409.23,0.879,777.95,385.48,0.9184,507.13,419.53,0.8254,725.34,487.03,0.9137,580.59,498.39,0.8378,652.16,282.72,0.9542,575.76,284.31,0.9339,668.31,443.86,0.8895,558.41,444.79,0.8387,660.0,505.49,0.6746,560.72,488.71,0.6039
frame3_1000 (1).png,lying,1,397.97,555.54,0.7489,396.2,547.61,0.8002,392.43,552.5,0.3051,425.21,536.59,0.8643,406.8,548.92,0.1443,486.47,548.06,0.9939,452.31,538.66,0.9433,500.23,602.89,0.986,452.77,549.04,0.8106,447.86,592.31,0.9479,418.26,562.66,0.755,626.82,525.2,0.9932,604.58,531.51,0.9836,723.27,544.15,0.9787,711.62,540.75,0.9556,793.38,488.27,0.9488,787.05,484.42,0.9265
frame3_1100 (1).png,lying,1,402.15,525.96,0.6541,401.56,520.57,0.6703,402.73,522.25,0.2427,434.61,512.09,0.8437,431.36,517.52,0.2153,485.87,526.74,0.986,471.62,509.76,0.9753,425.65,568.52,0.9642,409.3,510.74,0.9164,322.08,556.62,0.8667,287.83,534.01,0.8374,637.26,510.35,0.9844,625.54,511.64,0.9835,730.85,539.72,0.9421,720.89,530.58,0.9426,803.71,464.38,0.8366,784.24,461.94,0.8537
frame3_1200 (1).png,lying,1,407.51,548.89,0.9006,405.69,539.49,0.9055,399.15,545.15,0.6219,432.82,522.12,0.9034,408.75,538.29,0.3347,481.18,534.54,0.9948,441.81,522.85,0.9813,449.83,579.53,0.9838,389.84,511.45,0.9121,349.31,576.34,0.9269,311.73,540.45,0.8273,617.08,502.87,0.9906,593.38,508.85,0.9851,723.57,532.83,0.9573,717.02,531.23,0.9374,799.14,490.38,0.8668,784.99,490.37,0.8476
frame3_1300 (1).png,lying,1,401.69,524.77,0.8638,402.86,516.99,0.8513,396.02,520.08,0.5634,433.62,507.05,0.8667,407.07,515.89,0.3245,482.92,526.57,0.9928,437.3,507.95,0.9845,464.21,562.24,0.9775,390.97,482.94,0.9411,356.46,555.83,0.9211,318.18,511.39,0.8828,607.74,497.78,0.9927,580.06,499.57,0.9913,703.54,516.08,0.9699,692.07,513.71,0.9672,763.13,453.01,0.9208,761.66,460.67,0.9244
frame3_1400 (1).png,lying,1,415.55,555.21,0.8747,413.0,547.31,0.8899,409.79,550.99,0.5216,435.22,529.39,0.9098,420.03,540.71,0.2874,479.86,536.58,0.9956,446.99,526.14,0.9797,429.04,581.87,0.9885,384.79,522.41,0.8981,306.86,581.52,0.9341,279.41,560.53,0.7896,629.95,496.31,0.9922,609.69,503.35,0.9856,735.01,532.15,0.9614,723.98,530.24,0.9321,823.13,484.62,0.8687,798.77,485.27,0.8335
frame3_1500 (1).png,lying,1,400.09,520.51,0.813,400.53,511.43,0.8241,390.89,515.41,0.4366,432.27,498.28,0.8531,399.1,510.46,0.2465,491.49,518.96,0.9933,439.47,504.54,0.9725,482.63,570.49,0.9812,409.69,505.99,0.8937,398.61,572.73,0.9323,345.47,525.65,0.8422,626.35,502.03,0.993,593.05,505.58,0.9886,724.76,520.96,0.9787,709.41,518.85,0.969,782.07,446.94,0.9437,771.37,447.98,0.9345
frame3_1600 (1).png,lying,1,422.0,555.35,0.8697,418.27,546.64,0.8845,413.99,551.73,0.5171,437.86,528.88,0.9015,420.22,544.0,0.2886,482.16,536.69,0.9954,447.19,529.86,0.977,428.1,581.9,0.9887,382.6,526.16,0.8867,304.43,584.74,0.9359,281.5,559.61,0.7814,630.79,494.62,0.9914,609.3,503.11,0.9833,730.95,530.83,0.9578,723.06,530.96,0.9213,813.31,486.99,0.8554,790.84,486.43,0.8102
frame3_1700 (1).png,lying,1,402.37,510.88,0.8277,400.34,502.66,0.8655,396.57,506.2,0.4349,425.04,489.47,0.9016,411.06,500.11,0.237,475.14,506.49,0.9954,460.02,499.86,0.9612,494.14,550.46,0.9853,473.97,515.32,0.8162,471.88,553.97,0.9383,446.4,536.22,0.7346,615.5,500.07,0.994,607.23,507.85,0.9855,721.76,520.11,0.9841,720.49,516.6,0.9671,798.63,465.72,0.96,792.84,458.83,0.9415
frame3_1800 (1).png,lying,1,414.17,558.06,0.8628,410.69,550.13,0.8721,407.01,554.6,0.5126,430.54,532.66,0.8925,414.09,546.11,0.2951,475.03,538.71,0.9953,440.44,530.04,0.9793,427.13,583.8,0.9882,379.57,525.56,0.9022,312.99,587.81,0.9322,281.48,561.35,0.7971,627.22,498.66,0.9926,605.88,507.21,0.9865,735.12,533.16,0.9641,725.15,532.96,0.9377,822.75,488.69,0.878,799.95,489.12,0.8459
frame3_1900 (1).png,lying,1,407.91,510.08,0.9024,407.54,499.77,0.9319,398.52,504.41,0.6027,436.3,486.49,0.9316,409.26,499.97,0.2855,488.5,504.94,0.9961,468.37,502.02,0.9624,530.28,541.55,0.9853,494.12,507.39,0.7956,495.23,558.25,0.9422,463.73,526.13,0.7281,622.46,493.08,0.9927,611.54,501.11,0.9813,726.29,514.36,0.9799,723.95,515.57,0.9567,790.36,456.64,0.9505,789.09,456.24,0.9257
frame3_2000 (1).png,lying,1,403.06,519.47,0.6225,401.01,514.09,0.6271,400.87,516.6,0.2178,430.45,507.47,0.8242,424.74,515.96,0.2085,481.07,524.77,0.9876,465.24,507.23,0.9751,411.91,566.45,0.9707,400.73,504.25,0.9208,313.77,552.14,0.8831,274.9,526.06,0.848,634.26,506.59,0.988,621.34,507.75,0.9866,736.18,520.46,0.9592,726.65,507.11,0.9574,805.66,455.61,0.8881,784.79,445.62,0.8975
frame3_2100 (1).png,lying,1,411.7,568.01,0.7843,407.77,561.1,0.7849,406.86,563.9,0.3706,428.66,546.18,0.8577,418.86,555.6,0.248,475.71,556.31,0.9936,445.02,536.23,0.9797,418.92,605.51,0.9851,378.36,528.1,0.9205,305.86,600.81,0.9199,282.25,571.2,0.823,633.78,505.93,0.9928,615.43,509.3,0.9892,739.9,539.5,0.9699,732.57,530.21,0.9562,831.45,497.48,0.9003,808.9,489.54,0.8878
frame3_300 (1).png,lying,1,403.12,563.3,0.8945,394.67,556.18,0.9133,393.23,564.02,0.6197,404.76,543.77,0.8989,393.28,565.88,0.3178,469.86,543.97,0.9965,436.76,561.19,0.9557,540.54,567.42,0.989,460.23,566.99,0.7804,503.59,595.33,0.9571,450.3,573.51,0.734,611.88,523.82,0.9932,595.08,540.98,0.9794,713.08,537.08,0.9819,713.06,545.56,0.952,776.72,516.72,0.9513,786.41,512.4,0.9159
frame3_400 (1).png,lying,1,407.76,538.94,0.7374,410.44,529.35,0.7946,402.77,532.0,0.3338,445.6,514.8,0.8697,421.74,523.33,0.1979,491.87,530.11,0.9866,476.28,519.28,0.9349,472.31,578.87,0.9625,466.99,539.78,0.7593,448.25,575.87,0.8911,417.26,556.26,0.7091,630.38,524.86,0.9731,618.11,530.05,0.9515,731.56,549.39,0.9226,729.73,541.69,0.8784,795.56,468.63,0.8142,789.72,458.61,0.7745
frame3_500 (1).png,lying,1,416.77,574.15,0.7739,412.73,567.75,0.7788,410.5,572.11,0.3932,433.55,556.18,0.862,422.78,568.85,0.3146,482.18,567.34,0.9928,458.7,555.06,0.9799,419.75,628.35,0.9784,395.73,570.22,0.9077,309.22,620.77,0.8931,270.7,600.93,0.8131,636.26,535.85,0.9886,619.79,540.53,0.9846,730.21,567.39,0.9596,726.27,558.77,0.9478,810.78,517.17,0.8789,795.79,508.82,0.8725
frame3_600 (1).png,lying,1,412.22,525.46,0.8754,411.87,514.82,0.9045,403.88,520.96,0.5335,440.2,505.76,0.9105,414.42,521.84,0.2446,498.74,526.01,0.9952,467.03,532.64,0.9561,526.95,567.89,0.9831,482.5,554.16,0.7858,497.26,591.48,0.939,448.13,555.64,0.7419,630.26,529.12,0.9893,609.61,539.99,0.9741,725.2,548.5,0.9662,716.11,543.07,0.931,792.12,480.32,0.9184,792.12,464.28,0.8838
frame3_800 (1).png,lying,1,409.12,536.44,0.8668,408.79,526.1,0.9158,402.57,529.86,0.4879,437.67,514.03,0.9305,415.77,525.41,0.1971,497.65,535.25,0.9955,469.41,539.08,0.9443,548.31,565.94,0.9846,491.55,549.13,0.7237,507.6,586.06,0.9408,457.13,564.51,0.6584,632.85,523.92,0.9909,618.5,532.89,0.9737,723.8,541.68,0.973,714.94,539.66,0.9336,781.63,472.58,0.9405,785.97,465.87,0.904
frame3_900 (1).png,lying,1,404.43,556.73,0.8969,404.93,545.73,0.8964,396.28,551.23,0.6185,438.59,531.66,0.8858,407.53,546.39,0.3331,479.71,554.73,0.9927,440.99,540.96,0.9834,400.79,599.73,0.9769,376.03,532.2,0.9245,308.21,586.23,0.9129,299.9,557.35,0.8572,618.26,508.21,0.9873,592.51,513.33,0.9841,712.47,523.2,0.9387,696.36,515.18,0.9274,778.77,440.09,0.8593,749.84,431.76,0.8599
frame4_1000 (1).png,lying,1,353.33,420.56,0.8694,352.85,409.85,0.8695,347.13,413.7,0.5097,375.7,373.01,0.8316,343.3,380.05,0.1987,449.05,357.69,0.9969,366.57,352.23,0.9679,495.9,489.95,0.9933,373.18,448.45,0.8825,456.01,611.57,0.9585,383.53,576.33,0.7783,630.65,342.15,0.9979,568.11,355.09,0.9943,716.13,466.98,0.9918,612.31,471.37,0.9791,866.38,446.85,0.9682,741.0,442.76,0.9479
frame4_1100 (1).png,lying,1,357.12,412.38,0.9446,356.12,397.63,0.9395,353.1,406.68,0.7536,379.05,360.05,0.8457,353.82,378.7,0.246,448.38,340.26,0.9952,376.48,367.21,0.9672,508.61,465.33,0.9933,384.3,475.88,0.9296,459.41,605.59,0.9731,382.87,573.99,0.8925,617.14,331.77,0.9979,539.57,361.33,0.9955,776.17,423.55,0.9926,519.42,480.72,0.9854,955.73,430.85,0.9729,558.42,506.35,0.9601
frame4_1200 (1).png,lying,1,335.34,409.25,0.9082,333.95,394.79,0.8982,329.81,402.25,0.6187,357.91,361.05,0.818,330.36,377.3,0.2192,436.62,354.13,0.996,348.81,371.51,0.9632,505.68,479.96,0.9927,368.8,476.51,0.8865,460.11,610.66,0.9591,378.33,567.44,0.8015,605.81,364.11,0.9969,529.05,388.68,0.9919,773.98,440.4,0.9875,580.45,471.35,0.971,938.46,440.48,0.9498,660.7,471.6,0.9201
frame4_1300 (1).png,lying,1,348.84,419.08,0.6965,347.23,411.51,0.6743,344.29,410.58,0.2267,363.96,376.4,0.7618,338.05,372.32,0.1391,440.79,366.03,0.9976,362.76,340.46,0.9693,493.24,498.79,0.9943,371.64,428.64,0.8637,457.99,608.78,0.9566,376.41,561.51,0.7221,642.55,348.68,0.9988,597.26,349.41,0.9963,660.46,496.57,0.9966,660.17,462.0,0.9894,805.89,494.29,0.9859,860.03,429.83,0.9749
frame4_1400 (1).png,lying,1,299.32,414.09,0.8666,292.62,396.92,0.8467,295.54,407.79,0.5499,305.62,352.89,0.738,296.51,374.76,0.1931,395.29,352.78,0.9915,326.44,367.32,0.9368,479.5,493.35,0.986,361.89,471.77,0.8475,451.11,620.37,0.9394,385.51,571.71,0.7747,588.79,389.23,0.9946,523.56,412.52,0.9878,711.39,470.0,0.9785,527.81,501.99,0.9552,918.95,447.27,0.9321,617.33,474.0,0.899
frame4_1500 (1).png,lying,1,333.56,427.81,0.8817,327.73,414.4,0.8849,326.68,423.88,0.521,345.05,374.23,0.8272,325.3,395.88,0.1621,424.11,360.27,0.9964,352.1,375.73,0.9499,487.2,490.01,0.995,369.45,476.79,0.8681,458.08,602.84,0.9725,371.98,583.56,0.7838,598.22,360.42,0.9979,531.68,381.34,0.9934,713.04,473.62,0.9909,526.93,496.84,0.972,894.77,457.55,0.964,604.81,473.49,0.932
frame4_1600 (1).png,lying,1,357.28,421.05,0.885,355.29,407.42,0.8899,349.56,414.51,0.5476,377.6,370.68,0.8243,344.09,386.28,0.1854,452.22,354.52,0.9962,361.12,366.1,0.9504,510.43,479.25,0.9939,368.24,462.62,0.8454,458.36,601.94,0.9628,379.38,563.81,0.7493,631.5,340.59,0.9968,554.97,364.04,0.9899,781.1,447.39,0.9861,605.41,476.62,0.9599,950.21,439.79,0.9372,702.07,467.84,0.8868
frame4_1700 (1).png,lying,1,314.9,411.71,0.8481,311.77,401.22,0.8213,312.83,406.11,0.4895,324.55,360.66,0.8161,312.85,368.76,0.2722,395.42,349.89,0.9972,330.96,347.03,0.9729,456.45,496.42,0.99,349.23,463.01,0.8431,441.92,623.06,0.9251,388.22,580.76,0.6681,583.99,366.93,0.9959,544.21,382.98,0.9892,651.48,483.99,0.9848,638.3,482.38,0.9611,826.49,479.66,0.9399,838.09,454.15,0.9032
frame4_1800 (1).png,lying,1,360.27,427.81,0.8949,358.17,416.64,0.8715,355.04,422.34,0.6292,373.56,377.83,0.7742,346.27,388.63,0.268,433.34,350.97,0.9961,358.96,360.21,0.971,489.44,473.41,0.9934,371.17,458.5,0.9174,443.55,608.53,0.9633,388.07,579.1,0.8433,602.18,325.7,0.9984,536.28,348.84,0.9963,737.27,443.4,0.994,575.14,476.4,0.9868,910.3,429.53,0.9773,679.1,467.24,0.9647
frame4_1900 (1).png,lying,1,367.32,430.2,0.8884,365.05,421.07,0.8843,360.17,423.79,0.5472,381.14,382.24,0.8015,349.3,388.82,0.1804,448.23,358.86,0.9956,370.77,360.54,0.9577,488.06,480.02,0.9936,368.94,458.84,0.882,451.36,594.77,0.9703,369.36,577.43,0.8114,624.46,340.16,0.9979,559.14,352.03,0.9943,674.81,472.04,0.9938,526.02,480.71,0.9823,806.39,480.19,0.9771,601.82,480.16,0.9587
frame4_200 (1).png,lying,1,355.39,393.46,0.897,359.5,379.14,0.89,349.53,384.75,0.5674,388.89,341.63,0.8598,351.23,351.91,0.2166,454.59,339.83,0.9961,386.47,350.1,0.9757,484.97,482.87,0.9893,393.76,466.79,0.8955,460.36,597.35,0.9478,387.06,569.37,0.8057,648.92,357.32,0.9965,602.91,379.01,0.9928,705.41,488.25,0.9852,656.56,511.07,0.9704,849.62,460.24,0.9393,801.06,482.32,0.9165
frame4_2000 (1).png,lying,1,327.41,425.32,0.8715,328.23,415.91,0.8608,326.3,415.43,0.4903,342.45,377.42,0.7808,319.44,373.0,0.1475,401.58,359.17,0.996,337.44,352.03,0.9483,467.53,491.97,0.9958,363.87,452.2,0.8947,454.47,605.79,0.9806,363.69,571.73,0.8439,585.97,343.99,0.9989,520.33,357.35,0.9966,679.49,478.99,0.9963,459.59,509.2,0.9888,866.12,463.83,0.9843,530.25,511.62,0.9693
frame4_2100 (1).png,lying,1,416.49,431.09,0.8911,417.88,422.51,0.86,410.3,423.56,0.6469,425.78,385.08,0.7605,386.06,384.93,0.3593,460.86,344.37,0.9967,383.76,353.37,0.972,498.19,455.16,0.9929,371.57,455.31,0.8709,445.68,616.05,0.9538,392.23,587.64,0.7673,645.79,293.83,0.9976,588.29,321.51,0.9932,765.23,433.11,0.9924,681.36,465.68,0.9793,924.73,446.94,0.9676,847.99,476.57,0.9429
frame4_300 (1).png,lying,1,305.06,371.77,0.9566,311.57,350.67,0.9607,295.1,361.14,0.7337,360.22,322.18,0.9216,305.54,345.08,0.2237,442.72,349.79,0.9977,354.64,364.08,0.9741,500.91,494.28,0.9919,382.27,474.61,0.8598,464.16,623.66,0.9506,367.72,571.32,0.7538,615.63,381.09,0.9956,545.63,403.71,0.9883,778.58,431.69,0.9855,648.09,456.88,0.9671,932.11,441.13,0.9482,753.09,465.56,0.9219
frame4_400 (1).png,lying,1,315.0,390.02,0.9392,316.91,369.54,0.9401,304.0,382.95,0.6728,357.25,337.02,0.8993,310.98,367.21,0.2314,444.02,356.58,0.9977,354.26,379.14,0.9745,510.13,492.78,0.9924,378.43,482.56,0.8566,461.19,619.91,0.9506,366.82,569.75,0.7391,616.84,385.52,0.9958,550.9,411.88,0.9883,765.0,443.66,0.9846,667.07,470.78,0.9626,926.61,449.9,0.9389,796.82,468.0,0.9038
frame4_500 (1).png,lying,1,323.5,411.29,0.9097,319.59,395.73,0.9056,316.01,403.25,0.6072,338.14,360.98,0.8129,311.59,377.82,0.1991,425.49,363.94,0.9959,341.87,373.76,0.9456,503.79,491.91,0.9933,370.18,464.15,0.8453,457.75,625.22,0.9618,371.67,561.84,0.7703,620.45,379.45,0.9962,542.8,400.39,0.9884,783.15,464.21,0.9805,568.41,492.38,0.947,964.04,437.22,0.9192,629.93,462.26,0.8599
frame4_600 (1).png,lying,1,359.75,402.53,0.8855,356.8,389.71,0.896,350.9,394.61,0.4648,378.73,348.14,0.8988,349.62,359.19,0.1987,461.48,347.87,0.9986,390.06,339.53,0.9795,498.82,496.19,0.9946,385.17,446.15,0.853,460.61,609.31,0.9557,376.67,563.83,0.7007,668.04,347.41,0.9982,628.47,355.24,0.9944,680.19,491.45,0.9947,689.31,469.07,0.9832,816.72,490.31,0.9777,866.89,436.59,0.9601
frame4_700 (1).png,lying,1,321.76,404.26,0.9124,315.16,387.58,0.9029,317.13,397.36,0.6245,328.48,344.91,0.8189,318.67,365.53,0.2205,415.09,344.79,0.9955,346.92,362.45,0.9546,490.86,484.16,0.9915,372.6,471.49,0.8637,452.17,612.94,0.958,380.01,567.91,0.7965,603.34,387.9,0.9954,541.13,411.97,0.9881,733.65,466.48,0.9789,559.16,495.78,0.9506,922.19,448.82,0.9242,645.22,473.27,0.881
frame4_800 (1).png,lying,1,322.92,419.34,0.8907,319.41,407.69,0.908,315.87,412.53,0.468,339.81,367.06,0.9062,317.76,377.47,0.1755,423.79,365.55,0.9985,356.99,355.7,0.9707,485.1,508.8,0.9954,372.21,451.57,0.8272,456.39,625.45,0.9624,357.62,571.58,0.6663,614.49,372.55,0.998,572.23,378.67,0.9929,643.94,500.94,0.993,602.14,483.6,0.9745,800.47,491.87,0.9716,761.95,449.69,0.9432
frame4_900 (1).png,lying,1,346.48,420.97,0.8284,350.14,411.45,0.807,344.3,410.53,0.4403,369.5,376.88,0.7342,335.08,370.58,0.1476,430.39,353.48,0.9951,352.86,345.33,0.9529,499.56,487.99,0.9944,380.79,444.58,0.9071,466.89,611.44,0.9714,372.51,566.5,0.8448,618.55,323.38,0.9988,546.29,338.23,0.997,731.29,472.47,0.9954,531.23,504.22,0.9886,910.59,436.75,0.9788,623.0,490.08,0.9644
image_191 (1).png,lying,1,909.96,303.83,0.8611,923.43,305.81,0.7443,914.39,299.35,0.5645,933.31,336.57,0.5414,907.4,322.85,0.2317,877.0,359.37,0.9658,861.82,338.66,0.9279,809.72,295.53,0.9424,783.31,268.94,0.8373,824.23,139.22,0.9474,796.48,117.11,0.8133,684.39,425.66,0.9888,666.09,396.98,0.9785,487.24,366.02,0.9952,483.56,337.26,0.99,394.04,576.85,0.9867,398.12,545.63,0.9785
image_192 (1).png,lying,1,909.96,307.67,0.8604,923.65,309.11,0.7552,915.28,302.9,0.5527,936.27,337.46,0.5608,911.13,324.28,0.212,880.61,357.86,0.9635,866.08,338.55,0.9227,807.75,289.56,0.9392,782.62,265.96,0.8273,821.72,140.83,0.945,797.52,120.35,0.8039,688.72,425.94,0.9882,670.94,397.71,0.9775,488.82,367.84,0.9949,486.15,339.99,0.9894,393.42,576.9,0.9861,397.36,546.62,0.9775
image_193 (1).png,lying,1,909.94,307.58,0.8496,923.67,308.96,0.7444,916.13,302.79,0.5218,937.28,337.41,0.568,914.32,324.34,0.197,880.35,357.51,0.9628,869.92,338.95,0.9194,803.2,288.12,0.9393,784.62,266.99,0.8209,818.78,140.43,0.9447,798.89,121.34,0.7973,687.58,425.92,0.9885,672.31,397.9,0.9776,488.79,366.99,0.9952,487.41,339.08,0.9898,393.11,577.08,0.987,396.84,546.57,0.9788
image_194 (1).png,lying,1,898.34,306.63,0.951,913.09,308.83,0.9102,902.63,306.04,0.7774,930.85,339.72,0.7434,902.86,332.33,0.2875,888.06,360.77,0.9874,864.97,344.46,0.9622,822.93,278.15,0.9792,779.83,255.14,0.8948,794.3,134.3,0.9759,800.26,113.67,0.8664,688.83,423.75,0.994,668.34,395.7,0.9863,477.44,378.21,0.9954,469.47,357.86,0.9878,390.41,577.92,0.9815,399.92,555.93,0.9638
image_195 (1).png,lying,1,900.1,307.0,0.951,914.75,309.24,0.9112,904.25,306.69,0.7768,932.98,340.56,0.7489,904.93,333.83,0.2862,890.43,362.13,0.9872,868.93,345.3,0.9623,822.72,281.18,0.9786,785.18,255.05,0.8951,791.05,133.63,0.9756,806.59,111.36,0.8664,691.3,423.65,0.9939,671.46,395.2,0.9862,477.69,377.75,0.9955,470.5,357.05,0.9881,390.88,578.87,0.982,399.98,556.61,0.9649
image_196 (1).png,lying,1,900.04,307.52,0.9489,914.57,309.4,0.9055,904.32,306.82,0.7708,932.05,339.69,0.7364,904.8,332.92,0.2864,887.45,360.7,0.9867,868.42,344.83,0.962,816.88,278.99,0.9783,781.85,256.05,0.8956,788.63,133.93,0.9752,800.26,113.24,0.8674,689.94,423.44,0.9939,671.84,395.61,0.9863,477.54,378.7,0.9954,471.59,358.45,0.9881,390.72,578.75,0.9818,399.76,556.58,0.9646
image_197 (1).png,lying,1,867.28,302.48,0.977,885.6,304.35,0.9613,867.16,301.83,0.8603,914.89,340.68,0.8363,866.68,331.77,0.297,893.22,381.98,0.9927,827.89,343.46,0.972,883.6,327.03,0.9862,741.17,235.93,0.9143,902.96,217.2,0.9844,779.99,117.14,0.8946,686.71,451.87,0.9931,643.24,418.26,0.983,479.28,380.86,0.9926,457.84,364.31,0.981,383.95,566.58,0.9705,394.43,555.75,0.9437
image_198 (1).png,lying,1,886.47,307.79,0.9878,902.26,301.82,0.9731,876.7,304.97,0.9217,927.27,327.48,0.833,863.98,331.97,0.4452,919.74,387.27,0.9967,824.07,347.78,0.9889,945.97,390.49,0.9925,704.04,270.25,0.9613,987.64,283.92,0.9914,703.85,131.05,0.9517,698.92,468.03,0.996,642.58,435.09,0.9909,484.4,387.39,0.9939,466.47,379.92,0.9865,376.93,565.54,0.9675,389.45,562.6,0.9432
image_199 (1).png,lying,1,879.17,310.14,0.9889,900.56,312.32,0.976,875.76,304.34,0.9318,919.78,354.04,0.8266,856.78,331.27,0.4841,895.18,414.68,0.9968,799.29,367.98,0.9869,959.05,445.08,0.9922,683.74,343.89,0.9438,1053.32,384.07,0.9906,628.33,208.29,0.9386,683.49,455.39,0.9931,629.6,421.58,0.9822,500.35,366.24,0.9906,464.11,357.47,0.9771,389.49,550.5,0.9538,407.18,558.09,0.9154
image_200 (1).png,lying,1,878.75,306.25,0.9873,901.53,312.65,0.9762,879.31,300.79,0.91,922.55,362.85,0.8643,865.79,331.18,0.4301,892.1,430.39,0.9973,811.49,376.32,0.9851,951.77,476.58,0.9928,708.2,374.12,0.9248,1065.96,428.54,0.9901,626.4,254.84,0.918,678.96,462.97,0.9918,635.38,424.13,0.9761,500.4,375.65,0.9883,468.96,356.16,0.968,389.43,546.9,0.9426,413.26,546.89,0.8888
image_21 (1).png,lying,1,293.53,360.92,0.9511,302.51,341.23,0.9595,284.11,350.14,0.6823,357.82,318.1,0.9317,296.76,337.05,0.1886,447.11,349.53,0.998,348.19,356.46,0.9736,504.7,492.12,0.9929,372.59,461.15,0.8534,466.12,623.13,0.9541,362.98,568.78,0.74,627.83,374.78,0.996,551.92,393.34,0.9885,778.39,441.11,0.9842,656.95,458.02,0.9616,924.19,444.7,0.9357,771.29,457.2,0.9008
image_22 (1).png,lying,1,293.51,368.64,0.9519,301.81,348.21,0.9593,283.87,357.99,0.6995,355.51,324.03,0.9265,296.03,345.14,0.1971,444.81,355.75,0.9977,347.11,366.92,0.9716,505.91,497.68,0.9915,373.4,473.25,0.8449,466.33,625.78,0.9496,362.78,568.19,0.7385,621.08,382.93,0.9946,546.22,403.02,0.9852,771.66,436.62,0.9799,649.3,456.93,0.9534,916.29,438.53,0.925,760.07,455.03,0.8869
image_23 (1).png,lying,1,293.79,366.59,0.9512,302.73,346.8,0.9584,285.36,355.5,0.6884,357.22,323.18,0.9278,298.85,341.55,0.1891,445.77,354.85,0.9979,346.95,362.06,0.9728,506.53,499.79,0.9923,373.27,468.96,0.8516,464.23,629.87,0.9513,360.49,571.53,0.7381,620.35,383.66,0.9954,544.31,402.33,0.987,780.05,433.98,0.983,652.09,451.19,0.9599,931.38,440.64,0.9366,769.86,455.32,0.9036
image_231 (1).png,lying,1,834.84,409.48,0.9551,847.78,416.93,0.941,843.96,400.75,0.7646,855.09,442.29,0.8631,838.72,404.83,0.3266,813.09,481.99,0.9961,790.57,427.86,0.977,752.69,526.13,0.9917,698.63,448.91,0.8967,661.02,537.45,0.9854,674.85,510.25,0.8702,630.37,495.06,0.9973,617.14,450.37,0.992,447.51,489.65,0.9944,434.36,457.52,0.9819,288.22,576.19,0.9753,299.63,564.58,0.9445
image_232 (1).png,lying,1,836.83,412.49,0.923,846.89,419.76,0.8755,847.93,404.22,0.7003,847.83,441.96,0.776,844.81,405.65,0.3745,807.49,478.07,0.9937,789.79,428.62,0.9804,748.31,524.69,0.9865,697.89,461.12,0.9253,662.56,539.88,0.9761,671.17,521.73,0.8843,621.53,493.54,0.9969,612.27,450.03,0.9932,435.58,504.16,0.9925,424.64,468.82,0.9821,282.11,578.53,0.9666,291.75,559.73,0.9383
image_233 (1).png,lying,1,835.8,416.34,0.9104,845.52,421.43,0.8238,843.91,406.17,0.7294,845.27,438.12,0.6739,835.73,402.71,0.4769,806.3,474.9,0.9902,781.54,424.83,0.9847,749.96,531.44,0.9754,697.33,468.99,0.9465,663.79,540.71,0.9571,663.49,528.38,0.8972,612.78,493.22,0.9958,599.5,447.82,0.9936,423.65,526.93,0.9873,408.92,486.86,0.9789,254.15,573.12,0.9431,264.28,549.07,0.9163
image_234 (1).png,lying,1,843.66,412.01,0.8989,852.83,417.26,0.7982,851.3,403.4,0.6798,854.13,438.9,0.6545,846.45,407.17,0.3984,819.31,478.56,0.9911,789.79,430.87,0.9825,756.85,524.43,0.9825,689.64,464.25,0.9495,660.57,535.16,0.9666,666.31,514.18,0.9051,618.97,488.72,0.9968,603.09,444.94,0.9947,439.1,533.9,0.9878,427.02,500.34,0.9782,252.86,572.73,0.9357,260.19,555.75,0.8992
image_235 (1).png,lying,1,831.32,408.34,0.9017,838.38,414.44,0.8271,838.27,399.93,0.6805,836.74,432.75,0.716,831.12,401.47,0.4136,804.44,469.26,0.9942,783.82,424.36,0.9839,747.62,524.47,0.985,691.45,466.94,0.943,649.64,532.51,0.9675,667.48,513.07,0.8913,611.88,489.45,0.9984,601.71,446.26,0.9969,432.98,526.56,0.9958,426.14,498.2,0.9916,218.64,573.21,0.9779,233.39,564.92,0.9626
image_236 (1).png,lying,1,834.65,409.93,0.8153,839.02,414.05,0.6613,842.77,400.83,0.5667,832.94,425.38,0.5604,836.85,397.12,0.4109,804.56,456.13,0.987,787.68,419.76,0.9813,748.45,519.97,0.9672,696.96,479.37,0.9451,662.15,546.5,0.9335,676.71,534.31,0.8795,625.57,478.36,0.9973,618.03,439.58,0.9962,446.42,519.96,0.9935,439.79,493.91,0.9905,238.86,556.78,0.9727,250.73,547.23,0.9623
image_237 (1).png,lying,1,844.0,412.31,0.8797,849.78,416.6,0.7379,850.13,401.5,0.7299,840.76,427.36,0.5358,835.06,395.56,0.5406,804.12,455.65,0.987,784.58,421.31,0.9848,749.13,515.3,0.9608,696.52,483.54,0.9503,663.86,545.22,0.924,672.69,538.18,0.8891,627.1,475.62,0.9972,617.18,438.54,0.9963,463.3,517.85,0.9937,451.02,495.66,0.9916,236.81,555.21,0.9755,250.03,553.16,0.9678
image_238 (1).png,lying,1,838.66,408.11,0.8454,843.84,411.57,0.7199,843.96,397.73,0.6615,837.22,422.93,0.5455,831.37,394.37,0.4508,805.82,454.79,0.9822,786.97,421.87,0.9749,748.93,522.42,0.9469,697.56,488.58,0.9168,663.6,551.12,0.8971,679.02,542.85,0.8313,639.07,473.21,0.996,629.67,437.73,0.9942,476.29,514.92,0.9927,466.38,497.77,0.9896,247.36,552.87,0.9752,259.15,557.5,0.966
image_239 (1).png,lying,1,800.89,376.25,0.963,816.29,377.13,0.9634,800.88,366.24,0.7733,841.61,401.45,0.9082,797.21,379.18,0.2247,814.21,462.78,0.9963,764.91,412.11,0.9548,756.09,529.31,0.9907,672.97,447.23,0.7763,664.73,548.92,0.9788,635.19,501.59,0.7304,599.4,491.4,0.9953,571.24,445.15,0.9814,453.13,511.05,0.9851,434.0,473.69,0.9424,254.19,553.88,0.9362,264.46,532.7,0.8424
image_24 (1).png,lying,1,305.06,371.77,0.9566,311.57,350.67,0.9607,295.1,361.14,0.7337,360.22,322.18,0.9216,305.54,345.08,0.2237,442.72,349.79,0.9977,354.64,364.08,0.9741,500.91,494.28,0.9919,382.27,474.61,0.8598,464.16,623.66,0.9506,367.72,571.32,0.7538,615.63,381.09,0.9956,545.63,403.71,0.9883,778.58,431.69,0.9855,648.09,456.88,0.9671,932.11,441.13,0.9482,753.09,465.56,0.9219
image_25 (1).png,lying,1,304.38,373.32,0.9555,311.08,352.1,0.96,293.77,363.24,0.7243,361.03,323.72,0.9253,304.21,348.16,0.2242,445.17,352.78,0.9979,355.28,368.28,0.9761,504.95,497.12,0.992,383.35,477.74,0.8571,464.87,623.37,0.9499,368.8,569.29,0.7463,620.13,383.47,0.9955,552.5,406.66,0.9878,772.46,436.76,0.9847,667.84,462.11,0.9649,922.06,443.08,0.9429,787.28,466.18,0.9138
image_26 (1).png,lying,1,303.83,376.07,0.9576,310.63,354.74,0.9619,292.38,366.1,0.7366,360.29,326.72,0.9259,301.04,351.92,0.2288,444.49,354.47,0.998,352.54,371.59,0.976,506.14,495.58,0.9923,381.43,478.92,0.8577,467.26,624.52,0.9522,367.3,569.88,0.75,619.41,383.48,0.9957,549.96,407.21,0.9882,772.38,438.3,0.9853,663.93,464.08,0.9656,921.03,444.51,0.9445,780.89,467.05,0.9149
image_27 (1).png,lying,1,308.04,378.59,0.9553,313.49,356.81,0.959,295.93,369.69,0.7297,361.53,326.24,0.9239,304.27,354.95,0.2391,446.08,352.3,0.998,355.54,372.55,0.9772,507.82,493.73,0.9921,383.42,480.47,0.8545,465.73,619.93,0.9496,367.68,570.16,0.7375,619.29,381.9,0.9955,553.66,407.05,0.9875,763.78,436.84,0.9847,675.73,463.0,0.9639,915.01,446.86,0.9417,805.92,467.2,0.9103
image_28 (1).png,lying,1,307.68,377.7,0.9554,313.69,355.79,0.959,295.89,367.94,0.7307,362.28,325.6,0.9229,304.24,352.62,0.2379,447.48,354.09,0.998,353.7,372.15,0.9771,506.72,498.68,0.9919,380.7,482.57,0.8564,462.23,622.47,0.9484,364.95,574.0,0.7385,620.46,384.12,0.9954,551.51,408.19,0.9874,768.87,440.79,0.9839,669.11,465.38,0.9626,921.66,446.2,0.9386,794.97,465.85,0.9069
image_29 (1).png,lying,1,308.36,376.72,0.9511,314.0,355.07,0.9535,297.54,366.78,0.7138,360.56,324.48,0.9134,305.85,350.2,0.2307,445.36,352.66,0.9978,351.01,369.99,0.9752,506.86,498.55,0.992,380.08,482.3,0.8564,462.14,621.72,0.9495,366.77,574.53,0.7397,615.11,387.57,0.9956,544.08,411.49,0.9879,769.74,441.99,0.9842,655.03,466.87,0.9631,930.26,445.82,0.9407,779.26,466.6,0.9089
image_30 (1).png,lying,1,307.89,381.71,0.951,313.2,359.66,0.9534,296.12,372.42,0.7143,360.71,327.88,0.9145,304.37,356.28,0.2341,446.41,354.11,0.9978,352.46,373.4,0.9763,507.38,498.92,0.9918,380.84,484.19,0.8573,463.1,622.2,0.9483,366.64,572.85,0.7398,616.66,386.62,0.9955,547.42,411.15,0.9877,766.44,442.23,0.9842,665.71,466.81,0.9633,923.36,449.0,0.9397,793.78,467.08,0.9082
image_31 (1).png,lying,1,904.68,501.13,0.954,915.79,501.6,0.8178,906.41,488.75,0.921,916.72,507.32,0.4507,890.17,474.82,0.8479,876.32,536.39,0.9783,843.5,480.04,0.9959,856.97,580.47,0.9088,759.41,476.46,0.9882,863.8,614.83,0.8944,711.06,506.16,0.9741,745.52,574.99,0.993,724.31,541.08,0.9965,649.85,607.4,0.982,629.95,582.23,0.9916,539.77,619.14,0.949,533.75,612.77,0.9686
image_32 (1).png,lying,1,902.84,500.16,0.9559,914.08,500.63,0.8266,904.46,487.9,0.9231,915.66,506.86,0.4646,888.55,474.62,0.8479,875.94,536.75,0.9793,842.32,480.27,0.996,857.22,581.02,0.9118,758.51,476.53,0.9882,864.39,615.17,0.8968,710.59,506.22,0.974,744.42,574.93,0.9932,722.77,540.9,0.9965,649.29,607.03,0.9825,628.77,581.66,0.9917,539.26,619.82,0.9502,532.65,613.22,0.9691
image_33 (1).png,lying,1,904.54,500.99,0.9499,915.17,501.32,0.8071,906.3,489.23,0.9116,916.41,507.34,0.4545,891.45,476.59,0.8388,876.92,536.93,0.9787,845.86,482.07,0.9958,857.51,579.99,0.9125,761.47,477.61,0.9881,864.95,615.37,0.897,712.62,507.08,0.9738,745.04,577.46,0.9935,724.87,544.06,0.9967,647.9,609.13,0.9833,629.02,584.66,0.9921,540.41,620.07,0.9526,533.54,613.44,0.9705
image_34 (1).png,lying,1,904.34,501.54,0.9535,915.56,501.98,0.8225,906.12,489.41,0.9165,917.55,508.52,0.4721,891.14,476.6,0.8395,877.74,538.36,0.9794,846.04,482.55,0.9958,857.93,581.14,0.9134,762.17,477.89,0.9878,865.13,615.26,0.898,712.95,506.92,0.9732,747.11,578.8,0.9933,726.29,544.92,0.9965,649.54,609.9,0.9827,628.88,584.53,0.9916,541.72,620.25,0.9507,533.8,612.93,0.9691
image_35 (1).png,lying,1,906.46,502.51,0.9499,916.89,502.74,0.8071,907.96,490.67,0.912,917.82,508.14,0.4488,892.42,477.52,0.8385,878.61,537.02,0.9783,847.03,482.25,0.9957,860.25,580.24,0.9107,762.55,477.21,0.9879,867.01,617.19,0.8956,713.43,506.34,0.9736,747.31,576.37,0.9934,726.88,543.05,0.9966,649.64,608.41,0.9833,631.58,584.56,0.9921,539.91,618.66,0.9528,534.08,612.87,0.9708
image_36 (1).png,lying,1,907.36,502.57,0.9455,917.28,502.76,0.7921,909.08,491.06,0.9043,917.58,507.89,0.4372,894.02,478.14,0.832,878.85,536.64,0.9773,848.2,482.64,0.9955,860.42,579.76,0.9092,762.52,477.51,0.9875,866.93,616.68,0.8943,714.06,506.63,0.9729,746.87,577.45,0.9932,727.1,544.37,0.9965,647.06,609.34,0.9827,630.32,585.86,0.9917,538.79,619.72,0.9508,533.24,613.64,0.9693
image_37 (1).png,lying,1,908.23,503.87,0.9329,917.56,504.04,0.7469,910.17,492.48,0.8856,916.25,508.81,0.3965,894.52,479.5,0.8213,877.18,536.02,0.975,847.54,484.8,0.9952,862.24,577.46,0.9056,762.36,481.56,0.9875,874.71,618.99,0.8894,713.25,508.96,0.9725,746.37,577.53,0.9935,727.23,545.86,0.9967,648.2,608.79,0.9832,631.56,587.18,0.9921,538.9,615.43,0.9533,533.71,610.71,0.9711
image_38 (1).png,lying,1,906.74,502.88,0.9433,917.04,503.42,0.7815,908.7,490.99,0.903,917.0,509.12,0.4213,892.86,477.75,0.8329,877.75,537.1,0.9761,845.94,483.72,0.9955,861.44,578.25,0.9049,761.59,480.54,0.9878,872.61,616.96,0.8891,713.75,510.13,0.9731,748.61,578.93,0.9931,727.76,546.31,0.9965,652.34,610.42,0.9818,632.4,586.76,0.9916,541.98,615.78,0.9498,535.1,609.64,0.9692
image_39 (1).png,lying,1,906.43,503.14,0.9435,916.76,503.74,0.7818,908.44,491.25,0.9036,916.67,509.45,0.4212,892.6,477.91,0.8341,877.37,537.33,0.9762,845.64,483.75,0.9956,860.96,578.4,0.9054,761.6,480.33,0.988,872.46,616.93,0.8895,713.72,509.44,0.9733,748.15,578.66,0.9931,727.43,545.93,0.9966,651.61,610.02,0.9821,631.84,586.08,0.9917,541.1,616.19,0.9505,534.83,609.78,0.9697
image_40 (1).png,lying,1,906.77,503.01,0.9415,916.91,503.52,0.7744,908.82,491.26,0.9005,916.52,509.02,0.4163,893.1,477.98,0.8331,877.28,536.76,0.9759,846.07,483.77,0.9955,861.51,578.01,0.9048,761.94,480.47,0.9879,873.27,617.57,0.8886,713.98,509.21,0.9732,747.41,578.27,0.9932,727.19,545.8,0.9966,649.78,610.09,0.9823,631.35,586.86,0.9918,539.6,615.98,0.9507,534.75,610.23,0.9699
image_41 (1).png,lying,1,319.18,393.95,0.93,320.86,375.6,0.9272,309.43,386.68,0.6562,357.69,346.01,0.8771,314.69,370.84,0.2349,441.89,361.87,0.9973,351.92,378.62,0.9718,508.66,493.37,0.9917,375.45,477.35,0.8622,459.06,619.3,0.9483,368.22,568.38,0.7503,611.46,384.76,0.9956,543.07,408.42,0.9883,767.38,443.01,0.9835,652.06,466.17,0.9617,926.95,448.2,0.9365,772.39,463.65,0.9023
image_42 (1).png,lying,1,315.83,391.26,0.9248,317.26,372.82,0.9236,306.23,384.36,0.6292,354.98,343.27,0.8793,312.83,369.14,0.2201,441.32,360.23,0.9973,351.47,378.07,0.971,508.82,492.82,0.9919,375.27,478.08,0.8569,458.67,619.1,0.9488,368.79,567.86,0.7426,613.0,385.26,0.9957,545.41,409.4,0.9883,766.77,443.67,0.9839,657.67,467.13,0.9617,925.32,447.92,0.9372,781.06,462.63,0.9023
image_43 (1).png,lying,1,320.81,394.98,0.9347,322.85,377.11,0.931,310.31,387.68,0.6846,359.21,348.33,0.8753,313.2,372.11,0.255,441.51,362.35,0.9971,350.72,378.3,0.973,507.63,492.03,0.991,373.03,475.34,0.8676,459.39,617.28,0.9456,367.37,566.6,0.7589,615.11,379.4,0.9952,546.23,403.31,0.9878,771.5,443.16,0.9815,656.71,467.37,0.9589,927.33,446.49,0.9275,775.6,463.96,0.8917
image_44 (1).png,lying,1,321.04,396.38,0.9348,323.25,378.51,0.9322,310.97,388.89,0.6772,359.85,349.17,0.8806,314.22,372.62,0.2453,442.48,362.74,0.9973,350.07,379.83,0.9733,508.96,492.48,0.9917,372.19,478.3,0.8645,459.99,618.99,0.9479,365.55,567.34,0.7511,616.12,381.51,0.9956,546.88,405.93,0.9881,774.56,445.08,0.9825,661.28,468.47,0.9594,932.14,448.82,0.9303,785.37,464.58,0.8931
image_45 (1).png,lying,1,330.31,409.62,0.9429,331.55,391.22,0.9467,320.28,401.31,0.6953,364.91,354.22,0.9012,321.1,377.01,0.2352,447.54,360.61,0.9977,355.05,378.06,0.9719,514.52,499.55,0.9928,372.49,483.87,0.841,467.83,632.66,0.9499,366.41,570.19,0.7135,631.34,373.91,0.9952,564.59,398.94,0.9857,772.13,446.2,0.9819,666.85,469.34,0.9516,937.38,452.32,0.9264,804.7,466.36,0.8777
image_46 (1).png,lying,1,346.23,408.24,0.9266,345.31,392.16,0.9373,336.72,401.76,0.6171,373.32,355.52,0.9029,336.05,377.08,0.1988,451.99,354.69,0.9979,372.27,373.54,0.9704,505.15,492.04,0.9949,376.46,476.74,0.8535,463.55,628.88,0.9617,368.2,565.2,0.7415,657.11,353.84,0.9976,594.75,381.65,0.9924,780.16,456.72,0.9909,658.14,496.18,0.9732,937.95,432.96,0.9591,767.01,473.62,0.9257
image_47 (1).png,lying,1,334.14,404.02,0.8941,336.29,390.27,0.8975,330.03,395.32,0.5376,362.72,356.05,0.8717,330.9,363.75,0.195,438.89,351.92,0.9974,362.61,356.07,0.9706,514.6,495.48,0.9934,391.7,463.66,0.8675,466.82,622.41,0.9539,371.8,567.98,0.7394,636.59,342.74,0.9973,579.12,361.44,0.9926,731.96,474.07,0.9878,624.41,491.75,0.968,928.29,447.21,0.9447,791.17,463.61,0.9093
image_48 (1).png,lying,1,330.87,404.92,0.9114,326.92,388.88,0.9048,322.65,398.8,0.6158,346.51,349.22,0.8431,319.02,370.29,0.2334,431.64,346.88,0.9972,350.3,361.14,0.9654,512.28,491.51,0.9929,377.73,468.8,0.8531,463.18,616.57,0.9531,378.17,569.93,0.7401,627.61,361.35,0.996,565.93,385.5,0.9886,751.95,467.83,0.9798,638.76,491.06,0.9472,939.64,446.0,0.9145,781.71,460.17,0.8602
image_49 (1).png,lying,1,325.37,408.45,0.9162,320.63,391.69,0.9142,317.68,400.88,0.6213,339.07,354.07,0.8333,314.72,374.59,0.2109,427.29,357.47,0.9964,345.63,372.21,0.9506,505.6,488.38,0.9932,373.11,467.3,0.8359,455.35,625.47,0.9593,373.6,562.22,0.7498,621.2,376.93,0.9958,547.88,399.91,0.9872,774.98,466.18,0.9791,581.18,494.44,0.942,961.81,440.93,0.9124,659.78,462.4,0.8478
image_50 (1).png,lying,1,321.58,412.67,0.9112,317.49,394.98,0.907,312.93,404.5,0.6175,337.04,357.3,0.803,308.31,378.57,0.1972,424.56,363.17,0.9954,338.28,375.12,0.9368,501.33,493.67,0.9925,368.54,466.41,0.8255,454.26,626.27,0.9605,378.22,561.43,0.7582,609.77,386.35,0.9953,529.82,408.07,0.9855,772.62,465.97,0.9771,555.74,495.7,0.9372,961.3,442.86,0.9094,618.54,467.74,0.8418
image_51 (1).png,lying,1,866.72,505.25,0.9539,878.22,505.16,0.7969,868.82,491.98,0.9238,878.51,509.77,0.4296,853.95,475.52,0.8603,833.37,547.78,0.984,808.57,479.32,0.997,814.53,607.1,0.9303,717.68,477.94,0.9915,839.77,630.15,0.9057,663.06,502.26,0.9781,686.56,592.06,0.9958,673.08,552.67,0.9979,587.52,614.61,0.9891,576.23,584.84,0.9949,471.15,625.59,0.9692,475.27,616.71,0.9807
image_52 (1).png,lying,1,866.53,505.15,0.9569,878.3,505.15,0.808,868.69,491.66,0.9295,878.55,510.1,0.4405,853.7,475.12,0.868,832.68,548.71,0.9845,807.83,479.16,0.997,814.06,608.37,0.9297,717.57,477.77,0.9914,840.65,630.55,0.9043,663.8,502.18,0.9779,684.59,591.89,0.9956,671.19,552.02,0.9978,587.33,615.46,0.9886,575.93,584.64,0.9947,470.97,627.08,0.9676,475.11,617.23,0.9796
image_53 (1).png,lying,1,866.0,504.62,0.9582,878.02,504.89,0.8128,868.22,491.01,0.9321,878.5,510.48,0.4435,853.16,474.6,0.8713,832.68,549.25,0.9845,807.35,479.03,0.9971,814.54,608.27,0.9285,718.1,477.23,0.9916,840.88,630.41,0.903,664.15,501.77,0.9782,685.33,592.21,0.9956,671.53,552.0,0.9978,588.85,615.3,0.9886,576.27,583.77,0.9948,471.22,626.59,0.9679,475.27,616.34,0.9801
image_54 (1).png,lying,1,865.83,504.54,0.9572,877.7,504.68,0.8081,868.01,491.03,0.9308,878.17,509.91,0.4386,853.04,474.62,0.8702,832.73,548.45,0.9844,806.98,478.9,0.9971,813.59,607.8,0.9285,717.37,477.74,0.9918,839.37,629.79,0.903,664.12,502.13,0.9785,685.39,591.33,0.9958,671.3,551.39,0.9979,589.11,615.57,0.9892,576.33,584.09,0.9951,472.35,627.76,0.9695,475.64,617.27,0.9812
image_55 (1).png,lying,1,865.28,504.37,0.956,877.05,504.39,0.8022,867.33,491.06,0.9292,877.69,509.49,0.432,852.43,474.86,0.8691,832.7,547.98,0.984,806.8,479.07,0.9972,814.04,607.3,0.9272,716.91,477.84,0.9919,839.01,629.47,0.9018,662.84,502.43,0.9788,685.54,591.41,0.9958,671.42,551.8,0.998,587.94,615.91,0.9891,575.88,585.45,0.9951,471.57,626.86,0.9695,475.78,617.68,0.9814
image_56 (1).png,lying,1,864.47,505.09,0.9551,876.18,505.53,0.7992,866.96,491.54,0.9279,876.43,510.84,0.431,852.34,474.8,0.8689,831.55,548.59,0.984,806.34,478.74,0.9971,813.57,607.11,0.9274,717.76,477.45,0.9919,839.26,629.31,0.9017,664.79,502.02,0.9788,685.82,590.54,0.9958,672.04,550.5,0.998,591.72,615.04,0.9894,578.2,583.21,0.9953,472.86,626.98,0.9703,475.9,616.42,0.9819
image_57 (1).png,lying,1,865.63,505.47,0.9588,878.45,506.17,0.8137,868.68,491.3,0.9347,878.73,512.27,0.4469,853.69,473.93,0.8768,830.3,550.56,0.9844,805.93,478.64,0.9972,810.76,609.61,0.9257,716.45,477.96,0.9918,841.94,630.02,0.8989,663.09,502.3,0.9781,683.35,590.83,0.9955,670.05,550.15,0.9978,589.15,616.7,0.9886,574.97,583.85,0.9949,473.99,628.75,0.9679,476.65,618.08,0.9804
image_58 (1).png,lying,1,865.04,505.67,0.9577,877.54,506.02,0.8116,867.81,491.78,0.9314,878.28,511.51,0.4491,853.23,474.7,0.8702,831.06,549.86,0.9846,806.03,478.87,0.9971,811.05,609.37,0.9286,715.64,478.09,0.9916,841.33,630.06,0.9023,662.63,502.63,0.9778,683.56,590.45,0.9957,669.93,550.1,0.9979,588.38,616.7,0.989,574.82,584.36,0.995,474.38,629.51,0.9687,476.4,618.72,0.9806
image_59 (1).png,lying,1,864.77,504.64,0.9599,877.41,504.8,0.8199,867.13,490.6,0.9348,878.33,510.28,0.4519,851.78,473.64,0.8714,831.01,549.18,0.9849,805.06,478.37,0.9971,810.97,609.42,0.9294,715.03,478.32,0.9915,841.17,629.97,0.904,663.5,503.1,0.9779,684.04,590.24,0.9956,669.86,550.09,0.9978,588.66,615.32,0.9887,575.51,583.72,0.9948,472.92,628.44,0.968,475.87,618.68,0.98
image_60 (1).png,lying,1,864.4,505.27,0.9567,876.9,505.61,0.8089,867.07,491.39,0.9286,877.93,511.23,0.4445,852.42,474.45,0.8636,831.14,549.58,0.9844,805.98,478.87,0.9971,811.85,608.99,0.9297,715.17,478.17,0.9916,841.5,630.34,0.9049,661.14,503.3,0.9782,684.96,591.18,0.9957,671.26,551.02,0.9979,588.4,614.0,0.9891,575.22,582.78,0.995,472.39,627.31,0.9694,475.63,618.28,0.9809
image_81 (1).png,lying,1,471.29,497.5,0.8698,468.19,483.5,0.8576,465.89,493.18,0.6237,486.03,456.59,0.8341,474.35,478.83,0.3737,532.71,457.79,0.9888,510.28,483.46,0.9649,532.7,548.92,0.9708,524.02,568.81,0.8681,491.8,657.55,0.8834,513.96,644.59,0.7561,681.87,464.73,0.9872,651.5,488.34,0.98,788.19,560.84,0.9608,677.85,590.61,0.943,914.1,575.6,0.8678,725.61,604.79,0.8433
image_82 (1).png,lying,1,473.72,498.13,0.889,470.86,484.35,0.8816,468.44,493.41,0.6557,490.02,457.1,0.846,477.2,477.88,0.3684,538.47,458.27,0.9893,512.34,479.6,0.9653,536.2,547.99,0.974,520.03,559.16,0.8787,491.9,661.53,0.8969,510.1,644.5,0.7789,687.28,464.62,0.9879,652.34,486.12,0.9811,794.05,560.59,0.9606,666.6,589.67,0.9424,919.32,576.61,0.8643,702.37,606.87,0.8384
image_83 (1).png,lying,1,469.64,494.64,0.8676,466.04,480.57,0.8517,463.06,492.04,0.6248,482.62,454.65,0.8401,470.1,480.87,0.4064,528.95,456.37,0.9911,505.5,489.26,0.9701,537.23,542.28,0.9726,525.68,573.55,0.8602,495.21,651.32,0.8757,511.74,643.24,0.7218,674.51,471.29,0.9884,648.81,498.47,0.9807,776.5,564.7,0.9624,702.2,595.6,0.9422,905.09,572.61,0.8714,780.12,598.47,0.8428
image_84 (1).png,lying,1,452.5,491.56,0.8371,450.09,479.57,0.8464,450.6,486.5,0.4872,467.72,452.43,0.9014,467.38,467.48,0.3234,510.72,465.85,0.996,507.27,473.83,0.9696,524.91,566.59,0.9815,527.07,555.23,0.7938,503.0,657.85,0.8757,505.18,647.56,0.5813,657.84,500.75,0.9928,656.05,517.75,0.9831,757.18,580.55,0.978,759.62,588.61,0.9548,886.91,572.83,0.9337,886.48,575.15,0.9056
image_85 (1).png,lying,1,441.01,487.82,0.7991,438.27,476.27,0.8089,441.41,482.25,0.4283,455.51,450.68,0.8968,463.26,463.42,0.3142,499.61,468.63,0.9952,505.09,472.37,0.9676,514.69,566.38,0.9763,528.27,549.86,0.7874,502.28,651.8,0.8508,507.65,643.76,0.5679,645.53,512.98,0.9922,649.99,527.35,0.9831,747.6,589.02,0.9777,753.95,591.04,0.9584,876.86,575.62,0.9381,878.4,571.93,0.9173
image_86 (1).png,lying,1,440.15,486.6,0.782,437.61,475.31,0.7885,441.08,481.06,0.4036,455.01,450.62,0.889,463.4,462.57,0.3043,499.69,469.34,0.995,503.7,472.28,0.9676,516.14,567.42,0.9761,527.91,549.77,0.7946,503.51,652.48,0.8506,507.58,644.15,0.5759,644.13,514.69,0.9927,647.47,528.69,0.9844,746.22,591.15,0.979,750.23,592.89,0.9616,877.41,576.34,0.9415,876.65,573.04,0.9227
image_87 (1).png,lying,1,438.41,487.43,0.7886,436.12,476.1,0.8006,439.29,482.0,0.4119,453.86,451.15,0.8951,461.44,463.62,0.2995,497.85,468.54,0.995,502.38,473.36,0.9654,514.37,563.56,0.976,527.19,549.89,0.7782,504.74,650.26,0.8501,508.7,645.27,0.5554,642.13,516.04,0.9924,645.74,530.83,0.9832,744.16,592.73,0.9782,748.93,595.37,0.9587,874.56,577.09,0.9399,875.34,574.24,0.9188
image_88 (1).png,lying,1,438.84,487.43,0.783,436.49,476.4,0.7926,440.31,481.91,0.4029,453.55,451.63,0.8975,463.35,463.27,0.3044,496.14,468.99,0.9951,505.56,472.36,0.9672,511.58,564.92,0.9759,529.76,548.87,0.7885,504.73,652.05,0.8499,510.44,647.22,0.5648,641.33,515.81,0.9925,648.21,529.88,0.9838,741.81,594.22,0.9782,750.14,596.18,0.9595,870.75,577.93,0.9387,874.98,575.04,0.9183
image_89 (1).png,lying,1,439.78,488.08,0.7932,437.47,476.93,0.7982,440.6,482.74,0.4255,454.63,452.04,0.8927,462.16,464.38,0.3148,497.88,469.14,0.995,503.11,473.47,0.9683,514.55,565.68,0.9756,527.29,550.3,0.7964,506.01,655.21,0.8486,508.94,647.76,0.5754,642.15,515.54,0.9925,646.19,530.25,0.9841,744.0,593.37,0.9778,749.63,596.71,0.9596,872.52,576.16,0.9378,874.5,574.76,0.918
image_90 (1).png,lying,1,442.42,492.37,0.8123,439.64,480.79,0.8251,441.74,487.11,0.4474,456.69,454.08,0.8977,461.04,467.52,0.3106,502.15,470.4,0.9955,502.65,473.63,0.9669,521.45,570.34,0.9782,526.39,550.08,0.781,506.72,660.45,0.859,506.29,646.52,0.5623,646.61,512.72,0.9929,647.96,526.91,0.9839,742.15,594.45,0.9795,748.38,598.14,0.9598,872.1,576.55,0.9423,873.42,574.64,0.9198
image_sit_1002.png,sitting,1,673.81,231.5,0.9878,688.39,221.32,0.9792,665.49,221.8,0.916,713.2,229.74,0.9329,658.31,229.76,0.5102,745.12,292.31,0.9988,636.83,294.51,0.9938,808.68,306.77,0.9959,561.01,314.16,0.9574,879.28,330.04,0.9887,486.59,334.27,0.9332,721.2,458.1,0.9993,655.57,454.25,0.9982,667.68,530.0,0.9972,577.49,517.88,0.9934,706.44,663.81,0.981,604.39,644.01,0.968
image_sit_1005.png,sitting,1,672.87,230.95,0.988,687.26,221.12,0.9785,664.81,221.59,0.9189,711.95,230.52,0.9322,657.76,230.61,0.5345,746.49,294.44,0.9989,636.08,298.45,0.9948,812.66,320.47,0.9959,564.75,329.4,0.964,874.29,361.01,0.9887,491.43,360.81,0.9409,722.26,456.69,0.9993,655.52,453.43,0.9984,668.72,529.06,0.9974,577.64,519.29,0.9943,702.56,662.27,0.9821,603.94,646.42,0.9714
image_sit_1008.png,sitting,1,672.12,231.34,0.9877,686.13,221.24,0.9784,663.98,222.17,0.9163,710.96,230.37,0.9344,657.17,231.67,0.5275,748.53,295.13,0.9989,635.79,299.91,0.9948,816.3,328.22,0.996,566.47,335.1,0.9639,867.05,376.62,0.9891,498.19,371.25,0.9409,723.29,455.52,0.9993,655.02,452.38,0.9985,669.9,528.98,0.9975,577.54,520.79,0.9944,701.57,662.03,0.9828,602.5,648.16,0.9722
image_sit_1011.png,sitting,1,671.52,231.53,0.9878,685.6,221.3,0.9775,663.32,222.17,0.9186,710.34,231.0,0.9308,655.9,232.05,0.5451,746.69,298.31,0.9989,634.29,302.74,0.9952,813.98,344.28,0.9958,566.86,350.72,0.9667,864.48,403.5,0.9886,499.65,401.15,0.943,721.96,454.09,0.9994,653.78,451.47,0.9986,670.76,528.91,0.9977,578.22,523.28,0.995,703.24,661.54,0.984,603.21,652.18,0.9749
image_sit_1014.png,sitting,1,671.39,231.82,0.9879,685.41,221.3,0.9772,663.11,222.14,0.9226,710.13,231.27,0.9287,655.26,232.19,0.561,746.79,301.69,0.9989,634.79,304.26,0.9954,810.97,362.84,0.9954,575.56,361.84,0.9681,846.35,433.1,0.9875,516.8,419.43,0.9441,722.3,453.19,0.9993,653.44,449.71,0.9985,673.51,529.11,0.9972,577.91,523.68,0.9943,705.21,662.2,0.981,602.08,654.12,0.9713
image_sit_1017.png,sitting,1,672.21,231.66,0.9855,686.52,220.72,0.9715,663.54,221.56,0.9204,711.03,233.03,0.8973,654.88,232.88,0.5939,745.82,305.77,0.9977,636.44,304.72,0.9943,802.17,382.97,0.9899,587.77,376.78,0.9615,820.63,453.18,0.978,538.94,441.3,0.9375,724.66,454.8,0.9983,654.35,450.0,0.9971,673.96,524.61,0.9952,575.92,521.6,0.9924,703.52,655.99,0.9744,600.9,654.33,0.9678
image_sit_1020.png,sitting,1,672.65,231.55,0.9862,687.21,221.21,0.97,663.89,221.46,0.9245,711.26,234.37,0.8922,653.89,232.94,0.6212,743.5,307.28,0.9977,636.78,304.64,0.9956,799.85,390.56,0.9909,595.25,383.28,0.9731,817.57,464.77,0.9819,551.87,452.64,0.956,723.0,456.02,0.9986,653.36,449.97,0.9979,669.1,525.77,0.9969,575.44,519.02,0.9956,698.48,661.01,0.9843,605.09,654.14,0.9814
image_sit_1023.png,sitting,1,671.95,232.05,0.9855,686.54,221.58,0.968,663.3,221.77,0.9209,710.88,234.47,0.8893,653.54,232.9,0.6208,741.06,307.76,0.9977,637.56,304.99,0.9959,789.5,397.56,0.9908,601.36,389.14,0.975,804.28,481.1,0.9816,562.82,461.1,0.9581,721.5,455.65,0.9987,653.26,449.45,0.9981,666.89,525.19,0.9971,574.29,516.59,0.996,696.93,660.89,0.9857,605.6,650.56,0.9834
image_sit_1026.png,sitting,1,671.22,231.76,0.9872,686.21,221.82,0.9725,663.08,221.69,0.9294,711.43,233.48,0.9088,653.14,232.0,0.5959,740.04,305.16,0.9982,639.25,305.03,0.9962,781.15,396.64,0.9935,608.62,390.85,0.9793,788.19,485.98,0.9866,579.03,465.36,0.9644,721.73,456.66,0.9992,655.0,451.13,0.9988,671.52,530.18,0.9981,576.1,517.89,0.9971,703.46,668.34,0.9903,605.98,650.05,0.9879
image_sit_1029.png,sitting,1,669.6,232.61,0.984,683.83,221.67,0.9677,660.93,222.65,0.9202,708.38,233.98,0.8909,652.25,234.45,0.6147,740.87,307.36,0.9972,635.94,308.35,0.9946,773.53,400.4,0.9867,609.22,398.62,0.9629,770.59,485.92,0.9705,589.17,474.49,0.9324,723.06,459.45,0.9978,653.07,454.68,0.9968,668.61,528.12,0.9941,571.46,519.15,0.9916,699.32,658.85,0.9729,604.72,645.9,0.9679
image_sit_1032.png,sitting,1,669.1,233.2,0.9839,683.48,222.35,0.9674,660.38,223.4,0.9198,707.8,234.89,0.89,651.22,235.36,0.6105,739.78,307.91,0.9971,635.83,308.83,0.9944,772.24,402.51,0.9866,611.82,398.76,0.9627,765.96,488.14,0.9706,594.76,472.36,0.9331,724.05,459.95,0.9977,654.35,455.47,0.9966,667.21,525.79,0.9939,570.92,519.27,0.9913,698.61,657.1,0.9722,605.65,648.24,0.9669
image_sit_1035.png,sitting,1,668.36,232.95,0.9865,683.12,222.48,0.9694,659.44,223.5,0.9349,707.06,234.2,0.8981,648.49,235.22,0.638,735.84,306.5,0.9978,634.42,311.85,0.9961,768.35,397.45,0.991,616.08,400.71,0.9778,763.17,488.78,0.9803,601.36,469.9,0.957,720.21,460.07,0.9988,652.69,457.25,0.9983,665.24,527.77,0.9966,567.55,520.17,0.9952,701.73,664.01,0.9823,605.42,651.3,0.9786
image_sit_1038.png,sitting,1,666.64,232.36,0.9863,681.28,221.88,0.9688,657.62,222.98,0.9348,705.13,233.86,0.897,646.75,234.99,0.6409,734.55,307.22,0.9978,633.55,311.44,0.9961,766.99,402.39,0.9906,617.82,402.15,0.9778,759.57,490.86,0.9795,607.95,468.01,0.9567,720.11,460.29,0.9988,652.57,457.1,0.9983,665.34,527.51,0.9968,567.87,519.8,0.9955,701.89,663.49,0.9837,605.95,650.85,0.9806
image_sit_1041.png,sitting,1,664.48,232.67,0.9861,679.21,222.15,0.9692,655.14,223.27,0.9334,703.14,234.72,0.899,643.9,235.93,0.6313,733.44,309.52,0.9978,630.97,312.74,0.9957,766.56,406.8,0.9905,616.26,403.68,0.9754,756.8,492.8,0.9794,609.79,468.82,0.9535,719.55,462.25,0.9987,651.14,458.74,0.9981,664.82,527.0,0.9965,567.39,519.18,0.9949,701.26,663.37,0.9822,606.35,650.74,0.9783
image_sit_1044.png,sitting,1,664.01,232.74,0.986,678.65,222.17,0.9689,654.48,223.37,0.9342,702.34,234.76,0.897,642.92,236.24,0.6353,732.9,309.52,0.9977,629.91,313.59,0.9957,766.35,406.6,0.9901,615.76,405.55,0.9749,757.18,493.04,0.9786,610.0,469.86,0.9527,719.21,462.47,0.9986,650.55,459.32,0.998,665.05,526.7,0.9962,567.68,518.97,0.9946,700.6,663.73,0.9812,606.43,650.72,0.9772
image_sit_1047.png,sitting,1,661.81,230.55,0.9855,676.62,220.54,0.9697,652.56,221.47,0.9283,700.83,235.08,0.9039,641.64,236.03,0.6081,732.35,310.93,0.9978,628.52,315.31,0.9951,766.65,408.17,0.9907,614.67,408.91,0.9709,757.27,493.46,0.9795,610.38,471.39,0.9472,719.46,462.47,0.9986,650.35,459.4,0.9978,665.19,525.86,0.9963,567.09,518.08,0.9942,699.95,663.97,0.9813,606.63,650.69,0.9762
image_sit_1050.png,sitting,1,662.37,228.09,0.9853,676.99,218.62,0.9689,653.33,219.52,0.9268,701.0,234.63,0.9035,642.98,235.39,0.6102,732.61,311.57,0.9979,630.14,314.7,0.9955,768.42,408.88,0.9911,614.45,406.71,0.973,760.8,492.86,0.9803,607.21,470.61,0.9503,719.91,460.74,0.9988,651.8,457.3,0.9982,664.78,525.33,0.997,567.68,518.12,0.9954,700.74,662.56,0.9847,606.8,650.92,0.9807
image_sit_1053.png,sitting,1,667.18,228.04,0.987,682.25,218.93,0.973,659.25,218.86,0.9262,706.71,233.8,0.9132,649.21,232.24,0.5838,736.01,306.77,0.9983,634.63,308.42,0.9959,780.95,395.22,0.9939,603.08,394.23,0.977,789.19,482.97,0.9873,572.29,469.74,0.9614,720.06,455.55,0.9991,653.5,451.18,0.9986,664.74,527.29,0.998,570.88,518.02,0.9968,701.33,664.53,0.9896,606.7,650.06,0.9864
image_sit_1056.png,sitting,1,670.57,230.83,0.9855,684.49,220.55,0.9705,661.92,221.52,0.9168,708.18,234.28,0.9015,652.85,234.65,0.5963,742.49,308.32,0.998,634.76,306.67,0.9953,801.33,389.73,0.9921,588.77,379.93,0.9693,816.03,466.78,0.9835,542.89,445.79,0.9512,718.59,456.6,0.9988,649.28,450.95,0.998,665.19,527.71,0.9973,574.73,521.96,0.9957,697.02,661.36,0.9857,606.16,654.43,0.982
image_sit_1059.png,sitting,1,672.81,232.11,0.988,686.95,221.48,0.9772,664.28,222.88,0.9225,711.48,231.11,0.929,656.31,233.03,0.5604,748.77,300.68,0.9988,634.65,303.08,0.9954,817.59,346.41,0.9954,566.48,342.32,0.9684,860.05,406.99,0.9881,498.62,389.23,0.9468,722.06,455.13,0.9993,653.55,451.6,0.9985,664.85,529.05,0.9973,576.06,523.96,0.9945,701.38,660.64,0.9815,606.96,652.78,0.972
image_sit_1062.png,sitting,1,674.78,231.95,0.988,689.57,222.04,0.9789,666.6,222.49,0.9187,713.7,230.88,0.932,658.89,230.44,0.5243,745.43,293.38,0.9988,636.7,294.78,0.9943,811.31,308.49,0.9959,560.05,311.43,0.9607,879.88,334.06,0.9888,481.68,331.37,0.9373,721.42,459.05,0.9993,655.85,455.09,0.9983,663.33,530.28,0.9974,574.73,519.98,0.9938,704.57,661.52,0.9818,605.9,645.3,0.9699
image_sit_1065.png,sitting,1,675.04,230.6,0.9891,690.37,222.19,0.9758,666.53,221.91,0.9356,713.68,233.2,0.9123,657.78,230.74,0.5702,744.2,289.02,0.9986,637.9,286.03,0.9948,816.62,290.37,0.9949,562.5,284.63,0.9721,887.87,278.88,0.9861,491.55,270.06,0.9502,720.85,458.54,0.9992,654.55,452.93,0.9985,665.98,533.13,0.9976,579.76,520.36,0.9954,696.86,664.24,0.9836,607.71,645.64,0.9762
image_sit_1068.png,sitting,1,676.14,230.62,0.9894,691.45,222.05,0.9755,667.14,221.71,0.935,715.03,232.99,0.9103,658.19,230.49,0.5696,742.92,289.04,0.9987,639.63,284.43,0.9953,809.07,289.4,0.9957,565.32,283.24,0.9758,884.33,262.85,0.9878,497.77,259.77,0.9562,720.83,459.12,0.9993,655.6,452.83,0.9987,665.85,533.58,0.9979,579.54,518.39,0.9959,697.24,666.41,0.9848,605.25,644.03,0.9779
image_sit_1071.png,sitting,1,678.25,230.93,0.9896,693.32,222.12,0.975,669.02,221.97,0.9376,716.39,232.44,0.9062,659.69,230.34,0.5856,744.49,288.45,0.9987,641.06,283.58,0.9957,811.69,287.16,0.9956,566.32,281.13,0.978,888.44,255.48,0.9878,498.4,255.52,0.9591,721.9,459.81,0.9993,656.7,453.24,0.9988,665.08,533.81,0.998,579.55,517.93,0.9963,696.91,666.88,0.9855,605.21,643.46,0.9794
image_sit_1074.png,sitting,1,680.64,231.2,0.9897,695.74,222.54,0.9743,671.3,222.05,0.9406,717.8,233.04,0.8993,660.32,230.13,0.602,744.97,288.71,0.9986,641.02,284.15,0.9957,812.31,289.55,0.9952,568.37,283.58,0.9777,886.35,263.21,0.9867,498.58,259.37,0.9585,723.16,459.62,0.9993,657.6,453.2,0.9987,665.9,533.18,0.9979,579.5,517.74,0.9962,696.59,667.02,0.9854,605.78,644.41,0.9795
image_sit_1077.png,sitting,1,680.79,231.9,0.9894,695.98,223.07,0.975,671.56,222.68,0.9398,718.28,232.84,0.9023,660.6,230.31,0.5917,745.92,288.15,0.9985,640.5,284.88,0.9951,812.58,290.31,0.9947,564.95,285.46,0.9741,884.08,275.68,0.9854,490.29,270.39,0.9527,722.83,459.89,0.9992,656.69,453.89,0.9985,666.46,532.66,0.9976,579.36,517.61,0.9956,697.45,666.3,0.9843,606.22,644.02,0.9777
image_sit_1080.png,sitting,1,679.99,231.8,0.9894,695.23,222.96,0.9756,670.92,222.5,0.9388,717.68,232.79,0.906,660.15,230.0,0.5861,746.63,288.37,0.9985,638.29,285.08,0.9949,815.77,291.2,0.9947,557.48,286.62,0.9722,887.95,281.76,0.9855,484.08,277.03,0.9504,723.68,459.29,0.9991,656.36,453.6,0.9984,666.8,531.73,0.9975,579.67,517.9,0.9954,696.36,665.6,0.9838,606.59,644.72,0.9766
image_sit_1083.png,sitting,1,678.03,231.47,0.9884,693.42,221.89,0.9771,669.77,221.76,0.929,716.68,230.81,0.919,660.5,228.86,0.5512,745.14,290.13,0.9985,639.21,288.28,0.9948,815.4,295.37,0.995,562.17,296.35,0.9685,880.53,290.7,0.9868,485.42,296.94,0.9461,720.32,458.57,0.9992,654.82,452.77,0.9985,661.62,530.85,0.998,574.59,519.35,0.996,700.34,667.08,0.987,605.66,651.85,0.9806
image_sit_1086.png,sitting,1,676.35,232.62,0.9873,690.91,222.0,0.9771,667.8,222.58,0.923,714.82,229.04,0.9212,659.93,229.0,0.5404,746.6,289.4,0.9984,639.0,290.38,0.9937,811.15,297.69,0.9942,561.83,302.94,0.9585,877.59,301.98,0.9849,489.29,308.17,0.9325,724.22,456.96,0.9991,658.74,452.52,0.9982,666.69,531.11,0.9971,577.96,519.23,0.9939,704.71,665.05,0.9816,604.88,646.8,0.9716
image_sit_1089.png,sitting,1,675.28,231.68,0.9872,689.9,221.57,0.9773,667.04,221.86,0.9192,714.24,229.62,0.9247,659.7,229.24,0.5269,744.07,290.19,0.9985,639.17,292.56,0.9938,799.01,300.58,0.9948,563.82,310.85,0.9592,859.51,311.01,0.9863,491.5,324.96,0.9344,723.43,456.88,0.9992,659.21,452.87,0.9982,666.97,531.74,0.9971,578.29,518.97,0.9936,704.43,664.81,0.9807,604.76,645.01,0.9696
image_sit_1092.png,sitting,1,673.9,231.48,0.9878,688.48,221.43,0.9783,665.94,221.69,0.9185,713.27,230.34,0.9302,659.01,229.94,0.528,745.86,292.97,0.9988,637.7,296.91,0.9944,807.41,312.0,0.9955,564.11,323.21,0.9619,870.42,339.83,0.988,490.12,342.74,0.9385,723.66,455.98,0.9992,658.07,452.53,0.9983,668.33,530.15,0.9972,578.04,518.52,0.9937,703.22,664.59,0.9805,604.38,645.67,0.9689
image_sit_1095.png,sitting,1,673.14,231.35,0.9878,687.28,221.44,0.9782,665.06,222.0,0.9169,712.16,230.94,0.9329,658.3,231.45,0.5338,747.89,295.12,0.9989,637.54,300.37,0.995,812.66,324.2,0.996,569.47,335.47,0.9658,870.0,370.47,0.9891,498.86,367.89,0.9434,724.11,455.34,0.9994,657.25,452.12,0.9986,670.48,530.35,0.9976,578.81,519.53,0.9947,701.57,664.54,0.983,603.31,646.34,0.973
image_sit_1098.png,sitting,1,672.18,232.0,0.9876,686.12,221.46,0.9767,663.84,222.66,0.9185,711.38,230.83,0.929,656.66,232.92,0.5466,748.41,298.29,0.9989,636.76,304.2,0.9955,812.27,345.92,0.9957,572.1,354.85,0.9694,852.7,402.47,0.9885,503.99,405.14,0.9472,723.51,453.63,0.9994,655.42,451.02,0.9987,672.45,528.21,0.9978,579.53,522.07,0.9955,703.38,662.56,0.9851,603.39,652.91,0.9773
image_sit_1101.png,sitting,1,671.36,232.35,0.9879,684.88,221.54,0.9754,662.81,222.87,0.9266,709.1,231.18,0.9216,655.04,233.29,0.5897,745.88,302.1,0.9988,636.48,306.27,0.996,807.42,366.94,0.9947,582.6,369.02,0.9727,839.5,440.09,0.9861,526.63,429.58,0.9494,723.22,453.55,0.9993,655.56,450.63,0.9986,674.45,528.57,0.9973,579.49,523.3,0.9952,706.61,662.53,0.9828,603.36,654.27,0.9758
image_sit_1104.png,sitting,1,669.46,231.75,0.9849,683.23,220.8,0.9697,660.75,221.98,0.9171,707.44,233.16,0.8966,652.83,233.74,0.601,743.73,306.36,0.9978,636.12,305.57,0.9948,797.83,387.44,0.9902,593.47,382.88,0.9652,816.35,459.8,0.978,551.54,453.5,0.9403,725.53,455.99,0.9984,655.83,450.92,0.9974,671.14,525.31,0.9955,573.36,519.32,0.9931,704.79,656.98,0.9764,601.89,649.47,0.9708
image_sit_1107.png,sitting,1,667.52,230.39,0.9874,682.15,220.38,0.9726,659.49,220.84,0.9291,706.86,232.5,0.9129,650.46,232.17,0.6076,737.76,304.59,0.9985,636.26,307.68,0.9965,784.8,389.83,0.9939,603.66,391.77,0.9786,797.32,474.52,0.9856,568.09,462.73,0.9592,721.08,454.49,0.9992,655.19,450.48,0.9988,664.89,524.63,0.998,570.58,515.59,0.9968,701.49,665.19,0.9889,605.97,651.2,0.9857
image_sit_1110.png,sitting,1,666.37,230.35,0.9868,681.12,220.85,0.9724,658.52,220.69,0.9256,706.06,233.66,0.9125,649.34,232.04,0.5872,735.74,305.31,0.9983,637.41,306.21,0.9962,778.0,395.72,0.9939,610.87,392.49,0.9794,786.43,485.9,0.9871,583.3,465.03,0.9641,721.76,456.23,0.9992,656.39,451.03,0.9988,668.74,530.16,0.9983,573.58,517.53,0.9974,702.55,668.76,0.9912,605.17,648.99,0.9889
image_sit_1113.png,sitting,1,665.04,230.71,0.9834,679.22,220.33,0.9675,656.86,221.05,0.9104,704.58,234.28,0.8983,649.7,234.11,0.5869,738.54,308.4,0.9975,635.59,308.53,0.9945,773.08,402.01,0.9885,611.1,399.13,0.9629,774.32,488.4,0.9737,591.95,473.74,0.9332,724.77,459.16,0.9981,655.86,453.91,0.997,668.42,528.26,0.9948,571.48,518.22,0.9922,699.99,661.11,0.9753,605.05,646.46,0.9699
image_sit_1116.png,sitting,1,664.07,230.69,0.9828,678.46,220.1,0.9678,655.82,220.94,0.9064,703.74,233.94,0.9008,648.33,233.95,0.5672,737.4,308.18,0.9973,635.25,309.13,0.9938,771.35,403.33,0.9882,614.25,400.12,0.9574,767.7,489.55,0.9733,597.28,469.54,0.9266,725.47,459.76,0.9978,656.92,454.97,0.9964,666.59,526.38,0.9941,570.49,518.44,0.9907,699.14,659.11,0.9721,606.0,647.55,0.9648
image_sit_1119.png,sitting,1,664.01,231.37,0.986,678.27,220.99,0.9696,655.35,221.63,0.9261,702.57,234.56,0.901,646.69,234.57,0.5899,734.87,309.71,0.998,633.63,313.23,0.9941,768.58,401.88,0.991,615.6,404.57,0.963,763.29,491.57,0.9761,602.92,473.29,0.93,721.39,461.9,0.9978,655.11,458.89,0.9963,669.23,527.54,0.9916,581.06,518.99,0.9857,696.0,663.38,0.9522,617.39,649.06,0.9348
image_sit_1122.png,sitting,1,662.47,229.87,0.9849,676.63,220.09,0.9707,654.06,220.73,0.9153,701.17,233.99,0.9152,645.84,234.38,0.5655,734.47,308.7,0.9983,632.24,312.64,0.9947,768.2,401.09,0.9926,616.05,403.46,0.9651,763.21,491.09,0.9805,606.15,466.96,0.9345,721.34,459.14,0.9986,654.32,455.58,0.9975,668.4,525.39,0.9953,571.88,516.06,0.9916,699.07,662.23,0.9741,607.01,646.66,0.9638
image_sit_1125.png,sitting,1,661.65,229.05,0.9847,675.83,219.46,0.9707,653.13,220.21,0.9136,700.55,234.03,0.916,644.92,234.75,0.5584,734.3,308.7,0.9983,631.63,313.38,0.9946,768.34,400.71,0.9927,616.02,404.3,0.9642,763.04,490.67,0.9808,606.97,466.87,0.9338,721.66,459.06,0.9986,654.31,455.88,0.9975,668.71,524.61,0.9954,571.87,516.13,0.9917,698.86,662.11,0.9748,607.07,647.6,0.9645
image_sit_1128.png,sitting,1,662.83,228.21,0.9821,677.25,218.17,0.9671,654.23,218.94,0.9028,702.27,234.18,0.901,646.1,234.32,0.5571,736.02,309.48,0.9972,633.22,311.23,0.9931,769.85,403.28,0.988,616.4,401.55,0.9532,763.95,489.4,0.9731,604.23,468.26,0.9219,724.1,459.61,0.9976,654.97,455.18,0.996,667.25,526.18,0.9935,570.77,518.61,0.9894,698.08,659.81,0.969,605.91,648.56,0.9601
image_sit_1131.png,sitting,1,664.3,228.43,0.9837,678.69,218.21,0.9701,656.21,219.13,0.9065,704.53,233.13,0.9087,649.41,233.37,0.5637,738.07,308.04,0.9978,634.46,308.97,0.994,774.78,397.89,0.9902,607.58,396.69,0.9573,776.8,484.3,0.977,586.06,475.0,0.9264,721.33,458.67,0.9982,652.71,454.0,0.9968,664.75,527.14,0.995,570.08,518.9,0.9915,699.38,658.88,0.9751,606.88,646.44,0.9673
image_sit_1134.png,sitting,1,669.01,231.38,0.9851,682.99,220.82,0.9707,660.81,221.89,0.9105,708.28,233.78,0.9055,653.7,234.45,0.5721,742.84,307.09,0.998,637.53,306.31,0.995,800.2,387.19,0.9922,591.22,381.17,0.9676,816.53,458.55,0.9838,542.78,445.06,0.9494,719.43,456.91,0.9988,651.45,451.37,0.9979,666.54,527.76,0.9973,576.41,521.87,0.9956,697.51,661.95,0.9858,605.43,655.03,0.9818
image_sit_1137.png,sitting,1,672.06,231.77,0.9877,686.15,221.4,0.9779,664.09,222.68,0.9164,711.39,231.1,0.9338,657.37,232.92,0.5306,749.33,299.03,0.9989,636.94,302.75,0.9951,818.29,345.23,0.9958,569.22,345.23,0.9658,858.61,402.47,0.9889,499.29,390.3,0.9434,723.47,453.67,0.9993,655.56,450.41,0.9985,667.7,527.53,0.9975,577.26,523.1,0.9945,702.23,660.16,0.9822,605.09,653.43,0.9719
image_sit_1140.png,sitting,1,672.83,231.35,0.9874,687.42,221.52,0.9794,665.17,221.96,0.909,712.56,230.43,0.9374,659.19,230.13,0.4874,744.6,293.03,0.9989,638.93,294.6,0.9935,810.05,309.84,0.9963,566.29,314.04,0.9552,878.65,333.68,0.9897,491.53,331.5,0.931,720.12,457.56,0.9993,656.14,453.41,0.9982,664.45,530.87,0.9974,576.88,519.92,0.9934,704.65,662.57,0.9815,605.38,644.96,0.9677
image_sit_1143.png,sitting,1,672.68,230.96,0.9865,687.6,221.2,0.9785,665.2,221.38,0.911,712.7,229.89,0.9319,659.55,228.8,0.4827,745.79,290.08,0.9986,639.41,290.16,0.9919,816.23,292.3,0.9949,566.67,295.63,0.9458,881.94,290.55,0.9861,497.39,293.19,0.9171,721.66,458.12,0.9992,656.86,453.21,0.9979,666.46,530.03,0.9973,577.01,519.45,0.9935,704.86,663.65,0.9829,605.0,648.61,0.9712
image_sit_1146.png,sitting,1,673.36,229.61,0.9888,688.82,221.35,0.9773,665.23,221.0,0.924,713.31,232.8,0.9244,658.39,230.33,0.512,741.92,289.29,0.9988,640.42,285.38,0.9942,808.05,290.48,0.9962,566.09,283.71,0.9683,881.0,270.91,0.989,498.31,263.63,0.9462,718.94,459.93,0.9993,655.14,454.0,0.9985,664.76,532.9,0.998,580.99,519.16,0.9955,697.18,664.91,0.9856,607.81,644.44,0.9769
image_sit_1149.png,sitting,1,673.6,229.78,0.9889,688.85,221.38,0.9766,665.36,221.26,0.9257,713.24,232.59,0.9219,658.67,230.73,0.5218,741.61,289.2,0.9988,641.68,285.47,0.9946,806.39,290.77,0.9962,569.94,284.34,0.9714,877.28,268.15,0.9892,502.32,263.12,0.9507,717.99,460.18,0.9993,654.82,454.08,0.9986,664.22,533.13,0.998,580.61,518.84,0.9957,697.61,665.15,0.9857,606.81,644.08,0.9776
image_sit_1152.png,sitting,1,675.7,229.59,0.9887,690.87,221.37,0.9765,667.16,221.04,0.9284,714.12,232.88,0.9191,658.78,230.59,0.5377,743.5,289.17,0.9988,638.95,286.12,0.9943,810.02,289.57,0.9957,562.68,284.18,0.9685,879.9,274.56,0.9877,493.64,266.84,0.9457,720.41,459.62,0.9993,654.99,453.96,0.9985,666.17,534.22,0.9978,580.62,520.2,0.9954,697.38,665.03,0.9851,607.52,643.53,0.9767
image_sit_1155.png,sitting,1,675.44,230.09,0.9863,690.4,220.38,0.9784,667.38,220.42,0.9152,713.99,229.46,0.9282,659.86,228.02,0.495,745.95,290.56,0.9984,636.47,288.98,0.991,814.65,289.42,0.9941,558.36,288.32,0.9378,877.12,282.96,0.9842,492.62,283.12,0.907,720.93,458.6,0.999,654.58,453.63,0.9976,666.39,529.82,0.9971,576.66,519.93,0.993,704.71,663.23,0.9829,605.63,649.33,0.9708
image_sit_1158.png,sitting,1,675.65,230.34,0.9866,690.61,220.63,0.9777,667.35,220.83,0.9193,714.48,229.64,0.9249,659.64,228.75,0.5178,745.95,289.84,0.9984,638.68,290.64,0.9922,813.05,293.67,0.9939,567.42,297.34,0.9473,876.75,294.8,0.9837,496.89,293.57,0.917,720.86,457.83,0.9991,655.32,453.25,0.9979,666.55,529.9,0.9971,576.01,518.96,0.9936,703.67,662.67,0.9829,604.3,646.88,0.9723
image_sit_1161.png,sitting,1,675.02,229.67,0.9867,689.68,220.38,0.9774,666.87,220.49,0.9171,713.67,229.97,0.9255,659.63,229.15,0.5143,742.82,289.99,0.9985,639.44,290.59,0.9929,798.23,297.6,0.9946,565.85,301.66,0.9539,856.55,301.98,0.9857,495.0,306.07,0.9275,720.75,456.01,0.9991,657.1,451.43,0.9981,666.49,531.18,0.9971,577.89,519.04,0.9935,703.49,663.72,0.9815,603.77,645.75,0.9702
image_sit_1164.png,sitting,1,673.54,229.89,0.9872,687.85,220.29,0.9779,665.52,220.91,0.9152,712.08,229.64,0.9296,658.97,230.03,0.513,743.63,290.71,0.9987,638.32,293.99,0.9937,802.89,301.74,0.9955,564.19,311.3,0.958,863.99,316.67,0.9878,492.46,324.2,0.9339,721.17,456.12,0.9992,656.91,452.59,0.9982,665.54,530.27,0.9972,576.84,519.38,0.9936,704.04,663.12,0.9811,603.87,645.46,0.9689
image_sit_1167.png,sitting,1,671.97,230.95,0.9873,686.16,221.01,0.978,664.08,221.87,0.9137,710.96,230.13,0.9319,657.99,231.15,0.5125,743.86,292.83,0.9988,638.13,297.88,0.9941,804.09,312.7,0.9957,567.75,323.25,0.9601,861.91,341.88,0.9885,495.98,342.6,0.9368,721.05,456.02,0.9993,656.79,453.16,0.9983,666.22,529.1,0.9973,577.55,519.66,0.9937,703.13,661.98,0.9812,604.26,645.91,0.9693
image_sit_1170.png,sitting,1,670.49,231.04,0.9873,684.22,221.0,0.9772,662.53,222.37,0.9139,708.84,229.96,0.9328,656.54,232.22,0.5277,746.04,293.28,0.9989,637.78,299.69,0.9949,812.92,324.57,0.9959,572.53,334.0,0.9658,861.19,368.74,0.989,497.8,365.53,0.9432,721.43,454.79,0.9993,655.66,451.86,0.9985,665.68,529.58,0.9973,575.96,521.04,0.9941,701.42,661.28,0.9806,603.54,646.74,0.9693
image_sit_1173.png,sitting,1,669.05,231.26,0.9868,682.87,220.89,0.976,661.06,222.33,0.9117,708.01,230.63,0.9308,654.75,232.97,0.5291,745.97,298.37,0.9989,635.11,304.03,0.9951,814.25,345.98,0.9958,572.59,351.75,0.9663,856.11,403.94,0.9885,503.16,398.07,0.9425,720.05,454.09,0.9994,652.68,451.5,0.9986,668.39,529.19,0.9977,576.36,524.29,0.995,703.51,660.06,0.984,603.4,652.18,0.975
image_sit_1176.png,sitting,1,667.99,231.25,0.9873,681.6,220.57,0.9762,659.89,222.01,0.9169,706.59,230.58,0.9299,653.34,232.86,0.5484,744.51,301.93,0.9989,635.04,305.62,0.9953,808.77,365.92,0.9954,580.26,364.22,0.9677,839.88,441.4,0.9875,521.37,421.4,0.9432,719.96,453.42,0.9993,652.67,450.16,0.9985,670.78,528.29,0.9973,577.06,523.36,0.9946,704.96,660.61,0.9823,602.89,652.74,0.9731
image_sit_1179.png,sitting,1,667.99,231.01,0.9876,682.24,220.6,0.9747,659.96,221.58,0.9246,707.2,231.44,0.9218,651.92,232.31,0.5783,740.91,303.69,0.9987,636.76,305.38,0.9961,800.54,382.28,0.9949,590.26,376.8,0.9752,821.82,454.5,0.9876,540.75,437.17,0.9562,720.66,453.06,0.9993,654.94,449.22,0.9988,667.74,528.62,0.9981,577.57,524.75,0.9967,702.98,662.52,0.9884,606.56,657.59,0.984
image_sit_1182.png,sitting,1,666.84,231.58,0.9837,680.63,220.26,0.9677,658.36,221.86,0.9098,705.85,232.18,0.8959,651.51,233.67,0.5817,742.15,305.79,0.9976,636.14,305.76,0.9945,790.1,391.31,0.9895,597.27,385.79,0.9639,801.42,469.0,0.9767,557.73,455.07,0.938,724.38,456.45,0.9982,655.17,451.32,0.9972,667.89,524.37,0.9951,570.25,517.12,0.9926,704.72,657.23,0.9751,602.67,647.09,0.9695
image_sit_1185.png,sitting,1,666.66,231.04,0.987,681.54,220.94,0.9726,658.6,221.44,0.926,707.28,233.03,0.9112,649.74,232.68,0.5808,737.11,304.89,0.9983,638.87,305.78,0.9962,783.66,394.8,0.9937,607.13,389.24,0.9792,794.38,479.63,0.9871,569.35,459.5,0.9646,721.4,455.06,0.9992,656.6,450.09,0.9988,666.18,525.52,0.9982,573.06,515.93,0.9973,703.36,665.36,0.9908,605.98,651.01,0.9885
image_sit_1188.png,sitting,1,665.8,231.63,0.9868,680.74,221.64,0.973,657.77,221.83,0.9242,706.6,233.57,0.9146,648.9,232.66,0.5732,736.14,305.63,0.9983,638.11,305.78,0.996,777.55,396.44,0.9939,610.99,389.87,0.9781,782.09,482.89,0.9874,581.2,463.78,0.9631,720.94,457.32,0.9992,655.78,451.89,0.9987,667.76,528.91,0.9982,573.25,517.62,0.9971,702.83,666.49,0.9906,604.56,649.8,0.9879
image_sit_1191.png,sitting,1,663.87,232.06,0.9839,678.16,221.09,0.9688,655.46,222.24,0.9133,704.14,233.67,0.9008,648.31,234.46,0.5867,738.44,307.39,0.9975,634.97,308.17,0.9945,773.34,399.29,0.9885,610.14,396.5,0.9625,772.28,484.07,0.9741,589.66,471.94,0.9333,723.54,459.6,0.998,654.53,454.51,0.9969,665.93,526.65,0.9946,569.89,517.28,0.9919,698.79,659.19,0.9744,604.74,645.55,0.9687
image_sit_1194.png,sitting,1,662.93,232.0,0.9833,677.13,221.26,0.9684,654.27,222.3,0.9104,702.29,234.67,0.9008,646.42,235.35,0.5777,736.53,308.42,0.9973,634.17,310.36,0.9938,771.83,401.53,0.9878,614.07,399.83,0.9576,768.32,489.54,0.9726,597.14,469.51,0.9271,724.62,459.82,0.9977,656.11,455.42,0.9963,667.72,526.3,0.9937,572.2,518.82,0.9903,697.55,658.6,0.9704,605.36,647.35,0.9632
image_sit_1197.png,sitting,1,662.64,231.8,0.986,676.91,221.5,0.9698,653.79,222.21,0.9268,701.39,235.34,0.9012,644.96,235.44,0.5902,734.33,310.74,0.998,632.94,313.12,0.994,769.86,405.5,0.9908,615.77,404.68,0.9625,765.1,495.71,0.9752,604.34,473.78,0.9287,721.85,461.21,0.9978,655.36,457.84,0.9963,669.03,527.9,0.9917,580.7,519.88,0.9859,695.82,662.65,0.9529,616.8,649.61,0.936
image_sit_1200.png,sitting,1,661.49,230.72,0.9849,675.83,220.98,0.9709,652.89,221.55,0.9164,700.47,234.95,0.9149,644.2,235.16,0.567,733.53,308.91,0.9983,631.18,313.37,0.9946,768.19,401.59,0.9924,616.74,404.84,0.9644,763.94,493.06,0.9799,608.11,467.44,0.9332,721.71,458.65,0.9986,654.47,455.56,0.9975,669.76,524.82,0.9953,572.43,517.18,0.9916,698.46,660.0,0.9742,606.31,647.15,0.964
image_sit_1203.png,sitting,1,660.82,230.09,0.9846,675.17,220.49,0.971,652.21,221.07,0.9142,700.18,234.96,0.9166,643.8,235.32,0.5585,733.71,309.51,0.9982,630.54,313.86,0.9943,768.1,402.56,0.9924,616.75,405.56,0.9619,763.58,494.08,0.9796,609.65,467.75,0.9292,720.46,459.05,0.9985,652.68,455.82,0.9973,670.43,526.61,0.995,572.57,518.31,0.9909,698.59,660.7,0.9726,606.03,646.79,0.9612
image_sit_1206.png,sitting,1,661.67,229.41,0.9847,676.01,219.91,0.9706,653.0,220.52,0.9154,700.72,234.78,0.9146,644.36,235.13,0.5651,734.09,309.62,0.9982,630.8,313.72,0.9945,768.41,402.48,0.9923,615.73,404.83,0.9638,763.77,493.59,0.9797,607.53,467.88,0.9325,721.15,458.87,0.9986,653.37,455.61,0.9974,669.35,525.3,0.9951,571.74,517.35,0.9913,698.37,660.24,0.9732,606.08,647.02,0.9626
image_sit_1209.png,sitting,1,663.5,228.66,0.983,677.85,218.78,0.9682,655.0,219.52,0.9107,702.64,234.97,0.899,646.85,235.06,0.579,736.64,310.07,0.9972,632.1,312.83,0.9934,772.42,400.42,0.9871,610.24,402.42,0.9541,770.63,486.95,0.9712,596.77,472.37,0.922,723.93,458.94,0.9975,654.47,455.29,0.996,668.25,526.18,0.9933,572.86,520.08,0.9895,696.54,657.13,0.9686,606.67,647.84,0.9605
image_sit_1212.png,sitting,1,666.86,228.94,0.985,681.09,219.04,0.9687,658.28,219.7,0.9152,705.29,234.04,0.8973,649.3,233.73,0.5988,737.92,308.56,0.9978,633.23,308.01,0.9954,786.54,395.27,0.9913,596.28,390.03,0.9713,800.69,480.62,0.9822,561.23,462.24,0.9529,720.39,457.26,0.9986,651.98,452.14,0.9979,663.4,525.81,0.997,573.08,518.67,0.9954,694.76,659.29,0.9847,606.95,649.49,0.9813
image_sit_1215.png,sitting,1,670.51,230.32,0.9862,684.24,220.54,0.9747,662.25,221.34,0.9071,707.86,234.51,0.9186,654.21,234.74,0.5415,743.29,306.01,0.9985,635.27,304.74,0.9946,807.05,369.03,0.9945,575.21,361.05,0.9636,836.15,434.79,0.9877,514.8,414.42,0.9466,720.46,456.23,0.999,652.13,450.55,0.998,664.41,530.6,0.9976,575.73,523.85,0.9954,696.54,663.23,0.986,603.78,653.49,0.9799
image_sit_1218.png,sitting,1,671.58,231.4,0.9874,685.48,221.16,0.9781,663.53,222.24,0.9134,709.69,230.24,0.9346,656.85,231.76,0.5203,746.5,295.72,0.9989,635.4,300.4,0.9946,813.3,325.94,0.996,562.5,329.68,0.9621,866.34,369.98,0.989,489.47,353.88,0.9392,722.71,455.72,0.9993,656.21,452.81,0.9984,666.03,530.01,0.9975,578.05,522.27,0.9944,700.77,661.73,0.9829,605.83,647.91,0.9721
image_sit_1221.png,sitting,1,671.96,230.95,0.9879,687.05,221.57,0.9785,664.09,221.81,0.9183,711.23,231.22,0.9301,656.4,230.23,0.5044,739.75,292.33,0.9987,635.99,290.83,0.9941,804.03,304.28,0.9958,555.04,299.29,0.9625,868.34,314.03,0.9885,478.41,304.26,0.9394,717.67,456.89,0.9993,654.01,452.08,0.9985,659.44,530.11,0.9982,575.74,520.86,0.996,700.58,664.48,0.9887,606.86,650.66,0.9816
image_sit_1224.png,sitting,1,671.57,230.62,0.9885,686.76,221.55,0.9772,663.96,221.54,0.9223,711.21,231.24,0.9252,657.55,229.61,0.5254,737.84,290.26,0.9988,640.95,287.62,0.9954,801.72,293.71,0.9961,570.25,286.77,0.9737,869.38,281.1,0.9895,491.58,267.53,0.9538,715.51,458.55,0.9994,654.72,452.81,0.9988,660.44,531.6,0.9983,575.99,520.29,0.9966,700.49,664.6,0.9883,604.29,649.49,0.9823
image_sit_1227.png,sitting,1,673.38,231.57,0.9892,688.65,222.72,0.9763,664.67,222.86,0.93,713.14,233.2,0.9176,657.27,231.76,0.5417,741.29,289.99,0.9988,640.64,285.13,0.995,805.64,292.82,0.996,568.14,280.84,0.9741,878.7,269.56,0.9887,501.29,255.21,0.9542,718.61,459.75,0.9993,654.93,453.52,0.9987,663.95,533.53,0.998,580.13,519.07,0.996,698.43,665.51,0.9858,607.15,643.85,0.9787
image_sit_1230.png,sitting,1,675.37,232.08,0.9894,690.75,222.97,0.9761,666.51,223.05,0.9324,715.11,232.77,0.9159,658.47,231.3,0.5506,743.88,289.27,0.9988,641.76,284.88,0.9953,810.37,292.44,0.996,569.89,281.25,0.976,881.39,268.74,0.9888,498.02,254.38,0.9567,719.57,460.47,0.9994,654.98,453.93,0.9988,664.8,533.21,0.9981,579.36,517.93,0.9963,698.35,666.2,0.9865,606.21,643.92,0.9801
image_sit_1233.png,sitting,1,675.58,232.16,0.9893,691.12,223.02,0.977,666.86,223.03,0.9291,715.86,232.58,0.92,658.97,231.06,0.531,743.44,288.66,0.9988,641.43,285.17,0.9949,805.99,293.03,0.9962,566.78,283.76,0.9733,876.14,274.9,0.9891,495.75,260.25,0.9534,719.44,459.62,0.9993,654.94,453.79,0.9987,665.77,531.68,0.9981,580.01,517.62,0.996,698.77,665.44,0.9864,606.31,644.22,0.979
image_sit_1236.png,sitting,1,675.44,230.96,0.9884,691.06,221.72,0.9773,667.76,221.38,0.9239,715.46,231.49,0.9244,660.23,228.96,0.5277,742.86,291.79,0.9987,641.24,287.08,0.9951,808.94,297.42,0.9958,568.3,287.47,0.9714,866.37,282.98,0.9889,493.62,275.57,0.9511,718.08,458.6,0.9994,654.64,451.79,0.9987,661.06,530.87,0.9983,575.36,519.64,0.9965,699.89,664.77,0.9886,605.66,651.65,0.9827
image_sit_1239.png,sitting,1,674.39,232.29,0.9869,689.28,221.75,0.9782,666.33,222.28,0.9187,713.85,229.22,0.9279,659.51,228.91,0.5092,747.68,291.02,0.9984,639.05,289.99,0.9926,818.93,298.16,0.9941,562.73,294.25,0.9497,879.19,295.47,0.9846,488.39,289.53,0.9212,722.47,458.99,0.9991,656.7,453.69,0.998,665.97,529.74,0.9972,577.32,519.8,0.9938,704.61,662.25,0.9831,605.77,649.0,0.9729
image_sit_1242.png,sitting,1,674.46,231.23,0.9863,689.07,220.76,0.9781,666.05,221.61,0.915,713.63,228.41,0.9284,658.93,229.19,0.4972,745.76,289.91,0.9984,638.15,290.17,0.9918,807.95,302.65,0.9941,560.06,300.9,0.9435,864.68,306.72,0.9842,486.99,303.15,0.913,720.24,456.95,0.9991,654.7,452.37,0.9978,666.15,530.11,0.9971,578.11,519.82,0.9933,705.26,662.9,0.9828,605.71,647.5,0.9715
image_sit_1245.png,sitting,1,673.87,230.5,0.9872,688.25,220.5,0.9778,665.62,221.31,0.9163,712.72,229.32,0.9284,658.81,230.18,0.5118,743.06,291.37,0.9986,638.55,293.65,0.9937,797.07,305.66,0.9952,560.67,310.28,0.9584,853.29,316.23,0.9874,487.82,319.74,0.9349,721.92,456.29,0.9992,658.11,452.75,0.9982,665.53,529.62,0.9973,578.41,519.95,0.9939,704.51,662.0,0.9819,605.06,646.68,0.9707
image_sit_1248.png,sitting,1,672.7,230.85,0.9871,686.92,220.51,0.9784,664.77,221.51,0.911,712.1,229.38,0.9328,659.08,230.41,0.4997,744.79,294.14,0.9988,638.29,296.58,0.9936,806.55,314.8,0.9957,563.01,319.09,0.9559,873.13,340.9,0.9885,494.86,336.73,0.9316,721.18,457.49,0.9993,656.89,454.17,0.9982,665.25,528.41,0.9974,578.13,519.43,0.9938,704.06,661.16,0.9825,604.54,645.54,0.9705
image_sit_1251.png,sitting,1,671.96,230.97,0.9872,686.06,220.69,0.978,664.15,221.81,0.9115,711.22,229.51,0.9346,658.26,231.13,0.5083,747.4,294.15,0.9988,638.15,299.46,0.9943,812.87,322.46,0.9958,567.97,329.65,0.9605,864.05,363.12,0.9888,493.9,356.42,0.9372,722.41,456.47,0.9993,656.62,453.45,0.9983,666.15,528.41,0.9974,577.93,520.3,0.994,701.02,661.52,0.982,605.53,647.82,0.9705
image_sit_1254.png,sitting,1,671.9,229.96,0.9872,685.9,219.76,0.9776,664.16,221.01,0.9119,711.38,229.78,0.9352,658.35,231.64,0.513,750.4,297.78,0.9989,638.45,300.48,0.9947,819.05,341.69,0.9958,570.33,339.04,0.9636,853.31,386.57,0.9891,499.46,375.35,0.9415,723.59,454.13,0.9993,655.78,449.99,0.9984,667.74,527.97,0.9973,577.38,522.32,0.9941,701.78,659.59,0.9809,604.28,652.02,0.9695
image_sit_1257.png,sitting,1,671.53,229.96,0.9852,685.66,219.39,0.9758,663.4,220.62,0.8999,711.21,231.68,0.9214,656.94,232.75,0.4997,747.71,300.46,0.9982,638.82,301.64,0.9926,808.79,354.02,0.9935,573.1,352.45,0.9475,839.29,408.39,0.9849,501.49,402.08,0.9246,725.18,453.15,0.9986,656.73,448.5,0.997,668.25,524.58,0.996,574.84,520.03,0.9917,701.29,656.28,0.9763,600.13,650.26,0.9643
image_sit_1260.png,sitting,1,671.64,229.98,0.9846,685.55,219.35,0.9733,663.58,220.53,0.8979,710.83,231.92,0.9153,657.29,232.71,0.5154,745.8,302.54,0.9982,639.98,302.73,0.9933,801.85,365.9,0.9934,581.6,361.97,0.954,828.65,431.15,0.9847,519.11,419.53,0.9318,724.48,453.15,0.9987,657.19,448.43,0.9972,669.46,524.81,0.996,575.57,520.4,0.9922,703.04,656.45,0.9764,600.4,650.49,0.9658
image_sit_1263.png,sitting,1,672.23,230.52,0.9855,686.33,220.12,0.9718,663.9,220.69,0.9096,710.93,233.19,0.9065,656.07,232.68,0.5638,743.48,305.73,0.9981,640.08,303.48,0.9949,799.02,380.35,0.9928,588.74,371.04,0.9674,820.24,448.84,0.9851,532.8,427.53,0.951,722.77,455.58,0.9988,656.18,449.57,0.9978,667.49,527.11,0.9972,578.88,520.51,0.9954,696.83,662.64,0.9848,605.32,654.73,0.9801
image_sit_1266.png,sitting,1,670.54,229.63,0.9843,685.02,219.16,0.9706,662.61,220.0,0.9085,710.59,232.95,0.9033,655.51,232.75,0.557,744.4,306.44,0.9977,637.82,305.34,0.994,791.97,389.54,0.9907,590.92,381.08,0.9594,799.84,462.59,0.9793,543.07,443.42,0.9349,724.12,455.08,0.9983,654.96,450.06,0.9971,671.47,524.51,0.9953,574.54,521.14,0.9922,703.56,654.85,0.9746,603.45,652.61,0.9669
image_sit_1269.png,sitting,1,670.61,229.34,0.9838,685.22,219.02,0.9681,662.71,219.81,0.9096,710.52,233.39,0.8957,655.27,232.83,0.5742,742.91,307.31,0.9976,637.23,305.69,0.9945,785.64,394.14,0.9901,596.55,386.17,0.9639,795.2,473.42,0.9779,556.9,454.99,0.9388,723.25,456.82,0.9983,653.76,451.48,0.9972,667.51,523.13,0.9952,568.61,517.09,0.9925,704.49,655.5,0.9752,603.04,648.52,0.9689
image_sit_1272.png,sitting,1,670.74,229.14,0.9872,685.83,219.57,0.9722,662.89,219.54,0.9285,710.79,232.96,0.9081,653.48,231.44,0.5939,738.53,305.41,0.9982,640.59,305.86,0.9964,780.05,395.33,0.9934,606.75,390.49,0.9803,788.61,479.63,0.9867,566.5,460.45,0.9658,722.26,456.49,0.9992,657.53,451.25,0.9988,665.48,525.3,0.9982,571.93,514.64,0.9973,701.92,665.38,0.9908,605.7,649.98,0.9887
image_sit_1275.png,sitting,1,670.39,229.15,0.987,685.23,219.49,0.9721,662.35,219.69,0.9282,709.93,232.43,0.9087,652.84,231.48,0.5946,737.67,305.11,0.9982,640.46,305.23,0.9962,776.09,396.96,0.9934,611.08,389.89,0.9796,779.27,484.07,0.9866,579.46,464.08,0.9649,721.55,457.26,0.9992,656.83,452.04,0.9988,666.66,527.34,0.9981,572.99,516.96,0.9972,703.18,665.0,0.9904,605.64,649.75,0.988
image_sit_1278.png,sitting,1,669.05,229.34,0.9835,682.93,218.85,0.9663,660.79,220.13,0.9143,707.05,232.23,0.8922,653.12,233.16,0.6042,739.76,306.05,0.9974,637.65,306.74,0.9949,773.24,399.44,0.9884,610.8,395.56,0.9662,768.81,484.35,0.9742,587.86,471.52,0.9386,722.67,459.7,0.998,654.42,454.84,0.9971,664.02,525.51,0.9947,569.32,517.69,0.9923,698.99,657.98,0.9745,605.73,646.81,0.9695
image_sit_1281.png,sitting,1,667.5,229.31,0.983,681.49,218.74,0.9665,659.31,220.03,0.9107,705.85,231.9,0.8949,651.68,232.86,0.5882,738.79,304.92,0.9973,637.41,306.96,0.9943,772.52,399.89,0.988,614.41,398.22,0.9619,765.97,486.2,0.973,594.99,471.5,0.9322,724.02,458.19,0.9979,655.86,454.02,0.9968,665.6,524.85,0.9946,570.27,518.85,0.9918,699.43,657.2,0.9744,606.03,648.51,0.9687
image_sit_1284.png,sitting,1,667.65,229.08,0.9862,682.01,218.85,0.9706,659.32,219.95,0.926,706.32,231.02,0.9093,650.14,232.35,0.6,736.87,304.34,0.9982,637.01,309.32,0.9959,771.41,397.59,0.9928,616.49,399.45,0.976,765.22,487.83,0.9837,599.82,469.08,0.9553,721.03,459.23,0.999,654.75,456.03,0.9984,664.82,525.34,0.9973,569.44,517.85,0.9957,700.93,663.85,0.9856,605.84,651.07,0.9814
image_sit_1287.png,sitting,1,668.62,228.22,0.9862,683.0,218.25,0.97,660.29,219.15,0.9277,707.02,230.99,0.9061,650.86,231.85,0.6096,737.18,304.43,0.9981,636.73,308.99,0.996,771.01,397.14,0.9924,616.28,399.16,0.9764,765.54,486.24,0.983,602.11,468.51,0.9558,720.93,459.49,0.9989,654.25,456.22,0.9984,665.75,526.02,0.9971,570.11,518.22,0.9956,700.39,664.04,0.9845,605.87,651.02,0.9803
image_sit_384.png,sitting,1,669.92,229.63,0.9861,683.91,219.66,0.9688,661.63,219.75,0.9328,707.68,231.75,0.8967,652.81,230.91,0.6416,739.74,305.54,0.998,634.22,306.89,0.996,772.83,397.43,0.9905,609.12,397.41,0.9749,774.89,485.1,0.9763,602.47,465.78,0.9484,722.74,457.79,0.9987,653.63,453.89,0.9981,679.86,524.85,0.9954,579.16,515.64,0.9935,702.67,658.77,0.9759,604.71,645.26,0.9708
image_sit_387.png,sitting,1,670.24,229.74,0.9859,684.45,219.69,0.9696,662.11,219.57,0.9295,708.64,231.69,0.9007,653.4,230.38,0.6228,740.13,305.67,0.998,634.73,306.57,0.9956,772.89,398.18,0.991,609.91,397.47,0.9722,774.3,486.11,0.9772,603.58,464.67,0.9446,722.45,457.68,0.9986,653.39,453.55,0.9979,680.2,525.62,0.9952,579.63,516.14,0.9928,702.9,660.55,0.9745,605.16,646.68,0.968
image_sit_390.png,sitting,1,670.19,228.91,0.9856,684.6,219.19,0.9693,662.05,218.77,0.9274,708.9,232.23,0.9009,653.15,230.29,0.6151,740.38,306.53,0.998,634.61,306.95,0.9954,772.53,399.47,0.9909,612.0,398.93,0.9711,772.35,485.71,0.9773,606.71,465.53,0.9431,722.83,458.56,0.9986,653.33,453.95,0.9978,679.71,526.84,0.9951,578.59,515.78,0.9924,702.18,664.38,0.9734,605.46,648.38,0.9663
image_sit_393.png,sitting,1,669.61,228.18,0.9851,684.03,218.91,0.9693,661.73,218.48,0.9216,708.52,233.38,0.9051,653.36,231.41,0.5935,740.25,308.38,0.9981,634.88,309.12,0.9951,772.71,401.64,0.9916,613.22,401.12,0.9685,771.17,488.95,0.9786,608.88,465.89,0.9399,722.73,458.44,0.9986,653.53,454.07,0.9976,679.39,525.46,0.995,578.63,515.7,0.9919,702.22,661.65,0.9729,606.32,647.54,0.9643
image_sit_396.png,sitting,1,669.76,227.42,0.9861,684.44,218.35,0.97,661.57,218.06,0.928,708.67,233.69,0.9044,651.83,232.09,0.6142,738.32,309.31,0.9981,634.9,310.97,0.9958,771.61,402.37,0.9921,613.62,402.1,0.9751,770.57,491.4,0.9824,609.4,468.15,0.9546,721.8,458.85,0.9989,653.48,454.79,0.9983,674.61,527.38,0.997,577.61,517.54,0.9954,700.64,665.46,0.9839,608.46,650.16,0.9796
image_sit_399.png,sitting,1,667.77,228.36,0.9858,682.51,219.19,0.9703,659.29,218.88,0.9269,706.84,234.49,0.9065,649.14,232.91,0.6084,737.23,310.44,0.9981,632.77,311.73,0.9955,771.38,405.14,0.992,613.23,403.27,0.973,768.44,494.76,0.9819,610.36,468.68,0.9514,721.09,459.14,0.9988,652.15,454.86,0.9981,674.73,528.61,0.9968,577.62,518.29,0.9949,699.99,665.59,0.9827,608.72,649.54,0.9778
image_sit_402.png,sitting,1,666.05,230.31,0.9857,680.62,221.01,0.9692,657.01,220.64,0.9287,704.54,237.26,0.8969,646.9,235.27,0.6074,736.69,313.33,0.9979,630.02,314.81,0.9936,770.48,406.71,0.9899,612.16,408.4,0.9591,765.62,497.27,0.973,611.26,474.01,0.9242,720.61,460.91,0.9974,651.13,457.41,0.9957,676.31,529.39,0.9902,585.46,519.71,0.9835,692.75,663.77,0.9449,617.7,648.23,0.9255
image_sit_405.png,sitting,1,665.34,230.28,0.9859,679.99,220.82,0.9703,656.27,220.97,0.9281,704.09,235.91,0.9061,645.39,235.49,0.6127,735.87,311.63,0.9981,629.68,314.99,0.9954,772.19,403.46,0.9918,611.75,404.79,0.9726,768.95,494.23,0.9818,609.36,468.74,0.9512,720.59,460.28,0.9988,650.87,456.81,0.9981,673.16,527.13,0.9967,575.97,517.59,0.9948,698.72,664.72,0.9828,608.79,648.81,0.9778
image_sit_408.png,sitting,1,665.13,230.91,0.9859,679.69,221.47,0.9701,656.02,221.69,0.9283,703.5,236.54,0.9054,645.01,236.31,0.6152,735.68,311.74,0.9981,629.15,315.94,0.9955,772.7,402.91,0.9918,611.7,406.17,0.9728,769.75,494.31,0.9817,610.08,469.57,0.9513,720.9,460.66,0.9988,650.94,457.54,0.9981,673.34,526.3,0.9968,575.46,517.05,0.995,698.91,664.37,0.9835,608.71,648.44,0.9788
image_sit_411.png,sitting,1,665.71,230.09,0.9859,680.35,221.0,0.9702,656.58,221.2,0.9278,704.3,237.15,0.906,645.61,236.81,0.613,736.24,313.05,0.9981,629.54,316.21,0.9955,772.94,404.96,0.9919,611.54,405.63,0.9727,769.5,495.46,0.982,610.06,469.36,0.9514,720.52,461.04,0.9988,650.35,457.54,0.9981,672.73,526.35,0.9968,574.63,517.16,0.995,698.94,664.19,0.9835,608.35,648.84,0.9787
image_sit_414.png,sitting,1,667.28,226.68,0.9862,682.14,218.08,0.9728,658.89,217.95,0.9221,706.79,235.09,0.9133,648.66,233.93,0.5661,737.0,309.16,0.9982,634.03,311.09,0.9951,777.81,400.18,0.9936,609.49,397.85,0.9729,780.0,487.24,0.9872,599.33,463.48,0.9578,721.27,456.78,0.999,652.79,453.01,0.9983,674.53,527.26,0.9977,578.17,519.46,0.996,701.89,665.65,0.9875,606.72,652.35,0.9831
image_sit_417.png,sitting,1,670.75,228.36,0.9874,685.63,219.68,0.9737,662.93,219.18,0.9266,709.96,234.49,0.9181,653.26,232.32,0.5969,741.91,306.86,0.9987,633.54,308.27,0.9962,794.24,388.82,0.9947,594.63,388.98,0.9759,810.33,474.71,0.9871,561.73,458.98,0.9561,720.05,454.02,0.9993,650.57,449.81,0.9988,673.46,528.02,0.9981,576.2,519.85,0.9967,701.84,663.65,0.989,606.82,651.94,0.9849
image_sit_420.png,sitting,1,672.75,231.7,0.9876,687.09,221.91,0.9773,664.84,222.1,0.9196,712.27,233.37,0.9295,657.22,232.84,0.5473,749.81,303.2,0.9988,634.95,304.6,0.9948,816.39,360.88,0.9952,575.27,359.29,0.9638,853.16,432.52,0.9871,520.66,415.31,0.9391,723.95,453.76,0.9991,653.41,449.68,0.9981,677.68,528.03,0.9967,580.41,521.27,0.9932,705.23,662.75,0.9779,604.24,652.96,0.9661
image_sit_423.png,sitting,1,675.05,232.73,0.988,689.36,222.97,0.9786,666.92,223.01,0.9188,713.56,232.29,0.9316,659.22,231.52,0.5341,749.25,295.02,0.9989,636.94,299.06,0.9946,816.93,320.39,0.9958,564.05,331.03,0.963,878.68,360.19,0.9887,493.92,358.89,0.9405,727.74,454.87,0.9993,659.87,451.53,0.9983,673.56,526.94,0.9973,581.2,516.55,0.9939,701.88,662.48,0.9811,604.38,645.16,0.9697
image_sit_426.png,sitting,1,675.33,231.41,0.9881,690.32,222.28,0.9778,667.19,222.01,0.9251,714.09,232.25,0.9238,658.62,230.39,0.5382,744.72,291.65,0.9986,636.44,291.41,0.9946,811.29,301.0,0.9951,555.76,304.95,0.9663,875.09,310.12,0.9871,487.23,311.74,0.9444,724.11,455.82,0.9992,657.32,451.15,0.9984,669.4,528.89,0.998,580.31,518.28,0.9959,700.89,666.32,0.9874,605.92,650.37,0.9808
image_sit_429.png,sitting,1,674.44,231.19,0.9887,689.64,222.79,0.977,665.61,222.09,0.9303,713.46,233.52,0.9176,656.73,230.39,0.5432,744.07,288.55,0.9986,636.5,285.74,0.994,814.26,289.05,0.9952,555.22,288.52,0.9662,893.17,280.94,0.9864,490.21,280.21,0.9429,725.49,457.09,0.9992,658.68,452.06,0.9983,672.99,531.15,0.9975,585.18,518.08,0.9949,697.18,666.14,0.9833,606.49,645.41,0.9742
image_sit_432.png,sitting,1,673.52,230.55,0.9881,688.58,221.83,0.9779,665.32,221.04,0.921,711.84,232.16,0.923,657.07,228.61,0.5143,740.09,290.06,0.9987,637.05,284.46,0.9939,810.57,287.68,0.9958,560.0,282.09,0.9645,887.06,269.04,0.9885,496.87,269.08,0.9421,722.2,457.41,0.9993,657.6,451.23,0.9983,669.35,528.25,0.998,579.91,516.42,0.9955,703.58,666.28,0.9865,603.14,649.56,0.9785
image_sit_435.png,sitting,1,672.91,230.57,0.988,688.11,221.91,0.9782,664.79,221.1,0.9184,711.81,232.37,0.9254,656.77,228.76,0.5013,740.35,289.89,0.9987,637.29,284.58,0.9936,812.42,287.26,0.996,561.88,282.05,0.9628,891.91,271.22,0.9889,497.56,268.83,0.9399,721.88,457.64,0.9993,657.18,451.41,0.9983,669.18,528.62,0.9979,579.07,516.29,0.9953,704.02,667.38,0.986,602.79,649.6,0.9773
image_sit_438.png,sitting,1,673.91,230.62,0.9882,689.42,221.96,0.9784,665.73,221.06,0.9211,713.36,232.79,0.9247,657.16,228.92,0.5115,741.89,290.8,0.9987,637.16,286.15,0.994,814.6,289.14,0.9959,560.74,285.39,0.9646,893.93,280.41,0.9887,494.52,277.34,0.9427,723.51,457.48,0.9993,658.12,451.52,0.9984,668.85,527.14,0.9981,578.39,515.67,0.9957,702.82,667.03,0.9871,603.28,650.83,0.9795
image_sit_441.png,sitting,1,674.32,231.6,0.9877,689.94,222.62,0.9791,666.22,221.9,0.9162,714.62,232.82,0.9282,657.92,229.41,0.4847,743.14,291.08,0.9986,637.18,286.61,0.9928,812.83,292.32,0.9956,557.65,286.83,0.9554,888.67,291.23,0.988,493.15,283.86,0.9312,723.66,457.58,0.9992,657.77,451.84,0.998,668.71,526.53,0.9979,579.02,515.62,0.995,702.77,667.53,0.9865,604.73,651.35,0.9775
image_sit_444.png,sitting,1,675.0,232.71,0.9868,689.86,222.76,0.9779,666.64,222.54,0.9181,714.01,230.78,0.9231,658.77,228.71,0.5114,746.2,289.54,0.9984,637.43,288.29,0.9921,817.02,292.3,0.9943,561.06,294.18,0.9491,897.4,296.85,0.9847,494.82,292.99,0.9213,726.86,457.76,0.999,660.24,453.07,0.9977,674.11,527.3,0.9967,580.47,515.38,0.9927,708.73,665.4,0.9797,604.04,646.75,0.9672
image_sit_447.png,sitting,1,674.48,232.39,0.9863,689.16,222.32,0.9783,666.49,222.18,0.9123,713.65,230.3,0.9279,659.4,228.65,0.4907,747.78,289.82,0.9984,635.38,289.75,0.9914,816.71,295.7,0.9944,552.73,300.31,0.9417,890.24,305.05,0.9847,488.83,305.47,0.9121,727.23,456.79,0.999,658.85,452.57,0.9976,675.49,528.11,0.9968,580.86,516.6,0.9923,708.88,665.92,0.98,604.22,646.97,0.9664
image_sit_450.png,sitting,1,673.42,231.53,0.9865,687.98,221.67,0.9784,665.54,221.72,0.9118,712.88,230.1,0.9302,658.84,229.18,0.4914,747.8,289.47,0.9985,635.0,291.34,0.9922,813.61,299.08,0.9949,553.28,306.41,0.9479,879.33,314.83,0.9862,487.8,315.43,0.921,726.56,455.41,0.9991,657.79,451.68,0.9977,675.57,528.91,0.9967,580.77,517.81,0.9922,707.21,665.84,0.9785,603.7,647.2,0.9641
image_sit_453.png,sitting,1,673.51,231.41,0.987,687.9,221.69,0.9794,665.7,221.7,0.9109,712.62,230.84,0.9343,659.09,229.85,0.4876,747.99,292.55,0.9987,635.76,294.46,0.9923,816.09,308.12,0.9954,557.17,313.98,0.9469,884.31,337.95,0.9876,490.36,332.44,0.9208,726.07,456.68,0.9991,658.1,452.95,0.9976,674.88,527.83,0.9966,581.17,517.05,0.9915,706.5,664.98,0.977,603.69,646.43,0.9604
image_sit_456.png,sitting,1,672.74,231.74,0.9877,687.01,221.95,0.9796,664.85,222.11,0.9126,712.02,231.25,0.9361,658.16,230.77,0.4996,748.89,293.81,0.9989,635.0,297.55,0.9935,817.07,318.45,0.9959,558.8,327.31,0.955,881.6,359.61,0.9889,492.01,353.24,0.9313,726.94,456.48,0.9992,657.98,453.29,0.9979,675.64,527.6,0.9968,581.42,517.3,0.9922,704.4,665.69,0.9775,603.63,647.3,0.962
image_sit_459.png,sitting,1,672.22,231.95,0.9878,686.29,222.14,0.9789,664.16,222.46,0.9184,710.77,231.67,0.9341,656.91,231.63,0.531,750.51,296.1,0.9988,633.63,299.98,0.9944,821.65,331.79,0.9956,561.72,336.86,0.9608,875.31,385.11,0.9879,495.59,370.72,0.9364,727.77,456.69,0.9992,656.89,453.35,0.9982,677.61,528.35,0.997,580.41,519.39,0.9933,704.24,663.12,0.9795,602.68,647.85,0.9672
image_sit_462.png,sitting,1,670.94,232.27,0.9874,684.91,222.2,0.9761,662.74,222.87,0.9193,709.7,232.0,0.9254,655.25,232.57,0.5528,748.34,298.73,0.9988,632.82,302.0,0.9952,817.14,345.51,0.9953,564.79,348.65,0.9683,865.87,407.04,0.9875,503.44,398.34,0.9457,725.74,455.28,0.9993,655.37,452.32,0.9985,676.92,527.12,0.9974,581.0,521.24,0.9948,704.93,661.96,0.9826,603.72,652.52,0.974
image_sit_465.png,sitting,1,670.16,232.72,0.9876,683.55,222.13,0.9758,661.45,223.19,0.9255,707.35,231.67,0.9223,653.16,233.36,0.5801,746.87,301.77,0.9987,631.36,304.35,0.9953,812.37,362.35,0.9946,572.54,359.5,0.9682,846.42,437.96,0.9856,520.03,416.37,0.9439,722.44,455.53,0.9991,651.28,452.01,0.9983,679.38,529.6,0.9965,580.39,522.5,0.9934,707.83,663.58,0.9773,601.92,651.9,0.9672
image_sit_468.png,sitting,1,668.22,232.72,0.9848,681.72,221.69,0.9707,659.15,223.12,0.915,706.28,233.43,0.8975,651.05,235.26,0.5765,744.83,304.71,0.9977,632.63,306.46,0.9939,803.33,373.64,0.9904,581.0,371.22,0.9603,826.65,450.2,0.9788,531.55,431.56,0.9372,724.17,456.34,0.9983,652.58,452.36,0.9971,678.94,525.45,0.9951,579.73,520.78,0.9922,703.85,658.83,0.974,599.96,652.19,0.9669
image_sit_471.png,sitting,1,667.71,232.49,0.9877,682.0,222.32,0.9738,659.12,222.91,0.9316,706.17,233.6,0.9145,649.18,233.99,0.609,741.19,305.09,0.9985,631.32,307.64,0.9962,798.93,384.34,0.994,587.16,382.33,0.9765,815.79,463.34,0.9858,546.03,446.61,0.9572,721.2,454.98,0.9992,651.3,451.26,0.9987,673.99,529.72,0.9978,577.02,523.06,0.9964,704.57,665.33,0.9869,605.34,655.45,0.9827
image_sit_474.png,sitting,1,666.64,232.99,0.9884,681.25,222.75,0.9724,657.64,223.35,0.938,705.33,234.53,0.9033,646.84,234.76,0.617,739.72,304.79,0.9985,630.72,308.46,0.9958,788.19,389.55,0.9934,591.94,389.72,0.9764,797.47,473.24,0.9841,556.76,460.87,0.9559,722.18,456.42,0.999,651.71,453.26,0.9984,672.39,526.88,0.997,576.89,517.6,0.9951,701.29,667.33,0.9823,608.7,651.81,0.9767
image_sit_477.png,sitting,1,666.74,232.57,0.9877,681.25,222.23,0.9717,657.82,222.93,0.9361,705.57,233.63,0.906,647.29,234.26,0.6414,737.73,306.2,0.9984,630.58,310.24,0.9967,782.7,393.39,0.9931,598.62,396.29,0.9803,792.48,482.08,0.9839,571.56,467.56,0.9612,718.63,458.34,0.9992,649.28,454.95,0.9988,669.28,527.94,0.9979,572.64,518.69,0.9969,700.12,665.05,0.9886,605.94,650.19,0.986
image_sit_480.png,sitting,1,665.87,233.59,0.9869,680.1,223.28,0.9718,656.98,223.7,0.9322,704.21,234.63,0.9092,647.27,234.79,0.6294,738.54,307.11,0.9983,628.96,311.48,0.996,776.8,394.9,0.9921,602.18,401.03,0.9734,780.72,483.38,0.9792,582.89,471.43,0.9448,720.59,460.26,0.9988,649.77,456.78,0.9981,673.65,528.07,0.9957,572.73,516.33,0.9933,699.7,661.42,0.9767,604.86,642.55,0.9701
image_sit_483.png,sitting,1,665.15,234.07,0.9845,679.41,223.21,0.9687,655.91,224.25,0.9244,703.33,235.73,0.8916,645.93,236.4,0.6249,737.56,308.56,0.9972,629.8,310.92,0.9945,775.44,399.52,0.9865,605.9,400.58,0.9619,776.39,484.48,0.9701,591.43,473.01,0.9312,723.03,460.08,0.9977,651.7,456.19,0.9966,667.64,527.01,0.9939,571.24,519.32,0.9912,696.6,657.76,0.9721,606.12,645.88,0.9669
image_sit_486.png,sitting,1,665.2,234.67,0.9843,679.54,223.84,0.9683,655.91,224.85,0.9241,703.51,236.65,0.8898,645.69,237.36,0.6203,737.37,309.26,0.997,630.18,312.2,0.9941,773.26,400.18,0.9856,609.02,401.5,0.9604,770.65,487.54,0.9687,596.88,471.75,0.9298,723.71,461.04,0.9973,652.28,457.34,0.9961,669.2,526.47,0.9927,571.47,519.29,0.9895,696.82,658.03,0.9665,605.2,646.86,0.9603
image_sit_489.png,sitting,1,664.97,234.83,0.9842,679.19,224.14,0.9676,655.31,225.07,0.9265,702.49,237.46,0.8844,644.25,238.13,0.6305,736.44,310.16,0.9967,628.48,313.33,0.9939,771.83,401.27,0.984,608.78,403.58,0.9593,769.81,487.66,0.966,600.64,472.28,0.928,724.22,461.35,0.997,652.18,457.88,0.9957,670.63,526.41,0.9918,572.57,518.88,0.9885,696.7,659.09,0.9631,605.58,646.95,0.957
image_sit_492.png,sitting,1,663.31,236.07,0.9837,677.69,225.13,0.9678,653.79,226.2,0.9223,702.22,237.93,0.8881,643.58,238.92,0.6099,736.94,310.45,0.9967,628.81,313.41,0.9935,772.19,402.47,0.9842,609.77,403.56,0.9567,769.76,487.64,0.9664,602.69,470.28,0.9249,724.27,461.95,0.9969,651.92,458.22,0.9955,671.0,526.47,0.9918,572.02,518.69,0.9882,697.22,659.83,0.9632,604.48,647.47,0.9564
image_sit_495.png,sitting,1,662.58,235.93,0.9832,676.99,225.08,0.9673,653.08,226.1,0.9204,701.66,238.28,0.8872,642.94,239.22,0.6036,736.7,311.08,0.9966,627.97,314.21,0.9931,772.61,402.7,0.9836,610.11,404.29,0.9539,770.06,486.88,0.9654,605.96,469.24,0.9213,723.55,462.61,0.9968,650.88,459.0,0.9952,671.54,525.82,0.9915,572.73,518.36,0.9877,696.16,659.64,0.9626,604.62,647.81,0.9554
image_sit_498.png,sitting,1,661.44,234.4,0.9861,675.88,224.27,0.9695,652.19,224.71,0.9309,699.92,238.58,0.8954,642.01,238.09,0.609,733.97,313.29,0.9979,626.76,316.18,0.9938,771.44,407.08,0.9897,609.8,409.12,0.961,767.57,496.35,0.973,608.14,474.4,0.9268,721.26,464.78,0.9974,651.13,462.04,0.9958,672.25,526.86,0.9905,579.84,519.17,0.9843,694.46,661.62,0.9482,616.73,648.38,0.9308
image_sit_501.png,sitting,1,660.72,232.19,0.9858,675.39,222.46,0.9705,651.81,222.63,0.9256,699.83,238.14,0.9028,642.32,237.07,0.5834,734.31,314.05,0.998,626.42,316.81,0.9932,771.93,407.15,0.9906,607.94,409.65,0.9562,768.19,495.22,0.9747,605.01,474.97,0.9203,721.21,465.33,0.9974,650.88,462.5,0.9955,672.12,526.85,0.9906,579.13,518.97,0.9832,694.73,661.53,0.9479,616.74,648.17,0.927
image_sit_504.png,sitting,1,663.73,230.67,0.9864,678.74,221.49,0.973,655.83,221.34,0.923,703.02,235.77,0.9143,645.56,234.12,0.5694,733.29,307.34,0.9983,631.03,310.49,0.9954,777.62,396.5,0.9939,605.19,399.23,0.974,784.05,484.93,0.9872,586.62,471.91,0.9577,720.41,456.26,0.999,652.83,452.8,0.9984,666.87,527.18,0.9978,571.04,518.8,0.9961,701.68,663.81,0.9881,606.61,649.34,0.9839
image_sit_507.png,sitting,1,668.27,231.91,0.9875,682.83,221.78,0.9746,660.46,222.43,0.9247,707.68,233.4,0.9208,651.84,233.5,0.5779,740.82,306.16,0.9987,632.82,308.05,0.996,800.1,384.56,0.995,584.27,381.51,0.9741,821.5,459.71,0.9878,540.33,446.61,0.9546,717.96,454.3,0.9993,650.04,450.97,0.9987,668.2,527.64,0.9981,575.87,524.65,0.9966,702.87,660.49,0.9885,606.68,656.8,0.9837
image_sit_510.png,sitting,1,671.99,233.68,0.9881,686.41,223.38,0.9777,663.59,224.42,0.9228,711.72,232.71,0.93,655.83,233.83,0.556,748.64,299.3,0.9989,634.63,302.1,0.9954,817.37,342.4,0.9955,566.11,342.01,0.9684,867.5,400.36,0.988,498.53,387.53,0.946,723.97,455.37,0.9993,654.95,452.14,0.9986,669.61,528.53,0.9974,577.69,523.29,0.9947,702.5,658.37,0.9824,605.06,650.38,0.9733
image_sit_513.png,sitting,1,676.12,235.6,0.9877,691.05,224.9,0.9794,667.56,225.22,0.9195,715.51,231.51,0.9308,658.77,231.07,0.5139,748.37,291.31,0.9986,635.03,293.47,0.9931,814.15,305.06,0.9951,552.35,311.47,0.952,879.7,327.58,0.9869,476.23,330.77,0.9259,725.44,457.26,0.9991,656.91,453.56,0.9978,669.68,530.25,0.9966,578.06,519.12,0.9919,706.57,665.41,0.9772,606.76,646.94,0.962
image_sit_516.png,sitting,1,676.41,233.64,0.9883,691.91,224.09,0.9783,667.93,223.76,0.9249,715.78,232.44,0.9233,658.51,230.23,0.5244,744.36,288.67,0.9986,637.38,287.83,0.9942,814.42,285.83,0.9954,556.88,291.19,0.9645,886.66,281.47,0.9876,483.52,289.87,0.9417,723.37,456.85,0.9992,657.05,451.82,0.9984,667.1,529.81,0.998,577.84,518.25,0.9958,702.66,669.31,0.9873,605.82,652.3,0.9801
image_sit_519.png,sitting,1,676.03,233.23,0.9888,691.22,223.84,0.9774,667.48,223.49,0.9261,714.79,232.53,0.919,658.83,229.94,0.5319,741.02,289.42,0.9987,640.86,283.72,0.9949,810.63,285.98,0.9961,565.98,280.9,0.9717,885.68,256.05,0.9894,497.49,264.1,0.9519,721.09,457.21,0.9994,657.65,450.61,0.9986,666.9,529.25,0.9982,578.39,517.25,0.9963,705.21,667.77,0.9876,602.61,652.01,0.9809
image_sit_522.png,sitting,1,676.61,232.86,0.9886,691.66,223.52,0.9774,668.0,223.26,0.9238,714.95,232.54,0.9197,659.31,230.07,0.5247,740.75,289.99,0.9988,640.88,283.51,0.9947,809.2,285.99,0.9963,565.64,278.87,0.9703,883.59,254.4,0.9897,501.54,261.32,0.9502,720.46,457.21,0.9994,657.2,450.53,0.9986,665.89,529.13,0.9983,578.2,517.37,0.9963,704.86,667.72,0.9883,602.58,651.87,0.9815
image_sit_525.png,sitting,1,677.2,234.17,0.9889,692.3,224.64,0.977,668.4,224.5,0.93,715.33,232.89,0.9152,658.89,230.76,0.551,741.9,289.38,0.9987,640.13,284.42,0.9951,812.65,286.32,0.9958,564.35,281.24,0.9729,886.21,261.8,0.9887,494.26,267.64,0.9534,721.2,457.39,0.9993,656.96,451.13,0.9987,666.61,528.31,0.9982,577.65,517.16,0.9964,705.01,666.78,0.9878,602.86,652.13,0.9818
image_sit_528.png,sitting,1,677.05,234.46,0.9883,692.3,224.65,0.9777,668.23,224.63,0.9258,716.03,232.56,0.9193,658.9,230.78,0.5282,742.98,289.52,0.9986,639.17,285.55,0.9941,812.18,286.9,0.9954,561.17,284.57,0.9652,887.63,272.57,0.9876,492.21,278.84,0.9425,720.86,457.89,0.9992,655.91,451.85,0.9984,665.6,528.89,0.998,577.5,516.26,0.9958,704.66,668.95,0.9873,604.83,650.64,0.9802
image_sit_531.png,sitting,1,676.18,234.87,0.9889,691.45,225.44,0.977,667.06,225.35,0.9333,715.39,233.47,0.915,657.52,231.69,0.5519,745.49,287.23,0.9986,636.19,285.16,0.9942,814.34,287.87,0.995,551.29,286.61,0.9672,889.29,279.47,0.9859,482.38,279.05,0.9438,724.12,457.59,0.9991,656.26,452.8,0.9983,670.91,531.2,0.9976,582.91,518.31,0.9951,699.94,667.17,0.9842,608.24,646.29,0.976
image_sit_534.png,sitting,1,675.61,233.74,0.9882,691.1,224.18,0.9782,667.19,223.91,0.9241,714.91,232.62,0.9235,657.79,230.4,0.5224,742.83,289.31,0.9986,636.51,288.16,0.9941,812.79,286.71,0.9955,556.48,291.91,0.9639,883.8,281.61,0.9879,486.48,293.17,0.9414,722.03,456.41,0.9993,656.14,451.6,0.9984,666.09,528.63,0.9982,577.63,518.58,0.9961,702.95,667.47,0.9885,606.27,652.96,0.9818
image_sit_537.png,sitting,1,675.55,233.36,0.9883,691.15,223.84,0.9777,667.36,223.38,0.9275,715.18,232.15,0.9207,658.13,229.62,0.5384,742.36,289.08,0.9985,635.94,288.06,0.9946,806.41,291.12,0.995,553.1,296.19,0.9667,871.53,289.45,0.9867,480.13,300.62,0.9446,721.85,456.25,0.9992,655.83,451.45,0.9985,666.46,529.61,0.9981,577.62,519.13,0.9961,701.98,667.39,0.9879,605.92,652.84,0.9816
image_sit_540.png,sitting,1,675.56,232.95,0.9884,690.99,223.24,0.9775,666.99,223.22,0.9306,714.97,231.77,0.919,657.34,230.34,0.5539,743.76,290.34,0.9984,635.92,289.94,0.9948,809.65,297.79,0.9945,554.47,300.55,0.9683,871.38,304.65,0.986,477.9,310.75,0.9465,722.17,456.77,0.9992,655.5,452.0,0.9985,666.3,529.81,0.998,577.45,519.72,0.9961,702.36,667.43,0.9876,606.32,653.62,0.9818
image_sit_543.png,sitting,1,674.05,234.07,0.9876,688.68,223.54,0.979,665.37,224.2,0.9196,713.32,230.52,0.9292,657.26,231.05,0.5135,746.13,289.67,0.9986,635.35,292.88,0.9931,809.54,300.2,0.995,554.25,308.92,0.9536,874.28,319.36,0.9866,477.93,326.63,0.928,724.17,457.14,0.9991,656.74,453.77,0.9979,670.59,528.86,0.9967,578.68,517.82,0.9925,707.44,665.32,0.9785,605.01,646.91,0.9648
image_sit_546.png,sitting,1,673.04,233.89,0.9876,687.52,223.38,0.9796,664.58,224.14,0.9147,712.67,230.78,0.9353,657.18,231.61,0.4977,748.31,291.87,0.9988,636.61,295.41,0.9932,817.08,310.89,0.9957,562.31,316.65,0.9538,876.95,342.08,0.9885,488.47,338.51,0.9292,724.43,457.35,0.9992,656.54,453.78,0.998,671.83,527.96,0.9971,578.95,518.24,0.993,705.73,663.81,0.9803,603.57,647.6,0.9667
image_sit_549.png,sitting,1,672.81,233.54,0.9879,687.16,223.23,0.9791,664.46,223.9,0.9179,712.06,231.45,0.9342,656.84,232.14,0.5224,749.19,293.87,0.9989,635.33,298.85,0.9944,817.64,320.67,0.9958,563.42,328.71,0.9612,872.6,365.81,0.9888,493.2,357.94,0.9384,726.22,456.0,0.9993,657.25,452.98,0.9983,672.51,527.66,0.9972,579.19,518.62,0.9937,702.93,663.68,0.9808,604.33,647.96,0.9689
image_sit_552.png,sitting,1,672.3,233.9,0.9881,686.39,223.11,0.9789,663.79,224.17,0.9205,711.25,231.06,0.9334,655.95,232.57,0.534,750.6,296.59,0.9988,634.48,300.2,0.9946,821.97,335.75,0.9955,562.84,336.65,0.9624,868.04,391.43,0.9881,494.45,378.47,0.9391,726.57,455.33,0.9992,656.39,451.94,0.9982,672.82,526.97,0.997,579.08,520.28,0.9935,703.42,662.51,0.9796,603.77,651.23,0.9678
image_sit_555.png,sitting,1,672.26,233.65,0.988,686.38,222.78,0.9777,663.83,223.86,0.9217,711.54,231.47,0.9288,656.01,232.91,0.5485,748.92,299.5,0.9988,634.53,302.73,0.9951,817.3,348.99,0.9955,567.33,349.81,0.9664,861.25,413.47,0.988,505.42,403.47,0.9438,724.01,454.57,0.9993,654.35,451.67,0.9985,674.41,526.13,0.9974,579.63,522.05,0.9945,705.44,661.83,0.9823,602.94,655.19,0.9728
image_sit_558.png,sitting,1,672.38,234.39,0.9882,686.47,223.29,0.9768,663.72,224.24,0.9285,711.08,232.17,0.9236,654.96,233.4,0.5844,748.26,303.07,0.9988,632.47,305.83,0.9956,812.08,364.21,0.9948,572.46,362.63,0.9696,845.53,440.16,0.9862,518.05,422.51,0.946,722.34,456.43,0.9992,651.23,453.23,0.9984,677.19,528.63,0.9969,579.16,523.1,0.9942,707.26,662.69,0.98,603.71,654.11,0.9711
image_sit_561.png,sitting,1,672.6,233.94,0.9881,687.24,223.42,0.9758,664.18,223.91,0.9279,711.71,233.58,0.9213,654.2,233.55,0.582,745.37,304.6,0.9987,634.94,306.19,0.996,805.27,376.43,0.9951,584.29,371.54,0.9746,828.57,455.5,0.9882,537.84,432.18,0.9565,722.82,456.46,0.9993,653.49,452.47,0.9987,672.29,528.61,0.9981,578.35,522.54,0.9965,703.96,666.9,0.9883,607.77,657.8,0.9835
image_sit_564.png,sitting,1,671.87,235.57,0.9868,686.58,224.51,0.9717,662.86,225.04,0.929,711.54,235.62,0.8937,652.67,235.07,0.6211,745.3,307.9,0.9976,634.82,305.71,0.9954,802.04,391.55,0.9901,591.79,383.02,0.9715,817.29,468.89,0.9808,549.42,452.35,0.954,722.14,459.1,0.9984,650.37,453.0,0.9976,671.55,525.95,0.9964,576.63,518.44,0.9949,698.67,662.48,0.982,605.68,654.24,0.9788
image_sit_567.png,sitting,1,670.55,234.2,0.9874,685.9,223.96,0.9746,662.57,224.05,0.9249,712.05,234.94,0.9161,652.78,234.04,0.5598,740.66,305.22,0.9984,636.96,306.75,0.9957,786.83,391.02,0.9945,599.09,389.1,0.9759,799.48,477.05,0.9886,564.35,459.99,0.9612,718.69,456.35,0.9992,650.89,451.9,0.9986,670.7,526.94,0.9982,575.9,517.83,0.9969,703.68,667.39,0.9903,606.86,653.28,0.9868
image_sit_570.png,sitting,1,670.24,233.83,0.9873,685.39,223.57,0.9729,662.02,223.8,0.9301,711.37,234.88,0.9085,652.05,234.28,0.5922,740.43,306.32,0.9982,637.05,307.66,0.9961,781.16,397.39,0.9933,604.78,394.8,0.9788,788.76,486.23,0.9865,578.24,468.74,0.9637,720.73,457.48,0.9991,652.37,452.66,0.9987,670.81,530.24,0.998,574.11,518.72,0.9969,704.03,669.2,0.9894,605.82,651.15,0.9867
image_sit_573.png,sitting,1,669.47,232.68,0.9868,684.28,222.75,0.9723,661.31,222.97,0.9286,709.57,234.96,0.9077,651.5,234.4,0.5894,739.04,306.55,0.998,637.66,308.56,0.9959,777.04,398.44,0.9929,608.89,397.43,0.9777,779.1,487.55,0.9859,587.97,473.77,0.9623,722.93,457.36,0.999,655.41,452.91,0.9985,671.36,530.15,0.9977,574.84,519.7,0.9964,703.45,668.9,0.9878,604.77,652.16,0.9846
image_sit_576.png,sitting,1,667.12,232.71,0.9832,681.49,222.1,0.9674,658.78,223.2,0.9151,706.57,235.69,0.8918,650.71,236.34,0.5899,739.36,309.24,0.9969,635.01,311.49,0.9937,772.85,400.95,0.986,609.8,400.77,0.9573,771.34,486.4,0.9696,596.26,472.48,0.9258,724.39,459.92,0.9975,654.73,456.33,0.9962,668.78,525.08,0.9935,572.58,520.43,0.9904,698.56,655.67,0.9707,605.33,649.0,0.9644
image_sit_579.png,sitting,1,665.22,232.4,0.9862,680.06,221.96,0.9711,656.8,222.97,0.9281,705.4,234.49,0.9073,647.45,235.37,0.6006,735.42,309.09,0.998,633.0,313.07,0.9955,769.46,401.96,0.9918,610.57,402.0,0.9733,767.44,493.77,0.9818,600.88,472.35,0.9514,720.08,460.64,0.9987,652.67,457.82,0.9981,665.31,524.95,0.9967,570.32,519.21,0.9948,700.38,661.55,0.9826,607.38,651.5,0.9776
image_sit_582.png,sitting,1,665.19,229.25,0.9859,679.97,219.83,0.971,656.27,219.9,0.9256,704.61,235.12,0.9094,645.81,234.49,0.5996,735.49,311.03,0.9982,630.83,313.81,0.9953,771.79,402.55,0.9924,613.07,403.02,0.9718,769.72,492.51,0.9829,609.58,468.63,0.9504,719.81,458.79,0.9989,650.93,455.2,0.9981,673.53,528.04,0.9969,576.92,518.98,0.995,700.05,665.58,0.9836,608.77,650.85,0.9784
image_sit_585.png,sitting,1,664.74,229.82,0.9859,679.46,220.48,0.9709,655.8,220.62,0.9258,703.85,235.81,0.9093,645.26,235.35,0.6011,735.1,311.11,0.9982,630.13,314.89,0.9954,771.9,400.89,0.9925,612.27,403.56,0.972,770.74,491.74,0.983,608.92,468.67,0.9507,720.43,459.17,0.9989,651.41,456.04,0.9982,673.19,527.12,0.9971,576.01,518.58,0.9952,700.01,664.96,0.9844,608.57,650.52,0.9794
image_sit_588.png,sitting,1,664.57,230.46,0.9859,679.27,221.04,0.9708,655.6,221.23,0.9267,703.69,236.26,0.9085,645.09,235.91,0.6049,735.38,311.72,0.9981,629.86,315.4,0.9954,772.52,401.96,0.9923,612.17,404.26,0.9724,770.79,492.16,0.9826,608.84,469.02,0.951,720.19,460.37,0.9989,650.8,457.1,0.9982,673.39,527.28,0.997,575.54,518.35,0.9951,700.06,664.98,0.9841,608.12,650.08,0.9792
image_sit_591.png,sitting,1,665.23,228.3,0.9859,680.2,219.33,0.9713,656.68,219.32,0.9234,705.28,235.9,0.912,646.86,234.99,0.5888,736.57,312.28,0.9982,631.06,314.88,0.9953,772.94,403.28,0.9928,611.33,403.53,0.9717,771.16,491.97,0.9837,606.95,468.69,0.9505,720.75,460.11,0.9989,651.28,456.46,0.9982,673.09,526.56,0.9972,574.65,517.87,0.9953,701.26,664.4,0.9849,608.39,650.53,0.9798
image_sit_594.png,sitting,1,667.36,226.87,0.9861,682.21,218.23,0.9741,659.79,217.91,0.9141,707.67,234.5,0.9208,651.01,232.86,0.5292,737.19,307.78,0.9984,635.93,309.46,0.9946,780.85,396.58,0.9948,606.67,397.21,0.9695,788.23,481.83,0.9889,591.8,468.36,0.9538,719.21,454.41,0.9991,652.18,450.5,0.9983,673.48,528.4,0.9979,579.04,520.79,0.996,702.4,667.73,0.9884,606.25,654.79,0.9832
image_sit_597.png,sitting,1,672.63,229.32,0.9877,687.14,220.06,0.9746,664.64,220.14,0.927,711.12,233.73,0.9187,655.25,232.77,0.5901,743.85,306.6,0.9987,635.19,307.6,0.996,803.67,384.64,0.9949,588.07,381.88,0.9745,826.69,461.7,0.9878,546.67,447.22,0.9555,720.34,454.79,0.9993,651.54,450.98,0.9987,674.42,527.63,0.9981,579.61,523.02,0.9966,705.05,663.86,0.9884,607.51,657.89,0.9837
image_sit_600.png,sitting,1,672.74,231.67,0.9876,687.09,221.8,0.9773,664.8,222.05,0.9201,712.2,233.14,0.9293,657.12,232.72,0.5503,749.38,303.19,0.9988,634.91,304.58,0.9948,816.54,360.7,0.9952,575.92,358.89,0.964,853.08,431.32,0.9871,520.69,415.33,0.9392,722.83,453.49,0.9992,652.52,449.51,0.9982,677.86,528.73,0.9969,580.61,522.55,0.9936,706.55,662.18,0.9792,604.61,653.62,0.9681
image_sit_603.png,sitting,1,674.27,232.75,0.9873,688.7,222.69,0.9797,666.34,223.08,0.911,713.81,231.68,0.9356,659.66,231.54,0.4895,748.44,293.91,0.9988,636.29,297.35,0.9929,815.41,311.97,0.9959,557.78,321.61,0.9503,880.78,341.05,0.9888,495.03,341.5,0.9262,725.49,454.58,0.9992,657.7,451.76,0.998,673.17,526.01,0.9973,581.1,518.02,0.9932,704.77,663.22,0.9817,603.97,648.49,0.9681
image_sit_606.png,sitting,1,673.93,231.2,0.9884,689.05,222.5,0.9771,665.49,222.28,0.9308,713.44,233.03,0.9197,657.67,231.19,0.5445,746.01,289.08,0.9985,635.99,288.36,0.9938,815.09,297.28,0.9945,551.57,297.47,0.9641,883.36,301.02,0.9849,486.85,296.69,0.9395,724.29,455.96,0.9991,656.24,451.81,0.9982,674.17,530.08,0.9975,585.49,519.56,0.9949,697.82,665.39,0.9838,606.97,648.27,0.9754
image_sit_609.png,sitting,1,672.92,230.94,0.988,688.33,222.11,0.9785,664.67,221.56,0.9198,712.86,232.8,0.9256,656.72,229.86,0.5019,741.63,290.82,0.9986,638.63,287.11,0.9936,814.4,288.93,0.9957,565.23,287.56,0.9619,893.18,276.31,0.9882,499.72,277.72,0.9386,722.9,456.74,0.9992,658.28,450.95,0.9982,669.48,527.91,0.9979,579.25,516.72,0.9954,704.16,667.12,0.9865,602.98,651.32,0.9783
image_sit_612.png,sitting,1,672.56,231.04,0.9878,687.78,222.27,0.9785,664.51,221.67,0.9182,711.8,232.62,0.9262,656.85,229.44,0.4957,740.27,290.3,0.9986,637.46,284.92,0.9933,811.21,287.28,0.9957,559.45,281.03,0.96,887.13,269.21,0.9881,496.58,268.74,0.936,722.38,456.68,0.9992,657.91,450.75,0.9982,669.27,528.08,0.998,579.78,517.8,0.9954,704.52,666.09,0.9868,603.11,651.76,0.9784
image_sit_615.png,sitting,1,672.5,231.45,0.9878,687.95,222.62,0.9792,664.39,221.95,0.9153,712.55,233.01,0.9295,656.63,229.65,0.4791,741.28,290.68,0.9987,637.33,285.11,0.9928,814.42,287.98,0.996,559.08,280.75,0.957,894.16,274.62,0.9888,495.27,270.13,0.9329,722.61,456.77,0.9992,657.58,450.74,0.9981,669.26,527.05,0.998,579.23,516.59,0.9951,704.37,666.78,0.9866,602.79,651.79,0.9774
image_sit_618.png,sitting,1,673.15,231.63,0.9875,688.67,222.68,0.9794,665.02,222.06,0.9136,713.62,233.16,0.9305,657.24,229.91,0.4731,743.33,291.67,0.9987,637.27,286.21,0.9924,817.28,290.13,0.9958,558.44,283.5,0.9529,895.93,282.47,0.9883,496.84,278.74,0.9279,723.61,457.38,0.9992,657.61,451.23,0.998,669.27,527.2,0.998,579.0,516.37,0.995,703.81,667.69,0.9869,603.3,651.91,0.9776
image_sit_621.png,sitting,1,674.36,231.82,0.9886,689.99,223.07,0.9778,665.53,222.65,0.9286,715.29,233.57,0.9216,657.27,231.13,0.5268,746.19,289.09,0.9986,636.81,286.47,0.9935,813.87,293.9,0.995,554.42,288.82,0.9636,888.55,295.51,0.9862,490.49,281.63,0.9398,724.85,457.2,0.9991,656.7,452.4,0.9981,674.67,530.38,0.9974,584.41,518.36,0.9945,698.71,667.28,0.9827,605.69,647.78,0.9731
image_sit_624.png,sitting,1,673.45,232.95,0.9866,688.51,223.0,0.979,665.53,222.77,0.912,713.89,231.15,0.9291,658.8,229.06,0.4809,746.4,289.78,0.9985,636.52,288.75,0.9912,816.38,291.37,0.9947,556.7,294.21,0.9419,897.46,296.84,0.9855,494.1,293.29,0.9133,726.37,456.99,0.999,659.18,452.6,0.9976,674.61,527.42,0.9969,580.26,516.34,0.9924,709.01,666.57,0.9803,603.43,648.56,0.9665
image_sit_627.png,sitting,1,673.89,231.23,0.9875,689.29,221.82,0.9794,666.04,221.49,0.9149,714.72,231.55,0.931,658.42,229.17,0.4808,745.59,291.28,0.9986,635.88,288.59,0.9926,814.43,300.78,0.9954,552.2,298.73,0.9524,883.54,312.9,0.9877,491.32,309.02,0.9284,724.94,455.72,0.9991,657.21,450.69,0.9979,670.23,527.56,0.9977,579.73,518.12,0.9946,703.42,668.42,0.9856,604.93,653.44,0.9758
image_sit_630.png,sitting,1,672.98,232.14,0.9867,687.63,222.0,0.9795,665.1,222.13,0.9078,713.19,230.28,0.9353,658.66,229.46,0.4693,749.55,291.15,0.9987,635.79,291.91,0.9916,820.2,305.1,0.9954,555.61,308.39,0.9428,887.17,325.56,0.9874,488.92,322.35,0.916,727.2,456.83,0.9991,657.98,452.48,0.9976,675.95,528.15,0.9967,580.75,516.88,0.9916,709.2,667.07,0.9782,604.27,648.4,0.962
image_sit_633.png,sitting,1,672.98,231.68,0.9871,687.41,221.7,0.98,665.16,221.88,0.9089,712.64,230.72,0.9369,658.73,230.19,0.475,748.4,293.24,0.9987,635.53,295.46,0.9921,815.46,313.02,0.9957,556.22,317.97,0.9448,879.99,345.0,0.9881,490.54,337.42,0.9192,726.28,456.57,0.9991,657.85,453.07,0.9976,675.64,526.85,0.9967,581.4,517.17,0.9916,706.92,665.55,0.978,603.35,648.46,0.9612
image_sit_636.png,sitting,1,672.68,231.94,0.9877,686.99,221.89,0.9798,664.73,222.2,0.9128,712.2,230.76,0.9362,658.03,230.6,0.4964,749.13,293.52,0.9988,635.38,297.05,0.9934,818.08,319.02,0.9959,559.02,326.8,0.954,881.08,358.79,0.9888,492.1,353.71,0.9301,726.99,456.11,0.9992,658.06,452.91,0.9979,675.71,526.68,0.9969,581.59,517.29,0.9923,705.28,665.45,0.9781,603.63,648.76,0.9629
image_sit_639.png,sitting,1,671.42,232.64,0.9878,685.41,222.44,0.9784,663.2,223.1,0.9204,710.12,231.54,0.932,655.79,232.25,0.54,750.52,296.99,0.9988,632.85,300.64,0.9946,822.15,336.99,0.9953,561.32,339.86,0.9629,870.71,393.65,0.9875,496.07,380.35,0.9389,727.09,455.83,0.9992,655.75,452.49,0.9982,677.39,527.28,0.997,580.47,519.44,0.9936,705.14,662.88,0.9797,603.46,649.77,0.9684
image_sit_642.png,sitting,1,670.65,232.85,0.9879,684.52,222.37,0.977,662.13,223.32,0.9237,709.27,231.6,0.9267,654.24,233.02,0.5626,748.81,298.77,0.9988,632.37,303.4,0.9953,816.13,348.93,0.995,566.71,354.06,0.9678,857.91,413.06,0.9869,506.98,406.57,0.9444,726.24,455.3,0.9992,655.0,452.62,0.9984,678.3,527.31,0.9971,580.55,521.28,0.9942,705.9,662.18,0.9806,602.86,652.03,0.9712
image_sit_645.png,sitting,1,668.93,233.03,0.9879,682.45,222.27,0.9761,660.28,223.47,0.9267,706.83,231.74,0.9245,652.33,233.78,0.5833,747.03,302.77,0.9988,631.48,306.07,0.9957,811.5,366.2,0.9947,573.36,363.64,0.9708,840.35,443.96,0.9859,519.25,422.63,0.9473,723.71,456.11,0.9992,652.57,452.82,0.9985,679.54,528.07,0.997,580.62,522.15,0.9945,707.56,660.43,0.9809,603.01,651.2,0.9728
image_sit_648.png,sitting,1,668.1,233.14,0.9877,681.89,222.4,0.9749,659.44,223.44,0.9289,706.61,232.31,0.9192,651.25,233.87,0.5979,745.31,304.27,0.9986,631.16,307.27,0.9959,806.5,372.42,0.994,578.87,369.54,0.9723,833.07,455.13,0.9842,529.57,430.59,0.9484,722.99,456.05,0.9992,652.19,452.82,0.9985,680.63,528.17,0.997,580.94,522.54,0.9948,708.47,659.64,0.9815,604.28,651.47,0.9748
image_sit_651.png,sitting,1,667.41,232.43,0.9877,681.8,222.19,0.9738,658.78,222.88,0.9322,705.98,233.48,0.9142,648.58,234.12,0.6087,740.85,304.89,0.9985,631.21,308.19,0.9961,795.22,385.92,0.9937,589.18,384.93,0.9764,804.81,466.99,0.9855,548.78,452.74,0.9572,721.91,455.39,0.9991,651.83,451.78,0.9986,672.61,527.82,0.9975,575.32,520.93,0.996,704.85,664.68,0.9855,606.52,654.36,0.981
image_sit_654.png,sitting,1,667.01,232.76,0.9877,681.78,222.49,0.973,658.17,222.99,0.9332,706.34,234.0,0.9107,647.44,234.15,0.6187,738.14,305.71,0.9985,630.53,309.39,0.9964,785.79,390.05,0.9937,595.3,392.5,0.978,798.49,476.41,0.9853,563.16,462.54,0.9586,718.98,456.94,0.9992,649.47,453.45,0.9987,669.4,526.4,0.9978,572.06,517.44,0.9965,701.58,665.5,0.9877,605.57,651.11,0.9841
image_sit_657.png,sitting,1,666.99,232.69,0.9874,681.96,222.71,0.9722,658.32,222.84,0.9331,706.59,234.77,0.9057,647.29,234.07,0.6116,737.32,306.21,0.9982,632.59,308.78,0.9963,781.24,394.92,0.9931,602.88,396.08,0.9798,786.43,480.42,0.986,575.75,469.2,0.965,720.62,458.81,0.9991,651.58,454.45,0.9987,670.88,529.33,0.998,573.47,518.06,0.997,702.41,667.93,0.9897,605.9,650.44,0.9874
image_sit_660.png,sitting,1,666.24,233.63,0.987,681.28,223.64,0.9717,657.77,223.81,0.932,705.97,235.44,0.9044,646.82,234.74,0.6064,736.04,306.05,0.998,632.12,309.06,0.996,778.27,395.38,0.9927,605.83,396.65,0.9786,781.3,483.01,0.9854,583.41,468.81,0.9634,719.5,458.28,0.999,650.57,454.23,0.9985,670.04,529.48,0.9976,572.13,518.73,0.9965,703.36,667.63,0.9878,606.24,650.46,0.985
image_sit_663.png,sitting,1,665.16,234.43,0.9844,679.58,223.43,0.9689,656.01,224.45,0.9235,703.74,235.82,0.8918,646.14,236.32,0.6174,737.76,308.85,0.997,630.71,310.99,0.9942,775.27,400.42,0.9859,607.85,400.02,0.9599,775.53,488.22,0.969,593.32,471.86,0.9288,724.24,461.24,0.9974,653.25,457.29,0.9961,667.4,526.02,0.993,570.76,519.0,0.9898,696.71,657.11,0.968,605.87,646.37,0.9619
image_sit_666.png,sitting,1,664.75,235.16,0.9842,679.26,224.31,0.9685,655.52,225.33,0.9241,703.39,237.28,0.8886,645.33,237.87,0.6146,737.07,309.81,0.9967,630.39,313.09,0.9937,773.19,400.99,0.9844,609.31,402.61,0.9576,770.59,487.01,0.967,597.97,470.87,0.9265,725.37,461.35,0.997,654.27,458.11,0.9956,669.24,523.77,0.992,572.14,518.7,0.9886,696.35,655.59,0.9643,605.85,647.85,0.9577
image_sit_669.png,sitting,1,663.67,236.45,0.9838,678.04,225.13,0.9685,654.14,226.43,0.9225,702.84,237.26,0.889,644.2,238.7,0.6052,737.53,310.22,0.9965,629.78,313.44,0.9931,772.18,402.34,0.9834,608.71,403.28,0.9534,770.19,487.9,0.9648,600.73,470.74,0.9203,725.35,462.26,0.9966,653.54,458.8,0.9951,670.38,525.5,0.9912,573.08,518.8,0.9874,697.01,658.21,0.9618,605.57,647.24,0.9545
image_sit_672.png,sitting,1,663.13,236.79,0.9838,677.64,225.47,0.9687,653.62,226.68,0.9223,702.58,237.66,0.8899,643.63,238.85,0.6036,737.31,310.53,0.9965,629.45,313.65,0.9931,772.45,402.93,0.9834,609.73,403.67,0.9531,769.96,488.09,0.9648,601.74,469.69,0.9198,725.13,462.52,0.9966,653.19,458.89,0.995,669.88,525.98,0.9911,572.16,518.9,0.9871,696.53,659.03,0.9609,605.19,647.69,0.9534
image_sit_675.png,sitting,1,662.32,235.62,0.9833,676.7,224.63,0.9674,652.82,225.51,0.9211,700.92,237.65,0.8869,642.52,238.21,0.6073,736.01,311.09,0.9965,627.85,314.2,0.993,772.45,403.03,0.983,610.61,404.97,0.9529,769.92,487.31,0.9643,605.5,469.71,0.9197,724.43,462.91,0.9966,652.37,459.27,0.995,670.75,525.91,0.9911,572.91,518.24,0.9872,695.28,659.6,0.9613,605.16,647.51,0.954
image_sit_678.png,sitting,1,660.15,232.91,0.9824,674.79,222.55,0.9674,651.05,223.27,0.913,699.82,237.68,0.8933,641.53,237.89,0.5759,735.61,312.2,0.9966,626.8,315.12,0.9923,772.55,406.12,0.9841,610.4,407.2,0.9474,768.69,490.31,0.9659,607.09,469.45,0.9128,724.07,462.84,0.9966,651.45,459.17,0.9947,670.81,524.65,0.9914,572.07,517.78,0.9868,695.37,658.41,0.9622,605.58,647.87,0.9531
image_sit_681.png,sitting,1,660.97,231.21,0.9826,675.49,221.2,0.9676,652.3,221.79,0.9121,700.4,237.02,0.895,643.5,236.81,0.5769,736.05,312.12,0.9969,628.05,314.41,0.9928,773.59,403.71,0.9853,607.69,404.59,0.9506,771.52,488.79,0.9681,600.9,472.94,0.9171,724.41,461.77,0.997,652.76,458.0,0.9953,669.56,525.48,0.9923,572.35,519.21,0.9881,695.32,657.91,0.9651,606.05,648.65,0.9566
image_sit_684.png,sitting,1,663.82,230.72,0.9864,678.89,221.44,0.9729,655.8,221.39,0.9238,703.34,235.85,0.9132,645.47,234.34,0.5711,733.38,307.92,0.9982,631.36,310.59,0.9953,777.75,397.13,0.9935,605.69,398.39,0.9736,783.93,485.6,0.9867,585.91,472.42,0.9571,720.16,456.51,0.9989,652.7,452.8,0.9983,665.98,527.48,0.9975,570.29,518.78,0.9958,702.28,664.78,0.9868,606.7,650.02,0.9823
image_sit_687.png,sitting,1,668.64,231.71,0.9876,683.5,221.77,0.9749,660.82,222.04,0.9255,708.44,233.9,0.921,651.75,233.14,0.579,740.75,306.6,0.9987,632.51,307.78,0.9958,800.04,384.41,0.9949,584.94,381.27,0.9733,821.96,459.2,0.9876,539.54,446.65,0.9534,717.16,453.65,0.9992,649.05,449.8,0.9986,667.42,528.87,0.9979,574.78,524.17,0.9962,702.12,662.37,0.987,606.67,656.48,0.9815
image_sit_690.png,sitting,1,673.58,233.6,0.988,688.11,223.61,0.9789,665.39,224.04,0.9184,712.76,232.6,0.9342,657.44,232.54,0.5325,748.27,295.81,0.9989,634.86,299.99,0.9949,815.76,326.16,0.9961,563.17,332.65,0.9641,873.1,374.83,0.9893,493.53,363.54,0.9413,724.38,454.82,0.9994,655.84,451.78,0.9985,669.4,529.2,0.9976,577.05,520.93,0.9945,700.66,661.59,0.9831,603.61,647.32,0.9725
image_sit_693.png,sitting,1,676.75,234.04,0.9894,691.97,224.66,0.9766,667.61,224.62,0.9372,715.97,233.31,0.9134,657.77,231.85,0.5781,745.45,289.1,0.9986,635.48,288.14,0.9952,807.01,299.85,0.995,548.37,298.5,0.9734,876.6,309.26,0.9864,475.21,304.01,0.9533,724.08,457.21,0.9992,655.93,452.84,0.9985,670.41,532.18,0.9976,581.74,519.0,0.9954,699.01,666.93,0.9836,606.75,645.33,0.9763
image_sit_696.png,sitting,1,676.46,233.21,0.9885,692.03,223.67,0.9782,667.98,223.43,0.9266,715.96,232.04,0.922,658.53,229.89,0.532,743.82,288.34,0.9986,637.6,287.38,0.9945,813.48,285.97,0.9954,556.35,290.26,0.967,885.59,281.37,0.9877,482.83,289.41,0.9454,723.43,455.72,0.9993,657.67,451.0,0.9985,665.75,528.09,0.9981,577.9,518.59,0.996,701.38,666.35,0.9876,605.92,652.88,0.9808
image_sit_699.png,sitting,1,676.35,232.44,0.9889,691.57,223.32,0.9769,667.74,222.82,0.9295,714.66,232.6,0.9157,658.55,229.55,0.5515,740.86,289.63,0.9987,640.02,283.36,0.9953,811.35,286.19,0.9959,565.03,279.99,0.974,885.74,256.54,0.989,497.02,264.48,0.955,721.56,456.73,0.9994,657.8,450.05,0.9987,666.48,529.15,0.9982,578.15,517.78,0.9965,703.82,666.09,0.9877,602.69,651.9,0.9817
image_sit_702.png,sitting,1,676.9,232.37,0.9889,692.02,223.26,0.9766,668.14,222.76,0.9301,714.74,232.59,0.9129,658.53,229.45,0.5564,740.02,289.61,0.9987,639.96,282.93,0.9952,809.56,285.85,0.9959,565.59,279.38,0.9739,885.38,255.36,0.9889,500.31,263.74,0.955,721.34,456.19,0.9994,657.93,449.55,0.9987,666.37,528.45,0.9982,578.39,517.13,0.9965,703.95,666.04,0.9877,602.56,651.59,0.9816
image_sit_705.png,sitting,1,676.97,233.59,0.9889,692.16,224.06,0.9772,668.16,223.99,0.9303,715.45,232.71,0.9159,658.73,230.68,0.5521,742.4,289.77,0.9986,639.03,285.16,0.9951,813.08,286.76,0.9956,560.76,282.13,0.9721,887.42,265.98,0.9883,492.47,270.86,0.9523,721.71,456.83,0.9993,656.85,450.97,0.9986,666.44,527.3,0.9981,577.85,517.15,0.9963,703.97,665.58,0.9876,603.41,652.07,0.9815
image_sit_708.png,sitting,1,676.83,233.74,0.9885,692.1,224.05,0.9775,667.97,224.05,0.9283,715.83,232.43,0.9168,658.55,230.59,0.5403,742.8,289.66,0.9985,639.08,285.62,0.9944,812.46,287.37,0.9952,561.23,284.86,0.9675,887.41,272.63,0.9873,493.86,279.82,0.9459,721.94,457.08,0.9992,657.05,451.27,0.9984,665.74,527.37,0.998,577.83,516.42,0.9959,703.69,666.9,0.9869,604.42,651.61,0.9802
image_sit_711.png,sitting,1,676.21,234.46,0.9891,691.59,225.07,0.9769,667.0,224.97,0.9354,715.72,233.49,0.9134,657.39,231.51,0.5618,745.96,287.8,0.9985,635.84,284.95,0.9943,816.08,288.4,0.9947,549.5,285.76,0.9682,892.29,279.78,0.9854,482.03,280.39,0.9454,725.14,457.55,0.9991,656.89,452.73,0.9983,671.25,530.3,0.9975,582.95,518.56,0.9951,699.47,665.79,0.9837,607.61,647.16,0.9757
image_sit_714.png,sitting,1,675.66,233.27,0.9891,691.12,224.33,0.9765,666.87,223.83,0.9361,714.88,233.54,0.9118,657.19,230.74,0.5691,744.71,287.57,0.9985,635.52,286.07,0.9946,814.33,289.96,0.9947,552.89,291.43,0.9699,886.25,286.53,0.9855,485.88,289.12,0.9478,724.68,456.68,0.9992,656.82,452.34,0.9984,672.08,530.14,0.9977,583.03,519.45,0.9955,698.45,665.22,0.9849,607.33,648.71,0.9778
image_sit_717.png,sitting,1,675.29,232.65,0.9883,690.81,223.09,0.9781,666.89,222.88,0.927,715.1,231.96,0.9219,657.71,229.99,0.5347,742.56,290.26,0.9985,635.25,289.14,0.9943,806.47,294.22,0.9949,549.56,297.13,0.9647,874.49,297.12,0.9865,476.32,303.75,0.942,721.79,456.32,0.9992,655.63,451.82,0.9984,666.11,528.9,0.998,578.28,519.39,0.9958,701.37,666.25,0.9873,605.92,652.56,0.9806
image_sit_720.png,sitting,1,674.52,232.63,0.9889,689.74,223.34,0.977,665.69,223.47,0.9342,713.97,232.46,0.9165,656.75,231.42,0.559,745.2,288.22,0.9985,634.52,288.58,0.9944,811.15,297.43,0.9945,548.23,298.19,0.9675,878.07,306.74,0.9851,477.09,302.53,0.9443,722.63,457.17,0.9991,654.18,453.46,0.9983,671.74,530.3,0.9976,582.9,519.73,0.9954,699.2,665.25,0.9849,607.51,647.7,0.9776
image_sit_723.png,sitting,1,673.56,233.23,0.9874,688.3,222.91,0.9791,665.06,223.48,0.9171,713.28,230.38,0.9304,657.34,230.68,0.5028,745.46,289.77,0.9986,635.79,292.85,0.9928,808.74,300.64,0.9951,555.79,308.91,0.9512,874.11,320.29,0.9868,480.83,325.75,0.9255,723.03,456.66,0.9991,656.33,453.45,0.9978,670.27,527.84,0.9968,579.55,518.14,0.9925,705.73,663.43,0.9792,604.89,647.35,0.9653
image_sit_726.png,sitting,1,672.78,232.94,0.9877,687.31,222.56,0.9795,664.55,223.22,0.9153,712.48,230.59,0.9342,657.39,231.08,0.5042,747.05,292.87,0.9988,635.69,296.73,0.9935,814.69,313.63,0.9957,558.96,320.71,0.9549,879.54,349.71,0.9883,485.37,345.13,0.9306,723.52,456.95,0.9992,656.35,454.03,0.9981,670.69,526.78,0.9971,580.01,518.34,0.9931,704.23,662.62,0.9807,605.07,647.92,0.9676
image_sit_729.png,sitting,1,672.8,232.87,0.988,687.02,222.6,0.9786,664.47,223.35,0.9197,711.76,230.99,0.933,656.87,231.97,0.5345,749.77,294.31,0.9989,634.71,299.65,0.9947,817.85,323.44,0.9957,562.53,331.02,0.9639,867.91,371.81,0.9885,492.76,362.95,0.9416,725.89,456.19,0.9993,656.4,453.31,0.9984,672.91,527.84,0.9973,579.8,519.7,0.9942,701.21,662.08,0.9819,604.28,648.16,0.9713
image_sit_732.png,sitting,1,672.41,233.3,0.988,686.51,222.56,0.979,663.87,223.68,0.9207,711.39,230.76,0.934,656.02,232.36,0.5354,751.81,296.99,0.9988,634.22,300.17,0.9946,824.82,338.11,0.9954,562.04,336.8,0.9623,868.37,393.33,0.9879,494.94,377.65,0.9389,727.29,455.73,0.9992,656.36,452.23,0.9983,673.08,526.43,0.9972,579.33,520.78,0.9939,702.28,660.8,0.981,603.98,651.59,0.9701
image_sit_735.png,sitting,1,672.34,233.12,0.9879,686.6,222.38,0.9776,663.92,223.49,0.9214,711.97,231.41,0.929,656.06,232.86,0.548,749.78,299.38,0.9988,634.34,302.89,0.9951,818.75,348.93,0.9954,566.92,350.0,0.9664,861.46,413.26,0.9879,506.07,403.2,0.9436,724.72,454.25,0.9993,654.56,451.54,0.9985,673.77,525.83,0.9974,579.55,522.88,0.9947,703.53,659.91,0.9829,603.51,655.22,0.9738
image_sit_738.png,sitting,1,672.28,233.47,0.988,686.33,222.71,0.9766,663.88,223.54,0.9274,710.75,232.2,0.9243,655.27,233.22,0.5818,748.15,303.02,0.9988,632.52,306.39,0.9956,810.8,366.42,0.9948,573.16,365.94,0.9694,838.85,444.02,0.9862,520.7,426.85,0.9457,723.16,455.11,0.9992,652.12,452.28,0.9984,678.25,527.53,0.997,580.75,523.49,0.9944,706.31,660.22,0.981,605.15,654.17,0.9725
image_sit_741.png,sitting,1,672.62,233.2,0.988,687.26,222.95,0.9753,664.34,223.29,0.9286,711.33,233.83,0.9194,654.22,233.31,0.5893,744.26,305.42,0.9987,634.96,306.54,0.9961,804.15,380.59,0.9949,585.91,375.47,0.975,825.36,457.3,0.9879,541.33,438.38,0.9565,722.73,455.23,0.9993,653.84,451.42,0.9988,673.0,528.34,0.9982,578.59,524.07,0.9968,705.29,664.3,0.989,607.76,658.78,0.9846
image_sit_744.png,sitting,1,672.12,233.57,0.9879,686.96,223.3,0.9741,663.79,223.63,0.9327,711.39,234.2,0.914,653.39,233.7,0.6097,743.82,305.47,0.9985,634.09,306.95,0.9962,798.9,386.68,0.994,589.93,383.52,0.9765,814.37,468.03,0.986,548.72,452.91,0.9571,721.07,455.69,0.9992,651.08,451.5,0.9986,671.48,528.57,0.9977,574.69,521.46,0.9962,705.05,665.1,0.9866,607.22,655.15,0.9823
image_sit_747.png,sitting,1,671.21,233.82,0.9877,686.36,223.55,0.9734,662.97,223.66,0.9312,711.37,234.72,0.9125,652.65,233.78,0.6074,740.99,306.23,0.9985,634.4,308.59,0.9963,787.09,391.0,0.994,597.2,391.42,0.9772,799.67,477.99,0.9859,563.37,461.83,0.9577,719.13,456.27,0.9992,650.34,452.3,0.9987,669.39,526.3,0.9979,572.98,517.66,0.9965,702.17,664.81,0.988,607.02,651.82,0.9842
image_sit_750.png,sitting,1,670.51,233.17,0.987,685.5,223.18,0.9727,662.23,223.37,0.9284,710.7,235.17,0.9094,651.87,234.44,0.5874,739.7,306.73,0.9982,637.03,307.85,0.996,780.09,397.34,0.9935,606.09,393.77,0.9779,785.07,486.62,0.9868,582.85,468.43,0.9628,721.77,457.3,0.9991,653.75,452.54,0.9986,670.06,529.65,0.998,573.97,518.76,0.9968,703.92,668.8,0.9895,606.4,651.4,0.9865
image_sit_753.png,sitting,1,668.48,232.87,0.9833,682.58,222.11,0.9669,660.16,223.11,0.916,707.45,235.12,0.8897,652.31,235.62,0.5995,740.82,309.15,0.997,635.57,310.31,0.994,774.57,401.2,0.9861,607.68,399.7,0.9593,774.94,486.53,0.9695,592.77,473.04,0.9283,724.03,459.65,0.9975,654.16,455.36,0.9963,670.1,527.44,0.9934,574.36,520.3,0.9904,698.73,657.43,0.9696,605.43,646.91,0.9636
image_sit_756.png,sitting,1,666.91,232.17,0.9825,681.12,221.61,0.9662,658.75,222.66,0.9111,706.14,235.38,0.8909,651.08,235.94,0.5827,739.55,309.74,0.997,634.96,311.38,0.9936,773.23,403.42,0.9861,609.57,401.9,0.9567,771.02,488.39,0.9694,597.07,472.59,0.9248,723.96,459.97,0.9975,654.28,456.02,0.9962,668.47,525.59,0.9937,572.7,520.17,0.9906,698.02,656.04,0.9715,605.44,648.32,0.9653
image_sit_759.png,sitting,1,665.57,231.87,0.9863,680.38,221.5,0.9708,657.05,222.45,0.9292,705.32,234.44,0.9062,647.37,235.15,0.6087,735.21,309.9,0.998,632.86,313.25,0.9957,769.66,404.09,0.9918,610.81,402.96,0.9742,767.02,494.7,0.9817,601.37,473.81,0.9525,720.24,460.4,0.9988,652.88,457.39,0.9982,665.38,524.96,0.9969,570.55,519.1,0.9952,701.08,661.2,0.9839,608.14,651.33,0.9795
image_sit_762.png,sitting,1,663.33,229.61,0.9859,677.98,219.8,0.9688,654.38,220.78,0.9325,701.92,234.56,0.8984,644.03,235.39,0.6343,732.57,310.91,0.9977,629.2,315.05,0.9957,767.27,405.03,0.9902,611.91,405.54,0.9745,765.27,495.11,0.9785,605.3,471.55,0.9519,718.16,462.46,0.9986,650.02,459.76,0.998,664.75,527.1,0.9963,568.85,520.38,0.9946,700.04,661.32,0.9813,608.17,649.78,0.9772
image_sit_765.png,sitting,1,661.48,229.22,0.9842,675.92,220.01,0.9686,652.62,220.86,0.9191,700.25,236.03,0.9055,643.45,236.78,0.5854,733.19,311.04,0.9979,627.52,317.1,0.9944,766.07,404.0,0.9906,611.94,411.28,0.9627,763.84,492.67,0.9758,609.71,471.24,0.9294,720.18,460.77,0.9983,651.07,459.06,0.9972,668.56,522.65,0.9946,570.57,517.52,0.9909,696.87,655.91,0.9725,607.53,646.26,0.963
image_sit_768.png,sitting,1,662.02,228.49,0.9841,676.42,219.27,0.9679,652.75,220.16,0.9206,700.3,235.78,0.9019,642.82,236.66,0.5931,733.41,311.69,0.9978,626.84,317.19,0.9943,766.55,407.38,0.9898,612.52,413.12,0.9621,763.35,496.0,0.9741,610.83,472.72,0.9279,719.91,461.27,0.9981,650.07,459.2,0.9969,668.45,522.08,0.9941,569.67,515.98,0.9903,697.07,656.83,0.9707,607.34,645.71,0.9611
image_sit_771.png,sitting,1,663.08,227.96,0.9811,677.57,218.06,0.965,654.32,218.94,0.9041,702.28,235.31,0.8915,645.73,235.63,0.5634,736.18,312.34,0.9967,631.09,314.76,0.9924,770.93,407.82,0.9852,613.78,407.52,0.9482,767.69,491.33,0.9678,606.04,470.78,0.9141,722.99,462.87,0.997,652.91,459.2,0.9952,666.37,524.0,0.9925,571.12,518.5,0.9883,694.97,657.31,0.9667,606.79,649.19,0.9581
image_sit_774.png,sitting,1,668.68,230.26,0.9868,683.5,220.78,0.9741,661.17,221.15,0.92,708.53,234.14,0.9194,652.43,233.52,0.5561,737.96,305.88,0.9985,636.61,307.4,0.9956,787.52,391.17,0.9948,599.12,388.76,0.9743,802.58,477.41,0.9888,565.56,460.86,0.9584,716.58,453.8,0.9992,650.79,449.6,0.9986,663.65,528.71,0.9982,573.26,520.97,0.9968,701.67,664.18,0.9903,607.86,651.22,0.9864
image_sit_777.png,sitting,1,671.34,235.03,0.9879,685.66,223.95,0.9775,663.16,225.18,0.9219,711.57,232.99,0.9302,655.7,234.68,0.5543,748.91,303.6,0.9989,634.0,307.07,0.9953,814.52,363.33,0.9953,571.44,363.51,0.9666,850.38,434.26,0.9873,512.77,422.87,0.9417,721.46,454.63,0.9992,651.51,451.65,0.9984,671.04,530.15,0.9972,577.32,526.22,0.9942,703.66,660.63,0.981,604.51,654.56,0.9711
image_sit_780.png,sitting,1,674.37,237.32,0.9881,688.58,226.19,0.9787,665.79,227.48,0.9213,713.15,232.83,0.933,657.55,234.51,0.5429,750.55,297.11,0.9989,636.91,300.62,0.995,822.84,335.59,0.9957,565.82,336.63,0.9644,872.75,386.32,0.9884,493.53,376.99,0.9405,725.46,455.19,0.9993,657.01,451.8,0.9985,666.81,529.28,0.9975,576.64,523.48,0.9945,701.18,659.49,0.9827,604.13,649.84,0.9725
image_sit_783.png,sitting,1,676.37,237.24,0.9878,691.03,226.19,0.9787,667.54,227.03,0.9218,714.93,231.98,0.9284,658.54,232.7,0.528,747.76,291.52,0.9987,635.86,294.6,0.9937,813.39,302.51,0.9952,554.55,310.24,0.9568,874.5,318.88,0.9871,477.59,327.56,0.9319,724.28,458.41,0.9992,656.73,454.91,0.9981,665.69,531.7,0.9969,576.5,521.71,0.993,704.21,663.76,0.9796,605.97,647.29,0.9667
image_sit_786.png,sitting,1,675.77,235.54,0.9891,690.9,226.04,0.976,666.45,226.25,0.9343,714.87,233.93,0.9112,657.04,232.66,0.5609,743.26,288.28,0.9986,639.33,285.03,0.9948,809.61,289.74,0.9952,563.1,285.78,0.9719,886.66,275.14,0.9867,495.07,276.02,0.9503,722.6,458.46,0.9992,657.42,452.83,0.9985,665.63,534.24,0.9977,580.78,519.79,0.9956,698.9,665.94,0.9846,607.13,643.47,0.9772
image_sit_789.png,sitting,1,675.79,234.24,0.9888,690.91,224.73,0.9768,667.16,224.56,0.9269,714.06,233.34,0.9173,658.34,230.87,0.5451,739.35,291.22,0.9988,640.56,284.68,0.9953,809.26,287.98,0.9962,568.6,281.49,0.9734,887.22,255.78,0.9895,500.82,264.61,0.9535,718.36,458.27,0.9994,655.93,451.26,0.9988,661.26,531.88,0.9983,575.01,518.78,0.9966,704.44,666.67,0.9886,603.23,649.25,0.9825
image_sit_792.png,sitting,1,676.36,234.73,0.9894,691.57,225.42,0.9758,667.27,225.31,0.9334,715.79,233.84,0.9122,658.8,231.67,0.5613,743.41,288.61,0.9988,640.9,282.65,0.9953,808.87,287.19,0.996,566.1,280.51,0.976,889.25,255.26,0.9884,502.96,258.7,0.9561,721.77,458.99,0.9993,656.89,452.05,0.9987,665.32,535.67,0.998,579.25,518.4,0.996,699.65,667.63,0.9854,605.02,641.66,0.9785
image_sit_795.png,sitting,1,677.44,234.29,0.9893,692.55,225.08,0.9759,668.29,224.9,0.9326,716.51,233.8,0.9124,659.5,231.5,0.5576,744.18,288.91,0.9988,640.82,282.44,0.9951,809.67,288.22,0.9959,563.04,280.5,0.9744,889.73,258.29,0.9882,499.53,262.15,0.9539,722.67,458.19,0.9993,657.47,451.18,0.9987,665.96,534.93,0.998,579.72,517.93,0.9959,699.71,667.69,0.9854,604.49,642.03,0.978
image_sit_798.png,sitting,1,677.55,234.36,0.989,692.63,225.05,0.9763,668.35,225.04,0.9323,716.54,233.58,0.9136,659.39,231.79,0.5543,745.15,288.59,0.9987,639.95,283.92,0.9946,810.15,289.17,0.9955,561.03,284.09,0.9708,888.97,269.1,0.987,496.68,270.93,0.9482,723.5,458.77,0.9992,657.49,452.44,0.9985,666.58,533.79,0.9977,579.81,517.07,0.9953,699.92,666.65,0.9843,605.88,640.35,0.9762
image_sit_801.png,sitting,1,676.81,234.4,0.9891,691.98,224.86,0.9767,667.62,225.09,0.9346,716.15,233.16,0.9142,658.7,231.95,0.5624,746.2,288.34,0.9986,637.49,285.16,0.9946,813.55,289.32,0.9949,551.77,285.85,0.9696,893.31,277.63,0.9856,482.23,277.82,0.9461,723.41,458.71,0.9992,655.96,453.2,0.9984,666.95,532.62,0.9976,579.77,517.51,0.9953,699.6,665.57,0.9842,606.67,641.25,0.9765
image_sit_804.png,sitting,1,676.34,235.14,0.9888,691.63,225.68,0.977,667.33,225.73,0.9311,716.12,233.92,0.9174,658.52,232.43,0.5445,745.91,288.8,0.9986,638.27,286.56,0.9941,814.47,290.77,0.9952,557.31,291.47,0.9666,892.72,282.83,0.9863,489.55,289.06,0.9424,722.33,458.18,0.9992,655.49,452.8,0.9983,667.37,533.26,0.9976,581.16,518.48,0.995,698.66,666.02,0.984,607.33,642.51,0.9753
image_sit_807.png,sitting,1,675.67,234.88,0.9887,690.96,225.24,0.9774,666.96,225.4,0.9307,715.54,233.25,0.9201,658.45,231.91,0.5434,746.89,289.3,0.9986,636.12,287.27,0.994,816.1,298.24,0.9949,549.97,295.63,0.9645,890.54,303.11,0.9858,482.58,300.57,0.9397,722.84,457.79,0.9991,654.69,452.98,0.9983,667.5,532.18,0.9976,581.19,519.7,0.995,698.16,664.63,0.9845,608.31,644.08,0.9761
image_sit_810.png,sitting,1,675.06,235.51,0.9871,689.77,224.76,0.9784,666.55,225.48,0.9173,714.7,231.13,0.9286,658.78,231.67,0.5102,746.0,290.48,0.9986,637.23,293.3,0.993,805.5,301.46,0.9949,558.24,310.65,0.9521,866.68,317.64,0.9863,485.62,330.0,0.9255,722.72,456.89,0.9991,656.53,453.22,0.9979,666.68,530.74,0.9968,577.75,519.28,0.9926,704.66,663.67,0.9793,605.57,644.87,0.9659
image_sit_813.png,sitting,1,674.95,234.74,0.9878,689.6,224.15,0.979,666.61,224.67,0.9175,714.47,231.7,0.9319,658.91,231.76,0.5193,746.95,293.78,0.9988,636.62,297.01,0.994,810.29,313.14,0.9958,560.27,321.86,0.9588,875.84,344.24,0.9885,487.97,346.52,0.9349,723.02,456.9,0.9992,656.26,453.5,0.9982,668.06,529.74,0.9972,577.64,518.8,0.9934,704.33,663.7,0.9807,604.64,645.12,0.968
image_sit_816.png,sitting,1,674.64,234.41,0.9882,689.03,223.77,0.9788,666.04,224.53,0.9203,713.58,231.39,0.9319,657.86,232.12,0.5387,748.74,294.22,0.9989,636.22,298.95,0.9948,816.28,320.66,0.9959,564.42,329.67,0.9641,878.3,365.15,0.9889,491.48,360.3,0.9413,724.58,456.17,0.9993,656.65,453.04,0.9984,668.77,529.3,0.9973,577.57,518.93,0.9938,702.36,662.75,0.9808,604.66,644.6,0.9691
image_sit_819.png,sitting,1,674.24,234.11,0.9882,688.32,223.21,0.9783,665.23,224.53,0.9244,712.79,231.45,0.9308,656.55,233.53,0.5576,752.14,298.07,0.9988,634.86,301.76,0.9951,824.0,337.82,0.9954,564.66,339.02,0.9657,869.04,392.37,0.9878,494.93,383.38,0.9425,725.88,455.68,0.9992,655.14,452.08,0.9984,670.53,528.35,0.9972,577.11,520.93,0.9941,702.74,660.67,0.9807,603.96,648.65,0.9704
image_sit_822.png,sitting,1,672.32,234.41,0.9882,686.63,223.39,0.978,663.78,224.41,0.9234,712.19,232.14,0.93,655.65,233.44,0.5542,749.19,301.78,0.9989,634.81,304.03,0.9953,814.29,359.34,0.9954,571.07,357.02,0.9673,851.91,427.76,0.9878,510.49,414.53,0.944,723.72,454.97,0.9992,653.8,451.4,0.9984,673.23,527.6,0.9971,578.76,522.18,0.9941,704.42,661.72,0.9805,603.92,653.55,0.9703
image_sit_825.png,sitting,1,671.85,234.51,0.9856,685.97,222.93,0.9738,662.94,224.33,0.9154,711.33,233.32,0.9069,654.86,234.78,0.5625,747.67,304.1,0.9979,636.13,305.29,0.9935,805.0,370.84,0.9911,581.95,368.6,0.9545,829.81,442.3,0.98,529.74,429.9,0.9298,724.25,455.64,0.9984,653.36,451.32,0.997,673.89,525.82,0.9954,576.59,520.94,0.9919,703.44,657.49,0.9752,600.6,650.57,0.9665
image_sit_828.png,sitting,1,672.61,233.27,0.988,687.26,222.73,0.9753,664.36,223.19,0.9283,711.91,233.13,0.9205,654.76,232.88,0.5884,745.48,305.52,0.9987,636.03,305.76,0.9962,805.47,383.84,0.9949,586.71,376.27,0.9754,826.01,459.63,0.9876,540.36,438.88,0.9565,722.49,455.6,0.9993,653.52,451.05,0.9988,671.79,529.44,0.9982,577.7,523.55,0.9968,704.71,665.21,0.9892,607.3,657.57,0.985
image_sit_831.png,sitting,1,672.06,232.73,0.9859,686.5,222.36,0.9698,663.44,222.7,0.9214,710.71,235.2,0.8949,653.65,234.1,0.6114,743.99,308.01,0.9978,635.94,306.02,0.9957,797.79,393.3,0.9912,595.81,385.65,0.9728,813.65,477.41,0.9823,556.4,456.24,0.9555,723.23,457.57,0.9986,652.73,451.47,0.998,668.84,525.31,0.9971,574.79,516.64,0.9957,697.63,661.17,0.9852,606.31,650.07,0.9822
image_sit_834.png,sitting,1,670.55,231.53,0.987,685.47,221.77,0.9732,662.82,221.75,0.9249,711.06,234.1,0.9141,653.73,232.91,0.5777,739.81,306.1,0.9984,638.37,306.56,0.996,783.25,395.56,0.9942,604.78,391.83,0.9773,794.8,484.7,0.9876,574.63,465.7,0.9617,718.34,455.43,0.9992,651.67,450.27,0.9987,670.06,530.59,0.9982,575.61,518.75,0.9971,703.81,667.0,0.9905,606.46,648.55,0.9876
image_sit_837.png,sitting,1,670.39,231.08,0.9869,685.3,221.52,0.9725,662.51,221.31,0.9276,710.05,234.22,0.9103,652.6,232.63,0.591,739.54,305.8,0.9982,637.33,307.8,0.9961,779.52,395.87,0.9935,607.68,396.88,0.9781,785.04,486.22,0.9866,584.02,474.17,0.9623,722.99,456.75,0.9991,655.41,452.19,0.9987,671.06,530.33,0.998,574.58,518.97,0.9968,702.73,666.42,0.9894,605.74,648.52,0.9865
image_sit_840.png,sitting,1,668.97,231.24,0.9865,683.79,221.54,0.9724,661.11,221.69,0.9247,708.95,234.32,0.9124,651.75,233.55,0.5773,738.96,306.2,0.9982,637.49,308.11,0.9957,778.01,397.86,0.9935,611.25,395.88,0.9766,778.71,487.0,0.9867,592.36,468.36,0.9607,721.49,457.33,0.9991,653.91,452.64,0.9986,670.01,529.86,0.9979,573.07,518.69,0.9966,703.53,666.54,0.9889,605.19,648.54,0.9855
image_sit_843.png,sitting,1,667.41,231.83,0.9825,681.71,221.28,0.9666,659.24,221.96,0.9108,706.64,235.03,0.8925,651.36,234.85,0.5814,739.94,309.61,0.9969,634.72,310.37,0.9932,774.03,402.29,0.9862,611.65,400.02,0.9544,771.81,487.35,0.9696,601.14,469.55,0.9221,722.97,460.45,0.9973,652.76,455.84,0.9958,670.36,528.29,0.9927,573.17,520.4,0.9888,699.13,659.16,0.9658,605.1,647.72,0.9578
image_sit_846.png,sitting,1,665.75,232.43,0.9825,680.39,221.71,0.9675,657.32,222.41,0.9101,705.94,235.3,0.8955,649.05,235.22,0.5706,739.19,309.52,0.9969,633.73,310.63,0.9928,772.06,404.01,0.9859,614.22,401.67,0.9513,768.39,488.47,0.9691,605.76,467.48,0.9178,723.39,461.15,0.9972,652.57,456.51,0.9955,670.02,526.79,0.9927,571.45,518.46,0.9886,698.93,659.36,0.9668,604.6,647.21,0.9584
image_sit_849.png,sitting,1,665.91,232.77,0.9864,680.95,222.25,0.9713,657.06,222.85,0.9283,706.19,234.73,0.9088,646.79,234.72,0.6019,736.68,310.28,0.9981,632.64,311.46,0.9956,771.68,406.81,0.9923,613.67,400.81,0.9742,768.67,494.59,0.9828,609.04,466.43,0.9532,721.29,462.47,0.9989,652.41,458.2,0.9982,667.86,527.24,0.9969,570.53,518.58,0.9951,700.76,664.77,0.9837,606.37,651.1,0.9789
image_sit_852.png,sitting,1,665.61,233.63,0.9863,680.34,223.16,0.9701,656.53,223.48,0.9308,704.78,236.66,0.8979,646.58,235.79,0.6057,736.57,312.2,0.9979,631.35,313.33,0.9939,770.41,407.28,0.9901,613.42,405.15,0.9616,765.37,497.11,0.9737,609.09,472.2,0.9275,721.23,463.84,0.9975,652.2,460.22,0.9959,672.15,528.39,0.9906,580.62,519.67,0.9843,696.85,661.92,0.9478,617.1,647.93,0.9298
image_sit_855.png,sitting,1,665.42,233.56,0.9863,679.93,223.33,0.9695,656.19,223.53,0.9318,703.5,237.29,0.8946,645.47,236.18,0.6136,735.42,312.73,0.9979,629.9,313.65,0.9939,770.63,407.45,0.99,612.92,404.99,0.9615,765.33,497.49,0.9734,609.88,471.51,0.9274,720.94,463.43,0.9975,651.71,459.83,0.9959,672.54,528.26,0.9907,580.7,519.64,0.9845,696.65,661.97,0.9488,616.89,648.0,0.9311
image_sit_858.png,sitting,1,665.35,234.33,0.9864,679.71,224.07,0.9689,655.62,224.44,0.935,702.58,238.17,0.8886,643.62,237.45,0.6295,734.68,313.25,0.9978,628.34,314.96,0.9941,770.8,407.64,0.9894,612.88,406.4,0.9625,765.24,498.26,0.972,609.7,472.24,0.9287,721.55,463.65,0.9974,651.77,460.39,0.9959,671.82,527.93,0.9905,579.68,519.63,0.9847,695.72,661.74,0.9486,616.66,647.76,0.9321
image_sit_861.png,sitting,1,662.86,232.42,0.986,677.66,222.22,0.9718,653.62,223.07,0.9244,702.17,235.79,0.9129,642.71,236.57,0.5872,734.14,310.55,0.9982,629.72,314.7,0.9952,771.59,404.61,0.9928,613.53,404.27,0.9712,768.31,495.65,0.9835,609.19,468.17,0.9489,721.8,461.2,0.9989,652.73,458.15,0.9981,666.6,526.05,0.997,568.65,518.78,0.9949,699.86,663.93,0.9842,605.78,650.62,0.9786
image_sit_864.png,sitting,1,663.27,231.71,0.9826,677.82,221.32,0.9676,654.33,221.94,0.9118,701.94,236.36,0.8946,644.76,236.05,0.5793,736.12,310.86,0.9969,630.86,313.69,0.9928,773.32,402.62,0.9855,612.82,403.94,0.9502,771.53,488.18,0.9682,602.67,468.03,0.9166,726.73,460.49,0.9972,656.52,456.88,0.9956,668.56,523.77,0.9931,571.06,517.89,0.9893,696.52,656.98,0.9697,605.3,647.99,0.9621
image_sit_867.png,sitting,1,665.58,230.67,0.9867,680.79,221.06,0.9746,657.95,221.27,0.9178,706.61,234.76,0.9219,648.91,233.82,0.5403,736.71,306.72,0.9985,635.72,310.07,0.9954,781.57,395.49,0.9948,606.13,397.71,0.9738,791.95,484.59,0.9889,582.34,470.18,0.9578,723.07,455.5,0.9992,656.46,451.99,0.9986,665.85,526.29,0.9983,571.04,518.76,0.9969,703.39,665.0,0.9908,607.08,651.58,0.9871
image_sit_870.png,sitting,1,672.35,233.41,0.9877,686.46,222.46,0.9771,664.06,223.54,0.9208,711.57,232.42,0.9295,656.36,233.74,0.5575,748.54,305.23,0.9989,634.95,306.9,0.9952,812.94,371.85,0.9953,577.89,367.39,0.9657,846.41,450.76,0.987,524.18,429.09,0.9398,720.36,455.59,0.9992,650.72,451.65,0.9983,671.68,529.86,0.9971,576.61,523.72,0.9939,705.52,662.74,0.9806,604.2,653.05,0.9703
image_sit_873.png,sitting,1,677.27,233.91,0.9882,691.5,223.43,0.9777,668.5,224.44,0.9253,715.34,231.96,0.9275,659.75,233.08,0.5689,751.15,296.47,0.9988,638.55,300.37,0.9954,821.05,329.63,0.9955,570.79,334.58,0.9684,872.61,375.79,0.9882,499.97,370.33,0.9464,725.07,454.96,0.9993,656.89,451.49,0.9986,667.99,528.53,0.9975,576.53,520.9,0.9949,701.45,659.93,0.9833,603.77,647.7,0.9745
image_sit_876.png,sitting,1,678.28,234.32,0.9877,692.93,223.72,0.9777,669.58,224.29,0.9229,716.9,231.5,0.9246,660.95,231.45,0.549,747.9,293.84,0.9986,639.68,296.3,0.9943,812.28,312.83,0.995,567.06,320.06,0.9609,879.47,337.74,0.9867,492.73,338.86,0.9363,723.48,456.22,0.9992,657.95,452.39,0.9982,666.25,531.21,0.9969,577.95,519.95,0.9934,703.98,663.06,0.9795,606.29,644.81,0.9677
image_sit_879.png,sitting,1,678.41,233.4,0.9884,693.55,224.26,0.9761,669.72,224.17,0.9322,716.78,233.41,0.9152,660.39,231.67,0.5556,748.12,289.88,0.9985,639.53,287.97,0.9939,820.8,298.99,0.9944,562.02,296.57,0.9637,889.18,297.15,0.9842,490.17,295.08,0.9365,721.84,457.6,0.9991,654.84,452.04,0.9982,666.7,534.64,0.9976,582.05,521.24,0.9952,696.68,664.51,0.9854,609.47,644.35,0.9778
image_sit_882.png,sitting,1,677.63,234.65,0.989,692.88,225.35,0.9766,668.58,225.17,0.9298,716.96,233.85,0.9169,659.93,231.83,0.5394,745.46,289.23,0.9988,641.3,284.37,0.9944,813.59,289.74,0.9958,565.6,284.91,0.9692,891.66,263.97,0.9877,497.43,268.15,0.946,720.34,460.42,0.9993,655.07,453.6,0.9985,665.69,535.29,0.9978,581.23,518.28,0.9954,697.6,667.15,0.9851,606.6,641.78,0.9769
image_sit_885.png,sitting,1,677.77,234.51,0.9891,693.06,225.25,0.9764,668.57,225.12,0.9312,717.13,234.14,0.9155,659.74,232.23,0.5466,745.46,289.74,0.9988,641.27,284.66,0.9946,813.38,289.18,0.9958,565.73,283.76,0.9707,890.46,260.38,0.9878,498.39,264.7,0.9484,720.38,460.43,0.9993,655.0,453.59,0.9985,665.92,535.05,0.9979,581.34,518.36,0.9957,697.55,666.86,0.9857,606.58,642.17,0.978
image_sit_888.png,sitting,1,678.35,234.39,0.989,693.53,225.05,0.9761,669.03,225.03,0.933,717.16,233.66,0.912,659.57,231.93,0.556,745.31,289.16,0.9987,640.09,284.35,0.9944,812.51,289.93,0.9953,562.73,284.37,0.9693,889.45,266.2,0.9865,495.76,269.72,0.9459,720.76,460.06,0.9992,654.83,453.6,0.9984,665.86,534.45,0.9978,580.74,518.45,0.9955,698.52,666.46,0.9852,606.92,642.28,0.9775
image_sit_891.png,sitting,1,678.48,235.63,0.9866,693.42,224.8,0.9779,669.42,225.18,0.9204,716.55,231.37,0.9196,659.77,230.48,0.5153,746.26,289.91,0.9983,636.8,288.59,0.991,816.52,287.71,0.9938,557.84,290.67,0.9388,892.75,277.09,0.9831,493.5,284.71,0.9073,722.58,458.38,0.999,655.75,453.86,0.9975,667.63,528.46,0.997,577.01,517.6,0.9929,708.97,665.52,0.9826,606.3,648.17,0.9707
image_sit_894.png,sitting,1,677.67,235.16,0.9886,693.16,225.66,0.9763,668.53,225.52,0.9326,717.1,233.97,0.9138,658.73,232.09,0.5529,746.92,289.19,0.9986,638.13,287.07,0.9939,818.0,293.1,0.9948,562.09,292.97,0.9653,891.94,283.79,0.9853,493.88,285.78,0.9399,720.74,459.0,0.9991,653.1,453.45,0.9982,667.54,534.1,0.9976,580.95,519.46,0.9951,697.3,665.67,0.9845,608.21,643.26,0.9764
image_sit_897.png,sitting,1,676.99,234.4,0.9883,692.18,224.57,0.9772,667.88,224.77,0.9293,715.85,232.64,0.9189,658.15,231.59,0.5329,748.24,289.8,0.9985,637.01,288.15,0.993,822.46,301.87,0.9945,556.3,297.58,0.9572,895.58,302.56,0.9842,483.42,293.9,0.9278,722.37,459.27,0.999,653.97,454.11,0.9979,667.03,533.39,0.9974,581.14,520.27,0.9944,697.64,665.8,0.984,608.95,644.67,0.9746
image_sit_900.png,sitting,1,676.25,234.08,0.9887,691.48,224.46,0.977,667.34,224.58,0.931,715.57,232.6,0.9189,658.1,231.56,0.5453,746.28,289.02,0.9986,636.92,288.2,0.9942,812.84,301.95,0.995,555.39,299.26,0.9655,882.22,309.93,0.9858,481.94,300.86,0.9404,721.13,457.68,0.9992,653.42,452.89,0.9984,668.13,533.77,0.9978,580.91,520.19,0.9954,698.54,666.07,0.986,607.32,644.06,0.9784
image_sit_903.png,sitting,1,675.65,233.72,0.9872,690.43,223.13,0.9784,667.07,223.53,0.9167,715.13,230.4,0.9291,659.19,230.04,0.5129,747.62,291.22,0.9987,639.02,292.27,0.9931,815.44,303.96,0.9952,566.7,309.21,0.9536,884.28,320.08,0.9869,493.41,322.88,0.9269,723.51,457.16,0.9992,657.29,452.41,0.998,668.25,531.33,0.9971,577.41,517.97,0.9932,706.83,666.23,0.9807,605.04,645.17,0.9682
image_sit_906.png,sitting,1,675.76,232.94,0.9875,690.26,222.42,0.9782,667.27,222.8,0.9202,714.36,230.44,0.9275,659.29,230.09,0.5344,747.5,293.68,0.9987,637.91,295.19,0.9938,814.08,313.31,0.995,564.07,317.41,0.9576,879.95,339.84,0.9867,490.54,335.74,0.9322,724.04,456.63,0.9991,657.78,452.31,0.998,668.72,530.49,0.9969,578.83,518.26,0.9931,705.01,664.68,0.9795,605.53,645.04,0.9672
image_sit_909.png,sitting,1,675.0,232.85,0.9879,689.29,222.39,0.9786,666.63,222.83,0.9185,713.72,230.62,0.9324,658.92,230.64,0.5347,749.28,295.03,0.9989,638.24,298.12,0.9947,817.49,325.03,0.9958,567.85,329.98,0.9633,876.71,368.57,0.9886,494.47,359.4,0.9402,726.1,455.49,0.9993,659.07,451.6,0.9984,670.98,529.64,0.9974,580.09,518.93,0.9943,702.95,663.98,0.9824,604.9,646.48,0.9718
image_sit_912.png,sitting,1,674.89,232.96,0.9879,688.87,222.3,0.9779,666.52,223.06,0.9212,712.97,230.63,0.9303,658.89,231.23,0.5516,750.79,297.29,0.9989,637.94,299.11,0.995,823.12,336.84,0.9955,569.56,335.36,0.9653,874.83,385.74,0.9879,499.97,368.8,0.942,725.76,455.31,0.9993,657.56,451.01,0.9985,671.85,528.65,0.9974,579.38,520.07,0.9946,703.52,661.71,0.9826,603.47,648.37,0.9731
image_sit_915.png,sitting,1,674.93,232.69,0.9879,689.02,222.11,0.9776,666.55,222.72,0.9216,713.19,231.34,0.9284,658.39,231.77,0.5553,748.96,299.21,0.9988,636.57,302.62,0.9951,816.53,345.8,0.9954,568.36,349.34,0.9652,866.59,405.46,0.9876,500.9,393.48,0.9415,724.63,452.76,0.9993,656.66,449.65,0.9984,673.4,527.54,0.9973,581.32,521.02,0.9944,703.52,662.29,0.9821,604.64,651.51,0.9723
image_sit_918.png,sitting,1,673.69,232.73,0.9879,687.8,222.0,0.9772,665.54,222.54,0.9214,712.4,231.55,0.9292,657.73,231.69,0.5605,748.52,302.86,0.9989,637.0,303.84,0.9955,814.78,363.99,0.9956,576.58,359.87,0.9685,853.36,433.73,0.9879,514.37,415.44,0.9449,722.77,453.93,0.9993,654.62,449.72,0.9986,674.28,528.52,0.9975,580.05,522.0,0.995,705.8,661.94,0.9835,604.1,652.89,0.9749
image_sit_921.png,sitting,1,673.55,232.81,0.9878,687.89,221.97,0.9757,665.31,222.36,0.9269,712.37,231.87,0.9218,656.8,231.51,0.589,746.84,304.68,0.9988,637.14,305.59,0.9958,806.84,376.9,0.9946,587.67,373.18,0.9708,835.79,454.44,0.9854,537.08,436.49,0.9458,723.18,454.73,0.9992,654.92,450.68,0.9986,676.54,528.03,0.9974,579.46,522.27,0.9952,707.73,660.32,0.9839,604.64,653.18,0.9771
image_sit_924.png,sitting,1,673.75,231.28,0.988,688.67,221.33,0.9747,665.62,221.19,0.9297,712.7,233.32,0.9178,655.45,231.44,0.6034,743.59,306.17,0.9987,637.8,305.69,0.9964,801.6,388.8,0.9948,594.66,383.03,0.9772,826.26,468.33,0.9874,549.39,449.66,0.958,723.46,454.22,0.9993,656.12,449.43,0.9988,670.27,528.43,0.9982,575.91,521.35,0.9969,705.25,664.94,0.9894,607.85,655.67,0.9855
image_sit_927.png,sitting,1,672.52,231.91,0.9856,687.16,221.61,0.9689,663.89,221.68,0.9195,711.65,234.92,0.8948,654.41,233.15,0.6173,742.64,308.01,0.9979,638.52,305.83,0.9959,792.75,395.09,0.9914,602.81,389.78,0.9745,808.72,475.65,0.9825,563.3,461.16,0.9572,722.99,456.57,0.9988,654.45,450.35,0.9982,668.33,526.5,0.9975,574.98,517.12,0.9964,697.68,661.34,0.9874,606.37,649.82,0.9851
image_sit_930.png,sitting,1,671.68,230.01,0.9869,686.6,220.47,0.9734,663.99,220.42,0.9224,711.96,233.64,0.9157,655.03,232.27,0.5683,739.85,306.03,0.9984,641.01,306.66,0.9959,782.75,396.18,0.9945,609.62,392.61,0.9771,794.21,485.03,0.9883,580.46,466.19,0.9617,720.66,455.9,0.9993,655.26,451.12,0.9988,670.71,529.7,0.9984,576.48,520.11,0.9973,704.83,666.9,0.9913,606.27,652.08,0.9884
image_sit_933.png,sitting,1,668.55,228.59,0.9866,683.61,219.27,0.973,661.37,219.15,0.9218,710.01,233.19,0.9156,653.45,231.78,0.5609,739.26,305.65,0.9983,640.01,307.44,0.9958,777.28,397.2,0.9939,612.4,396.82,0.9768,779.76,485.09,0.9874,589.2,470.56,0.9613,721.79,456.93,0.9992,655.43,452.11,0.9986,670.99,528.58,0.9981,574.05,517.6,0.9968,704.02,667.11,0.9898,604.85,650.24,0.9866
image_sit_936.png,sitting,1,667.97,228.62,0.9825,682.41,218.84,0.9668,660.44,219.21,0.9027,708.12,234.14,0.899,653.79,233.18,0.5608,740.89,308.05,0.9975,637.3,308.53,0.9939,773.47,400.3,0.9892,612.14,399.01,0.9596,773.97,487.36,0.9753,594.92,471.43,0.93,724.3,459.53,0.998,654.68,454.58,0.9968,670.95,527.68,0.9946,571.86,518.71,0.9913,701.36,659.85,0.9733,604.61,647.02,0.9662
image_sit_939.png,sitting,1,669.03,227.81,0.9863,683.94,218.4,0.9712,661.06,218.52,0.9254,708.92,232.95,0.9108,651.93,231.91,0.5951,738.37,308.41,0.9983,636.55,309.54,0.9959,770.79,403.67,0.9931,613.17,400.03,0.9758,767.24,491.55,0.9841,601.48,470.43,0.9553,722.68,460.57,0.999,654.99,456.17,0.9985,669.26,528.45,0.9974,571.14,519.68,0.9958,702.45,665.82,0.9858,605.45,652.77,0.9814
image_sit_942.png,sitting,1,667.31,227.9,0.9861,682.23,218.29,0.9698,659.16,218.58,0.9283,706.99,232.41,0.9043,649.75,231.69,0.6127,735.63,307.4,0.998,635.26,309.78,0.9959,767.2,402.69,0.9919,616.3,401.26,0.9763,765.65,494.34,0.9818,605.4,469.35,0.9551,720.37,460.24,0.9989,653.46,456.37,0.9984,667.53,528.12,0.9971,570.28,519.28,0.9956,701.26,665.12,0.9845,605.95,651.38,0.9806
image_sit_945.png,sitting,1,664.82,228.02,0.9857,679.92,218.18,0.9689,655.81,218.57,0.9325,704.03,233.11,0.8967,644.79,232.69,0.6283,733.19,309.21,0.9976,630.81,312.9,0.9955,763.72,406.56,0.9895,615.08,408.05,0.9734,758.98,493.05,0.9771,607.01,470.62,0.9498,721.2,461.65,0.9985,652.87,458.39,0.9979,666.91,526.2,0.9962,568.07,517.36,0.9945,700.8,664.76,0.9813,606.41,650.56,0.9774
image_sit_948.png,sitting,1,663.05,228.27,0.9853,677.99,218.54,0.9694,654.06,218.97,0.9268,702.17,233.72,0.9032,643.26,233.58,0.605,732.37,309.96,0.9978,629.37,313.99,0.9952,763.56,408.35,0.9908,614.09,410.17,0.9711,757.16,495.83,0.9794,608.39,472.26,0.9469,720.49,461.66,0.9986,651.78,458.51,0.9979,667.05,526.94,0.9965,568.14,518.07,0.9945,700.5,665.67,0.9824,606.25,650.68,0.9775
image_sit_951.png,sitting,1,661.01,227.71,0.9855,676.27,218.33,0.9697,651.88,218.66,0.927,701.23,234.84,0.9044,641.08,234.41,0.6022,731.8,311.96,0.9978,627.4,314.58,0.9951,763.08,409.84,0.9909,612.41,408.46,0.9713,756.01,496.28,0.9799,608.37,472.54,0.9481,719.9,462.23,0.9986,650.23,458.59,0.9978,667.13,526.86,0.9962,567.27,517.88,0.9941,700.4,664.67,0.9807,605.91,650.4,0.9754
image_sit_954.png,sitting,1,659.86,227.02,0.985,675.11,217.84,0.9702,651.08,218.15,0.9198,700.48,234.85,0.9107,641.04,234.35,0.5734,731.6,312.03,0.998,627.62,314.83,0.9948,764.03,409.26,0.9921,611.29,408.34,0.969,757.45,494.63,0.982,607.44,472.36,0.9453,720.49,461.4,0.9988,651.2,457.96,0.998,666.72,525.94,0.997,567.22,518.1,0.9949,700.72,664.31,0.9845,606.01,651.58,0.9792
image_sit_957.png,sitting,1,662.85,228.44,0.9833,677.51,218.65,0.9689,654.4,218.99,0.9095,702.28,235.23,0.9019,645.86,234.18,0.5731,736.3,311.37,0.9975,630.4,311.91,0.9936,774.66,404.03,0.9884,606.22,401.98,0.9546,777.22,488.87,0.9734,593.15,472.6,0.9229,725.05,458.83,0.9978,654.99,454.63,0.9964,667.99,525.78,0.9944,572.26,519.88,0.991,697.83,656.61,0.9738,607.5,648.32,0.9663
image_sit_960.png,sitting,1,665.6,228.83,0.9873,680.8,219.6,0.9742,657.59,219.7,0.9246,706.24,233.78,0.9215,648.27,232.61,0.586,736.82,306.97,0.9987,631.2,308.66,0.9961,785.67,393.05,0.9948,597.23,391.24,0.975,803.83,485.69,0.9869,564.59,465.42,0.9532,715.49,455.06,0.9993,647.38,450.99,0.9987,663.62,530.27,0.998,567.75,522.22,0.9965,699.04,663.03,0.9884,603.49,650.62,0.9838
image_sit_963.png,sitting,1,670.8,232.91,0.9878,684.83,222.28,0.9771,662.64,223.32,0.9215,709.5,232.52,0.9297,654.8,233.8,0.5598,747.52,304.33,0.9989,632.11,306.9,0.9953,813.78,366.68,0.9954,571.49,363.69,0.9669,846.02,443.82,0.9874,516.25,423.47,0.9422,720.48,454.6,0.9993,650.07,451.25,0.9984,671.54,530.08,0.9972,576.1,525.39,0.9943,704.76,662.7,0.9813,604.04,655.19,0.9714
image_sit_966.png,sitting,1,674.93,232.91,0.9881,689.17,222.68,0.9781,666.29,223.51,0.9232,712.78,231.35,0.9294,657.72,232.24,0.5544,748.56,295.09,0.9988,635.69,299.67,0.995,816.89,320.75,0.9955,564.74,327.88,0.9654,869.95,362.19,0.9883,491.28,358.2,0.9432,723.93,456.65,0.9993,655.99,453.46,0.9984,666.91,530.0,0.9973,576.74,521.26,0.9942,700.78,662.46,0.9812,605.37,648.07,0.9706
image_sit_969.png,sitting,1,676.72,233.12,0.9887,692.12,223.51,0.9773,668.41,223.4,0.9302,715.88,231.8,0.9201,659.32,230.05,0.557,744.06,290.35,0.9986,638.13,288.55,0.9954,811.22,295.24,0.9953,558.94,294.51,0.9724,875.79,294.69,0.9876,479.91,296.33,0.9519,719.5,458.63,0.9993,654.0,452.95,0.9987,662.91,532.23,0.9982,575.61,520.45,0.9965,700.01,667.25,0.9882,604.89,651.59,0.9827
image_sit_972.png,sitting,1,677.23,232.36,0.989,692.3,223.49,0.9763,668.27,223.28,0.9318,715.65,233.09,0.9146,659.21,230.96,0.5524,744.59,288.59,0.9987,638.76,283.92,0.9946,810.93,289.71,0.9956,559.71,281.52,0.9704,882.65,273.05,0.9875,494.06,267.32,0.9487,721.1,459.35,0.9993,654.81,453.26,0.9985,667.81,533.83,0.9978,581.41,519.35,0.9956,698.28,666.96,0.9852,606.18,644.79,0.9774
image_sit_975.png,sitting,1,677.4,231.13,0.9888,692.41,222.18,0.9764,669.02,221.68,0.9273,714.93,231.82,0.9175,660.23,228.88,0.551,741.57,289.95,0.9988,641.51,283.34,0.9956,812.52,287.07,0.9963,570.31,278.73,0.9753,881.95,255.35,0.9898,499.99,259.45,0.9563,718.14,458.67,0.9995,654.88,451.18,0.9989,663.47,532.11,0.9985,575.84,518.7,0.9969,701.91,667.35,0.9893,601.74,650.6,0.9838
image_sit_978.png,sitting,1,678.41,231.24,0.9889,693.31,222.25,0.976,669.83,221.94,0.9293,715.56,231.84,0.915,660.72,229.37,0.5608,742.13,289.86,0.9988,642.22,283.46,0.9957,812.45,287.46,0.9962,571.42,278.13,0.9765,881.05,255.75,0.9896,500.01,257.15,0.9577,718.22,459.02,0.9994,654.93,451.56,0.9989,662.93,531.9,0.9984,575.25,518.47,0.997,701.68,667.36,0.9891,601.33,650.4,0.9839
image_sit_981.png,sitting,1,679.42,232.26,0.9893,694.31,223.31,0.9749,670.23,223.04,0.9369,716.63,232.82,0.9047,659.94,230.36,0.5808,746.1,288.45,0.9987,639.5,281.98,0.995,816.84,289.86,0.9953,564.74,277.07,0.9741,886.57,266.22,0.9871,499.23,257.21,0.9535,721.14,459.29,0.9993,654.03,452.06,0.9986,666.5,533.84,0.9978,578.89,517.87,0.9958,697.95,667.84,0.9848,604.6,644.35,0.9778
image_sit_984.png,sitting,1,679.92,231.67,0.9893,694.84,222.82,0.975,670.76,222.41,0.9368,716.93,232.49,0.9041,660.15,229.75,0.5799,745.55,288.09,0.9986,639.16,282.19,0.9949,815.13,290.62,0.9952,563.71,279.05,0.9728,886.92,271.39,0.9867,496.85,260.35,0.9515,721.02,458.97,0.9992,654.12,452.16,0.9985,666.75,533.01,0.9977,579.04,517.41,0.9956,697.98,667.37,0.9845,604.78,643.97,0.9771
image_sit_987.png,sitting,1,680.29,231.49,0.9888,695.42,222.32,0.9758,671.64,221.94,0.9334,717.13,231.85,0.9098,661.12,229.09,0.5773,743.95,290.56,0.9985,640.28,285.12,0.9953,814.92,292.16,0.9951,567.92,282.29,0.9735,878.88,277.16,0.9874,495.35,270.83,0.9534,719.2,458.75,0.9993,654.24,451.83,0.9986,662.26,530.13,0.998,574.13,518.06,0.9962,700.73,667.05,0.9868,603.5,651.8,0.9809
image_sit_990.png,sitting,1,679.11,231.89,0.9889,694.45,223.16,0.9763,670.33,222.48,0.9326,717.21,232.8,0.9131,660.13,229.66,0.5538,746.0,288.04,0.9987,638.72,284.18,0.9942,814.98,291.5,0.9953,562.46,284.36,0.9681,883.21,284.07,0.9869,492.26,273.86,0.9452,720.79,458.95,0.9992,653.76,452.88,0.9984,668.28,533.78,0.9977,580.66,519.48,0.9953,697.08,666.94,0.9847,606.25,645.62,0.9764
image_sit_993.png,sitting,1,677.36,231.32,0.9885,692.64,221.81,0.9767,669.03,221.69,0.9311,716.08,230.55,0.9177,659.9,228.87,0.5643,744.97,289.76,0.9985,639.43,288.07,0.9953,813.44,296.71,0.9948,564.88,295.13,0.9719,873.64,297.52,0.9866,486.95,296.24,0.9506,719.21,457.97,0.9993,653.74,452.02,0.9986,664.35,531.63,0.9981,576.33,519.68,0.9965,699.79,666.79,0.988,604.47,651.44,0.9828
image_sit_996.png,sitting,1,677.61,231.18,0.9888,692.49,221.93,0.9762,668.7,222.05,0.934,715.4,231.07,0.9138,659.11,229.9,0.5639,745.65,288.37,0.9986,637.1,286.47,0.9944,812.01,299.54,0.9948,554.08,294.41,0.9678,878.34,302.81,0.9856,482.24,295.83,0.9441,721.23,458.38,0.9992,654.04,453.52,0.9984,667.96,533.05,0.9978,581.74,521.04,0.9956,698.43,665.05,0.986,607.24,646.03,0.9789
image_sit_999.png,sitting,1,675.23,231.64,0.9878,689.8,221.42,0.9787,666.76,221.83,0.9197,713.91,229.02,0.9295,659.05,228.9,0.5227,744.59,289.82,0.9987,636.85,291.17,0.9939,805.76,298.78,0.9956,556.85,304.71,0.9588,874.9,310.46,0.9879,481.6,316.29,0.9342,721.23,457.93,0.9993,655.74,453.92,0.9983,668.02,531.69,0.9975,578.4,519.61,0.9942,706.26,664.3,0.9831,604.31,645.12,0.9721
photo_12_2026-07-09_19-38-00.jpg,sitting,1,315.19,639.75,0.3666,314.85,636.31,0.2862,321.66,632.33,0.0675,325.59,646.94,0.5954,350.32,635.83,0.0869,353.23,694.68,0.9772,358.83,655.24,0.9245,346.8,747.93,0.9778,324.31,637.26,0.8975,314.91,770.63,0.9604,310.87,612.26,0.886,354.65,781.13,0.9919,360.32,761.28,0.9859,312.0,791.59,0.9752,321.41,773.18,0.9604,273.78,842.11,0.9071,272.53,822.83,0.8829
photo_13_2026-07-09_19-38-00.jpg,sitting,1,305.62,678.29,0.9386,316.74,673.63,0.9353,305.64,667.91,0.6463,349.55,677.72,0.9085,314.2,665.74,0.2087,372.61,718.53,0.9961,321.62,696.33,0.9678,380.62,765.64,0.9905,303.65,713.78,0.8738,354.94,782.93,0.9812,291.98,711.3,0.8676,352.53,798.9,0.9949,320.0,782.3,0.986,329.01,809.49,0.9842,290.48,785.75,0.9609,273.18,839.57,0.9496,260.75,815.38,0.9154
photo_14_2026-07-09_19-38-00.jpg,sitting,1,593.58,532.64,0.986,634.81,514.56,0.9638,576.68,497.44,0.9612,673.53,534.48,0.762,535.39,494.54,0.739,639.33,587.4,0.9923,489.66,585.03,0.989,663.45,627.32,0.9719,517.28,698.78,0.9495,693.58,705.87,0.959,565.97,802.48,0.917,518.29,697.36,0.9832,413.81,690.28,0.9742,542.3,708.84,0.9167,382.25,694.27,0.8894,456.85,766.81,0.7335,343.12,765.31,0.6852
photo_15_2026-07-09_19-38-00.jpg,sitting,1,489.7,423.81,0.9957,534.03,397.37,0.9926,467.58,388.79,0.9542,605.53,424.48,0.9486,438.63,404.37,0.3456,646.27,539.78,0.9986,391.15,528.2,0.9921,677.96,663.88,0.9973,337.04,634.89,0.9727,656.25,793.85,0.9959,335.09,694.43,0.9746,595.75,834.26,0.999,414.03,824.87,0.9977,683.92,897.03,0.9959,353.45,862.37,0.9909,688.42,1166.42,0.9466,358.96,1124.9,0.9199
photo_16_2026-07-09_19-38-00.jpg,sitting,1,568.17,488.09,0.9928,603.53,460.55,0.9866,537.16,456.91,0.9579,654.88,476.84,0.8991,496.67,471.79,0.5058,692.72,597.88,0.9956,466.3,579.72,0.9926,705.35,754.58,0.9861,412.97,672.27,0.9672,677.94,862.06,0.9812,381.13,689.97,0.958,628.1,861.77,0.9983,474.41,846.33,0.9977,629.22,1016.63,0.9966,423.01,982.29,0.9955,584.27,1221.9,0.9712,389.08,1181.12,0.9689
photo_17_2026-07-09_19-38-00.jpg,sitting,1,727.61,434.78,0.988,727.81,406.88,0.6163,691.06,412.31,0.991,711.93,415.18,0.0099,582.99,430.99,0.9813,721.05,539.18,0.9688,484.61,547.5,0.9989,738.93,685.25,0.8793,403.82,660.64,0.9975,692.36,802.28,0.9094,392.13,665.34,0.9961,651.05,821.07,0.9984,493.07,823.43,0.9996,655.2,976.25,0.9974,464.06,963.61,0.9993,614.67,1204.29,0.9817,422.09,1151.48,0.9914
photo_1_2026-07-09_19-38-00.jpg,sitting,1,372.98,570.58,0.9916,423.33,537.07,0.993,372.19,525.51,0.7166,581.28,499.83,0.9811,405.94,476.63,0.0191,690.28,593.79,0.9986,408.0,527.52,0.9873,670.86,792.72,0.9934,295.4,632.68,0.9368,564.54,915.43,0.9924,181.32,757.05,0.9506,595.49,872.07,0.9991,424.37,814.9,0.9981,560.01,1090.81,0.9954,403.5,979.68,0.9921,459.26,1207.5,0.94,404.28,1102.57,0.934
photo_24_2026-07-09_19-38-00.jpg,standing,1,402.99,538.71,0.7058,376.42,529.68,0.064,392.85,538.28,0.8097,278.61,544.4,0.0642,339.22,575.28,0.9882,226.34,601.18,0.9798,365.67,675.42,0.9952,295.14,577.57,0.8065,464.87,707.31,0.9743,378.83,565.23,0.7559,458.46,612.71,0.9472,271.28,770.2,0.9936,363.58,800.72,0.9965,304.49,855.4,0.9871,362.81,890.35,0.9927,297.33,940.9,0.9498,300.49,954.79,0.9608
photo_25_2026-07-09_19-38-00.jpg,standing,1,388.83,494.41,0.0757,387.64,485.08,0.0506,405.12,483.1,0.0113,374.04,508.58,0.8809,473.45,502.57,0.3493,359.05,599.72,0.994,516.36,588.48,0.9779,288.97,606.66,0.9711,499.29,609.75,0.8677,262.97,526.58,0.8579,433.54,581.57,0.6933,399.25,797.17,0.9992,509.55,789.09,0.9987,408.97,915.14,0.9986,517.61,895.1,0.9982,438.25,1029.57,0.9927,532.06,1013.59,0.9922
photo_26_2026-07-09_19-38-00.jpg,standing,1,526.64,367.74,0.0217,511.62,351.13,0.0061,530.73,351.94,0.0048,443.62,371.16,0.4708,563.9,375.99,0.465,420.74,497.27,0.9892,584.65,474.2,0.9564,368.41,565.38,0.9638,539.6,491.12,0.8053,348.71,459.01,0.8206,426.89,412.1,0.5988,447.29,762.68,0.9984,570.89,751.73,0.9971,446.12,863.2,0.997,600.56,833.27,0.9949,482.03,1001.46,0.9822,592.86,954.63,0.9761
photo_27_2026-07-09_19-38-00.jpg,standing,1,427.11,690.99,0.6407,426.68,683.8,0.4353,424.94,692.22,0.328,455.82,727.46,0.5214,471.85,743.15,0.3779,494.31,817.42,0.7911,558.23,829.64,0.9145,630.71,826.51,0.5544,686.66,843.72,0.8652,594.95,742.19,0.7029,609.65,731.03,0.8948,505.3,934.63,0.2855,541.74,937.07,0.4501,572.92,790.96,0.0947,571.47,807.43,0.2116,605.15,836.19,0.0387,596.23,870.83,0.071
photo_28_2026-07-09_19-38-00.jpg,standing,1,532.7,360.9,0.0657,527.01,346.37,0.028,538.94,348.53,0.018,478.85,361.32,0.5921,568.48,365.69,0.3937,449.36,457.23,0.9825,588.64,451.27,0.9385,415.92,523.6,0.9431,544.68,487.79,0.7385,394.93,437.84,0.7991,468.82,430.1,0.546,474.29,663.96,0.9974,575.78,664.59,0.9952,434.35,733.07,0.9971,553.57,757.71,0.995,475.55,839.56,0.9893,553.94,882.23,0.9845
photo_29_2026-07-09_19-38-00.jpg,standing,1,625.59,548.73,0.9905,659.3,518.26,0.9524,595.98,519.79,0.9862,692.87,519.64,0.5655,546.09,518.34,0.9133,702.61,612.63,0.9846,523.54,635.57,0.9973,774.04,718.93,0.8908,539.42,743.03,0.9886,764.55,775.79,0.9092,656.01,719.57,0.9832,697.63,851.1,0.9979,583.02,875.24,0.9991,672.58,947.4,0.9974,571.23,1034.96,0.999,644.32,1055.05,0.9912,604.33,1190.87,0.995
photo_2_2026-07-09_19-38-00.jpg,sitting,1,631.64,218.02,0.9972,672.23,179.08,0.9948,609.5,187.51,0.938,797.6,204.4,0.954,613.72,231.54,0.0792,914.52,376.32,0.9954,615.63,387.13,0.9945,926.56,609.61,0.9864,526.81,581.72,0.9872,794.15,629.71,0.9893,446.77,534.65,0.984,781.97,770.88,0.995,557.59,740.25,0.9953,762.19,682.17,0.96,326.74,636.78,0.9663,642.59,882.84,0.7097,176.35,840.57,0.7452
photo_30_2026-07-09_19-38-00.jpg,standing,1,430.39,562.47,0.9884,455.1,537.29,0.9749,407.42,541.43,0.9612,500.35,528.66,0.8554,386.68,538.11,0.6645,532.24,595.4,0.9954,386.77,616.17,0.994,574.51,667.83,0.9777,356.54,710.28,0.9738,571.04,656.47,0.9626,413.78,717.86,0.961,552.5,785.17,0.9993,451.33,802.01,0.9992,590.53,888.06,0.9986,434.07,939.72,0.9987,585.48,967.24,0.9942,412.26,1049.12,0.9945
photo_31_2026-07-09_19-38-00.jpg,standing,1,470.5,378.26,0.9889,493.89,353.08,0.9609,442.64,354.09,0.9628,525.27,351.53,0.7793,401.1,354.75,0.7858,556.32,438.22,0.9979,377.21,440.45,0.997,590.97,533.26,0.9895,364.67,541.45,0.9841,582.37,509.88,0.9804,398.03,525.56,0.9745,529.11,639.9,0.9994,414.38,638.49,0.9993,518.75,761.16,0.9984,395.02,748.57,0.9982,511.0,868.64,0.9902,417.14,850.19,0.9897
photo_32_2026-07-09_19-38-00.jpg,sitting,1,458.53,430.11,0.9969,503.58,370.22,0.9962,392.19,382.18,0.9795,592.04,376.38,0.9635,331.04,416.19,0.4542,689.16,577.2,0.9983,307.08,590.77,0.982,703.97,873.83,0.9899,207.13,846.53,0.8848,589.78,1031.46,0.9707,196.84,1070.18,0.8392,592.4,968.42,0.9968,329.78,970.44,0.9915,777.86,992.76,0.9746,345.41,984.36,0.9468,682.39,1226.28,0.8164,211.56,1217.02,0.7313
photo_33_2026-07-09_19-38-00.jpg,standing,1,568.26,372.76,0.1657,557.31,363.01,0.0311,568.56,361.8,0.0852,499.24,378.38,0.3909,571.57,380.16,0.7889,478.74,454.95,0.9872,589.36,457.18,0.9851,454.81,503.89,0.9367,631.77,518.1,0.937,465.76,453.27,0.7881,612.38,470.54,0.8127,508.53,630.58,0.9956,585.43,624.09,0.9956,510.31,734.16,0.9911,591.03,686.57,0.9914,526.94,833.14,0.9626,601.79,750.56,0.9652
photo_34_2026-07-09_19-38-00.jpg,standing,1,632.94,472.92,0.106,618.68,457.38,0.018,635.5,457.84,0.0419,535.23,472.82,0.4507,637.96,480.24,0.8011,495.04,567.06,0.9948,633.69,575.28,0.9836,438.73,626.72,0.9733,592.51,644.17,0.8763,415.4,532.21,0.8515,497.61,556.8,0.6666,497.13,794.1,0.9984,595.18,787.41,0.9971,475.33,922.72,0.9975,574.9,878.15,0.995,521.9,1058.2,0.985,577.61,972.89,0.9771
photo_35_2026-07-09_19-38-00.jpg,sitting,1,451.28,401.17,0.9952,499.15,376.97,0.9817,419.42,364.57,0.9845,549.45,420.51,0.7806,368.75,389.52,0.775,572.65,533.12,0.9945,333.39,533.2,0.9957,639.95,639.14,0.9811,331.21,695.15,0.9878,635.18,528.58,0.9754,381.51,605.9,0.9841,579.19,808.93,0.9962,406.58,814.34,0.9968,648.2,835.3,0.9882,349.31,852.05,0.9912,613.8,985.85,0.9283,357.97,1035.3,0.9393
photo_3_2026-07-09_19-38-00.jpg,sitting,1,346.61,317.86,0.9964,383.97,281.75,0.997,333.43,277.0,0.8847,506.8,284.68,0.9836,348.31,282.14,0.04,636.37,432.02,0.999,341.88,401.73,0.9848,662.97,643.33,0.9967,245.38,546.85,0.9462,573.05,647.58,0.9943,218.81,490.96,0.9396,564.54,760.95,0.9996,352.63,719.18,0.9988,633.1,841.13,0.9991,226.45,741.51,0.9979,508.2,1151.79,0.9883,78.17,1028.09,0.9835
photo_41_2026-07-09_19-38-00.jpg,standing,1,502.2,440.32,0.9931,529.48,416.35,0.9648,470.77,418.96,0.9819,563.44,439.35,0.7074,422.66,444.8,0.8792,591.28,556.73,0.9967,399.54,570.5,0.9983,639.79,669.28,0.9807,371.84,686.35,0.9918,661.05,778.04,0.9737,360.0,788.86,0.9874,579.89,803.09,0.9994,457.69,813.79,0.9996,591.42,961.43,0.9982,462.15,981.71,0.9988,598.02,1096.55,0.9847,485.78,1127.49,0.9885
photo_42_2026-07-09_19-38-00.jpg,standing,1,594.07,373.31,0.9958,599.34,349.57,0.8612,564.86,354.5,0.9964,592.16,357.46,0.0528,476.79,367.21,0.9901,586.67,474.94,0.9921,404.11,485.85,0.9995,622.22,591.89,0.9356,353.09,605.54,0.9976,640.24,704.66,0.9394,363.34,715.67,0.9962,565.57,726.05,0.9992,450.21,740.58,0.9998,584.53,887.36,0.9984,473.04,912.9,0.9995,606.6,1030.32,0.99,494.72,1048.22,0.9949
photo_43_2026-07-09_19-38-00.jpg,standing,1,450.46,451.75,0.9937,487.87,426.79,0.9887,429.03,425.82,0.9448,555.23,453.58,0.9513,410.47,450.04,0.4366,600.65,582.19,0.9991,403.88,588.25,0.9956,665.98,706.86,0.9963,365.26,706.6,0.9761,686.75,815.79,0.9936,344.76,810.61,0.9734,587.05,850.75,0.9998,460.73,856.06,0.9995,602.06,1029.66,0.9988,453.66,1055.54,0.998,596.07,1161.96,0.9811,461.19,1215.56,0.975
photo_44_2026-07-09_19-38-00.jpg,standing,1,531.7,427.8,0.9886,561.02,400.48,0.9837,502.04,405.11,0.9032,620.05,418.73,0.9504,479.63,432.67,0.3869,677.23,546.43,0.9988,488.73,546.9,0.9919,721.86,673.85,0.9946,476.69,641.81,0.9459,741.18,773.95,0.9902,448.38,710.36,0.9427,644.67,796.7,0.9994,525.67,789.53,0.9987,645.33,977.83,0.9986,542.14,945.84,0.9972,645.32,1131.17,0.9865,561.99,1082.87,0.9813
photo_45_2026-07-09_19-38-00.jpg,standing,1,578.64,376.47,0.9895,606.87,345.68,0.9856,548.49,355.52,0.903,675.06,359.66,0.9579,531.38,385.87,0.3514,741.14,494.64,0.9989,543.78,501.32,0.9932,771.1,629.84,0.9947,516.13,592.58,0.9498,788.18,749.38,0.9901,480.87,665.73,0.9441,696.47,758.09,0.9996,573.23,751.68,0.9991,686.59,946.76,0.999,585.65,910.57,0.998,700.8,1101.21,0.9903,614.75,1039.91,0.9869
photo_46_2026-07-09_19-38-00.jpg,standing,1,427.77,325.27,0.9856,465.14,301.33,0.98,403.16,296.05,0.8998,525.12,327.98,0.9538,383.75,315.49,0.4089,565.06,454.89,0.9988,396.55,427.66,0.9924,557.66,574.48,0.994,389.75,522.34,0.9495,466.74,502.85,0.984,331.79,535.97,0.9322,574.12,708.9,0.9996,459.59,691.83,0.9992,589.22,903.86,0.9989,472.34,861.48,0.9981,614.52,1023.25,0.9901,520.98,989.43,0.9876
photo_47_2026-07-09_19-38-00.jpg,standing,1,464.77,460.05,0.9927,480.86,437.02,0.9371,433.7,446.51,0.9861,502.27,449.21,0.3817,381.09,468.41,0.9234,528.28,537.88,0.9943,364.83,572.31,0.9974,606.88,591.76,0.9654,360.64,657.31,0.9903,634.73,530.24,0.9563,447.46,573.99,0.9869,541.34,788.94,0.9983,436.99,815.21,0.9989,520.6,939.69,0.996,456.7,1004.47,0.9978,503.0,1058.61,0.9674,491.87,1134.82,0.976
photo_4_2026-07-09_19-38-00.jpg,standing,1,508.5,365.76,0.9951,534.98,332.23,0.9693,470.31,339.27,0.99,571.8,333.62,0.5516,416.55,350.05,0.909,604.54,451.32,0.989,395.25,473.34,0.9981,647.37,572.43,0.9435,347.92,595.72,0.9933,680.68,687.85,0.9465,362.02,687.02,0.9909,618.74,757.44,0.9979,478.93,776.86,0.9991,660.91,920.68,0.9947,495.71,961.91,0.998,662.67,1049.67,0.9647,487.91,1103.71,0.9811
photo_53_2026-07-09_19-38-00.jpg,standing,1,604.22,516.63,0.9856,594.34,479.6,0.3208,544.3,493.11,0.9889,521.0,503.87,0.0099,404.57,549.38,0.9933,377.52,698.28,0.9788,495.82,699.59,0.9892,434.52,973.05,0.8226,783.92,838.1,0.9619,649.5,1026.17,0.7594,903.88,695.76,0.922,349.89,1223.13,0.4896,405.14,1240.55,0.5147,462.97,1193.55,0.0134,633.58,1207.2,0.0138,439.59,1220.85,0.0011,609.62,1164.18,0.0009
photo_54_2026-07-09_19-38-00.jpg,standing,1,132.76,576.5,0.9965,206.25,499.86,0.9951,40.98,521.8,0.9732,327.66,535.86,0.8624,0.0,591.35,0.2716,375.69,735.92,0.9924,5.22,846.03,0.7364,504.19,798.95,0.9673,63.04,1071.19,0.1718,698.21,753.1,0.9611,100.14,1124.11,0.3492,367.86,1250.21,0.4499,120.99,1280.0,0.105,481.73,1224.81,0.0146,289.63,1229.76,0.0022,517.08,1254.45,0.0016,446.75,1179.33,0.0005
photo_55_2026-07-09_19-38-00.jpg,standing,1,552.31,445.06,0.9977,540.99,396.48,0.8086,489.53,415.59,0.9976,501.72,407.46,0.0029,327.0,458.0,0.9922,489.12,606.99,0.9911,232.81,698.76,0.9936,576.8,723.47,0.9632,174.97,999.35,0.9339,701.07,674.05,0.9124,263.38,1235.14,0.8792,545.1,1171.58,0.8479,367.51,1232.15,0.7823,607.87,1263.0,0.0217,415.72,1280.0,0.0094,729.26,1260.95,0.0012,513.64,1150.99,0.0005
photo_56_2026-07-09_19-38-00.jpg,standing,1,526.91,415.87,0.9845,510.97,382.57,0.3276,485.27,384.06,0.9865,426.85,403.27,0.0022,324.51,417.2,0.9919,402.08,577.06,0.9937,171.69,681.46,0.9924,499.76,688.85,0.9669,116.76,1029.09,0.8968,659.93,649.92,0.8987,243.13,1203.49,0.8004,481.6,1167.48,0.917,332.43,1234.43,0.8424,607.17,1280.0,0.0401,444.06,1280.0,0.0133,686.25,1280.0,0.0017,577.73,1183.86,0.0007
photo_57_2026-07-09_19-38-00.jpg,standing,1,338.63,593.44,0.8599,320.49,554.66,0.0992,307.39,550.11,0.7534,224.27,572.21,0.0008,150.25,568.0,0.8258,212.99,771.22,0.9787,0.0,888.13,0.3918,435.46,807.39,0.9495,0.0,1169.95,0.0284,647.74,744.73,0.9155,130.72,1079.05,0.1254,253.59,1280.0,0.2005,114.91,1280.0,0.0149,463.97,1225.9,0.0081,337.61,1213.84,0.0004,522.08,1280.0,0.0011,517.44,1232.32,0.0001
photo_59_2026-07-09_19-38-00.jpg,lying,1,454.79,560.37,0.9775,474.81,526.14,0.5231,422.27,502.31,0.9451,459.0,509.4,0.002,279.64,446.23,0.7076,434.47,709.07,0.9512,117.24,524.75,0.6102,579.51,868.71,0.9288,56.89,427.05,0.4424,545.88,594.58,0.9773,192.97,284.83,0.8628,313.55,1194.4,0.3443,113.78,1142.47,0.1214,414.07,1124.21,0.0158,265.18,1084.3,0.0042,483.12,1190.11,0.0015,413.23,1150.34,0.0005
photo_5_2026-07-09_19-38-00.jpg,standing,1,511.82,530.26,0.9952,525.44,499.78,0.9517,471.84,513.79,0.993,546.43,508.87,0.2489,403.28,542.77,0.9389,579.8,622.47,0.9755,383.98,666.36,0.9959,628.27,719.04,0.9012,351.9,788.72,0.988,647.87,837.61,0.92,364.16,908.0,0.9869,598.04,924.65,0.984,462.27,951.28,0.9932,631.33,1107.35,0.9106,466.07,1155.29,0.96,657.23,1224.79,0.4861,447.86,1267.69,0.608
photo_60_2026-07-09_19-38-00.jpg,standing,1,475.42,357.9,0.9951,505.68,330.24,0.9741,445.07,332.46,0.9876,544.31,337.27,0.7402,406.34,342.41,0.8814,553.05,440.68,0.9964,384.33,450.51,0.999,595.42,517.44,0.9803,301.2,541.88,0.9959,670.17,537.69,0.9649,223.25,591.06,0.9905,517.32,718.65,0.9997,407.16,728.25,0.9999,546.41,913.54,0.9993,412.56,944.73,0.9997,543.86,1031.51,0.9932,379.89,1092.08,0.9958
photo_61_2026-07-09_19-38-00.jpg,standing,1,533.43,388.43,0.9977,544.98,327.31,0.8527,458.73,352.16,0.9987,539.7,337.7,0.0057,299.55,396.04,0.9944,518.24,504.23,0.9818,276.66,603.95,0.9973,597.58,658.95,0.8633,356.27,841.94,0.9854,676.59,644.89,0.9182,505.57,696.45,0.9913,520.5,890.94,0.9944,357.9,950.44,0.9972,528.42,1065.75,0.9675,395.48,1160.72,0.9831,514.85,1155.14,0.7471,367.29,1210.86,0.7822
photo_63_2026-07-09_19-38-00.jpg,sitting,1,346.44,989.23,0.9926,448.57,903.08,0.9935,297.29,888.57,0.9568,630.54,910.64,0.9344,265.3,875.33,0.1156,685.6,1159.12,0.7549,336.72,1080.57,0.9242,639.22,1280.0,0.0519,266.78,1198.61,0.4215,455.73,1280.0,0.1593,214.79,1250.59,0.4637,630.35,1280.0,0.0101,436.19,1280.0,0.0321,429.08,1280.0,0.0023,379.12,1237.64,0.0069,342.23,1217.38,0.0019,500.21,1173.2,0.0042
photo_64_2026-07-09_19-38-01.jpg,sitting,1,682.78,421.84,0.9916,686.74,376.83,0.5708,629.3,394.73,0.9968,653.81,370.46,0.0108,506.69,427.89,0.9939,545.72,519.71,0.9575,457.78,584.37,0.9964,504.98,738.07,0.7713,524.76,849.32,0.9895,597.4,790.46,0.883,638.87,898.19,0.9898,409.08,845.82,0.9597,346.9,890.04,0.9822,637.01,904.43,0.9508,644.07,960.28,0.98,611.9,1206.09,0.7403,584.83,1252.12,0.8072
photo_65_2026-07-09_19-38-01.jpg,sitting,1,691.51,659.11,0.1851,602.71,631.97,0.0007,677.37,638.26,0.4502,321.93,688.35,0.0016,576.69,731.59,0.9994,222.74,945.92,0.804,678.29,1079.71,0.9535,499.32,976.94,0.0784,903.59,1206.8,0.4365,712.25,951.38,0.1126,837.41,1027.86,0.5045,519.35,1191.95,0.0236,846.09,1264.03,0.0339,660.95,986.87,0.0213,908.44,1058.94,0.0253,689.25,1063.79,0.0113,724.96,1069.08,0.0104
photo_6_2026-07-09_19-38-00.jpg,standing,1,572.88,544.75,0.9933,598.12,516.33,0.9734,537.43,521.79,0.9829,634.77,526.97,0.6826,486.29,540.57,0.8268,667.05,640.59,0.9932,463.71,656.42,0.9954,693.8,755.21,0.9676,415.83,769.76,0.9799,716.28,876.44,0.9541,408.92,874.59,0.9718,648.17,924.08,0.9978,512.91,933.03,0.9982,664.28,1079.71,0.9925,495.03,1088.82,0.9941,657.39,1197.42,0.9485,481.25,1201.17,0.9557
photo_70_2026-07-09_19-38-01.jpg,standing,1,748.25,439.0,0.9922,759.94,411.06,0.703,716.8,408.76,0.9954,739.48,416.32,0.015,605.1,410.37,0.9893,694.6,545.32,0.9686,504.16,545.24,0.9986,692.22,691.05,0.8579,428.91,705.23,0.9956,727.47,808.83,0.8962,426.66,857.27,0.9944,665.7,852.0,0.9957,540.27,864.14,0.9988,698.92,1009.92,0.9914,547.18,1033.62,0.9972,718.87,1155.47,0.9478,550.86,1181.14,0.971
photo_7_2026-07-09_19-38-00.jpg,standing,1,687.66,685.89,0.9956,730.75,634.26,0.9839,629.18,643.39,0.9916,790.02,646.82,0.757,554.6,669.02,0.9081,858.11,814.23,0.9828,523.79,849.14,0.9944,934.89,996.84,0.8393,509.72,1059.23,0.9519,933.87,1218.0,0.7026,609.9,1270.77,0.8568,844.07,1217.42,0.7544,618.42,1235.15,0.8322,866.0,1278.35,0.038,577.72,1269.34,0.0599,882.05,1280.0,0.0064,663.03,1260.31,0.0087
photo_8_2026-07-09_19-38-00.jpg,sitting,1,612.23,628.16,0.9959,656.24,568.92,0.9891,552.95,583.76,0.9811,729.39,568.97,0.9151,493.89,605.9,0.6655,785.27,764.05,0.9968,513.95,746.7,0.9966,788.17,1008.53,0.9784,481.21,886.79,0.9799,724.71,1189.75,0.9539,426.03,1035.59,0.959,712.51,1067.43,0.9929,534.01,1048.62,0.9937,672.53,1161.93,0.8951,455.91,1123.43,0.903,719.92,1235.33,0.5107,468.53,1181.06,0.5284
photo_100_2026-07-09_19-51-47.jpg,standing,1,380.35,494.56,0.9339,377.06,485.17,0.6622,365.18,493.5,0.9369,365.08,492.7,0.2167,332.37,511.93,0.9079,355.6,539.23,0.9398,342.88,552.11,0.9758,421.09,553.26,0.7548,423.99,559.91,0.9364,496.51,548.58,0.7501,502.87,546.54,0.9051,332.41,642.89,0.8699,318.73,651.56,0.9095,334.31,676.78,0.5679,333.3,695.76,0.674,355.24,710.08,0.2723,325.06,718.55,0.3176
photo_10_2026-07-09_19-51-46.jpg,lying,1,343.87,571.81,0.9814,356.82,563.44,0.9491,332.13,565.58,0.9496,375.27,573.34,0.7628,315.09,576.74,0.7493,390.81,615.17,0.9895,299.91,615.27,0.9915,437.5,605.15,0.958,275.62,580.37,0.9642,447.03,590.45,0.9443,287.3,536.04,0.9474,377.07,711.91,0.9849,320.23,715.56,0.9852,372.2,745.31,0.9618,326.76,759.78,0.9653,383.82,828.74,0.8664,368.18,849.89,0.8776
photo_11_2026-07-09_19-51-46.jpg,lying,1,226.01,514.56,0.9796,238.47,506.07,0.951,213.33,510.28,0.9403,258.33,513.21,0.8101,196.99,521.38,0.7189,273.95,548.5,0.9937,187.73,556.5,0.9919,315.34,537.03,0.975,163.69,526.79,0.9619,316.52,527.76,0.9599,175.16,496.43,0.9447,275.68,641.59,0.9941,222.67,651.09,0.9929,278.14,683.59,0.9851,237.66,709.45,0.9833,308.03,748.96,0.9466,293.49,784.06,0.9437
photo_12_2026-07-09_19-51-46.jpg,lying,1,226.27,515.53,0.9795,238.65,506.31,0.951,213.2,510.87,0.9403,258.7,512.27,0.8053,196.28,521.02,0.7164,273.59,548.44,0.9935,187.7,555.57,0.9914,314.93,536.74,0.974,161.65,524.74,0.9592,316.67,527.38,0.9592,175.66,500.02,0.9428,275.98,641.17,0.9936,223.75,650.6,0.9922,274.48,683.09,0.9841,238.76,710.05,0.982,305.07,749.11,0.9434,294.91,785.59,0.9397
photo_13_2026-07-09_19-51-46.jpg,lying,1,294.25,499.21,0.9821,305.4,491.16,0.9237,283.36,490.76,0.9694,313.52,498.87,0.5247,254.05,494.65,0.8667,311.54,537.53,0.9839,225.24,529.77,0.9934,351.3,529.49,0.924,199.41,504.3,0.9703,356.7,504.84,0.8976,206.86,479.61,0.949,304.32,634.07,0.9854,250.0,636.57,0.9893,308.0,666.33,0.9729,262.69,676.07,0.9809,339.7,750.69,0.9278,322.84,766.04,0.9428
photo_14_2026-07-09_19-51-46.jpg,lying,1,356.02,520.4,0.9739,371.34,512.35,0.9647,345.68,513.64,0.8945,398.73,522.59,0.8938,335.17,524.82,0.4816,424.77,563.22,0.9936,330.96,563.4,0.9741,474.44,556.62,0.976,311.99,535.65,0.8629,467.79,534.47,0.9604,329.51,498.74,0.8489,419.71,659.64,0.991,360.89,661.1,0.9816,408.17,693.41,0.9843,354.38,705.41,0.9708,417.33,776.59,0.9517,395.89,796.82,0.9312
photo_15_2026-07-09_19-51-46.jpg,lying,1,420.38,607.94,0.9739,434.59,599.57,0.9633,410.86,601.24,0.9216,463.46,607.31,0.8594,403.49,610.48,0.5568,483.0,650.79,0.9873,399.6,644.68,0.9693,527.72,642.47,0.955,373.97,608.61,0.88,525.73,618.94,0.9436,386.52,567.1,0.8797,457.62,759.0,0.9817,403.46,757.45,0.972,462.49,775.69,0.9385,401.23,786.02,0.9166,470.8,839.49,0.811,420.97,858.04,0.7774
photo_16_2026-07-09_19-51-46.jpg,lying,1,204.07,552.67,0.9786,214.36,542.29,0.9532,190.35,549.63,0.9289,238.61,546.67,0.829,179.68,563.4,0.6419,263.49,577.1,0.9943,186.37,596.52,0.9894,299.6,560.53,0.9792,161.57,578.58,0.9577,298.83,535.76,0.9656,156.82,536.9,0.9459,272.25,669.81,0.9941,222.66,681.53,0.9925,277.27,715.89,0.9866,238.9,738.07,0.9838,302.54,787.04,0.9523,278.72,811.44,0.9476
photo_17_2026-07-09_19-51-46.jpg,lying,1,292.06,499.89,0.9776,305.21,492.68,0.9563,280.54,495.61,0.922,328.36,503.43,0.8487,268.54,508.81,0.6133,347.45,540.04,0.9949,264.46,544.28,0.9864,391.74,524.35,0.9817,245.46,514.6,0.9397,389.2,496.35,0.9697,262.88,476.22,0.9288,348.81,635.59,0.9949,295.72,642.2,0.9918,356.27,668.16,0.9897,308.24,688.28,0.9849,378.72,748.72,0.9654,355.72,777.72,0.9567
photo_18_2026-07-09_19-51-46.jpg,lying,1,197.65,552.93,0.9788,211.8,541.52,0.9614,184.32,546.29,0.9205,239.02,548.52,0.8497,171.51,558.42,0.5506,266.82,589.98,0.9922,170.68,599.54,0.9825,318.12,576.56,0.9749,151.84,567.2,0.9272,314.44,563.39,0.9629,166.5,532.41,0.9151,274.43,687.68,0.9857,215.65,695.85,0.9788,269.49,718.65,0.9648,223.84,737.06,0.9509,299.75,792.44,0.8905,282.52,812.86,0.8701
photo_20_2026-07-09_19-51-46.jpg,sitting,1,214.87,551.21,0.9797,228.32,543.81,0.9465,204.4,544.08,0.9426,245.89,554.11,0.7729,188.02,553.03,0.7238,252.57,596.0,0.9924,174.87,595.34,0.9911,287.82,589.0,0.9707,156.75,570.43,0.9604,300.17,560.78,0.9533,152.96,521.4,0.9418,255.16,694.67,0.9903,207.73,700.4,0.989,269.45,717.58,0.9771,231.65,730.38,0.9753,299.05,791.99,0.9286,291.49,811.79,0.9269
photo_100_2026-07-09_19-51-47.jpg,standing,1,380.35,494.56,0.9339,377.06,485.17,0.6622,365.18,493.5,0.9369,365.08,492.7,0.2167,332.37,511.93,0.9079,355.6,539.23,0.9398,342.88,552.11,0.9758,421.09,553.26,0.7548,423.99,559.91,0.9364,496.51,548.58,0.7501,502.87,546.54,0.9051,332.41,642.89,0.8699,318.73,651.56,0.9095,334.31,676.78,0.5679,333.3,695.76,0.674,355.24,710.08,0.2723,325.06,718.55,0.3176
photo_10_2026-07-09_19-51-46.jpg,lying,1,343.87,571.81,0.9814,356.82,563.44,0.9491,332.13,565.58,0.9496,375.27,573.34,0.7628,315.09,576.74,0.7493,390.81,615.17,0.9895,299.91,615.27,0.9915,437.5,605.15,0.958,275.62,580.37,0.9642,447.03,590.45,0.9443,287.3,536.04,0.9474,377.07,711.91,0.9849,320.23,715.56,0.9852,372.2,745.31,0.9618,326.76,759.78,0.9653,383.82,828.74,0.8664,368.18,849.89,0.8776
photo_11_2026-07-09_19-51-46.jpg,lying,1,226.01,514.56,0.9796,238.47,506.07,0.951,213.33,510.28,0.9403,258.33,513.21,0.8101,196.99,521.38,0.7189,273.95,548.5,0.9937,187.73,556.5,0.9919,315.34,537.03,0.975,163.69,526.79,0.9619,316.52,527.76,0.9599,175.16,496.43,0.9447,275.68,641.59,0.9941,222.67,651.09,0.9929,278.14,683.59,0.9851,237.66,709.45,0.9833,308.03,748.96,0.9466,293.49,784.06,0.9437
photo_12_2026-07-09_19-51-46.jpg,lying,1,226.27,515.53,0.9795,238.65,506.31,0.951,213.2,510.87,0.9403,258.7,512.27,0.8053,196.28,521.02,0.7164,273.59,548.44,0.9935,187.7,555.57,0.9914,314.93,536.74,0.974,161.65,524.74,0.9592,316.67,527.38,0.9592,175.66,500.02,0.9428,275.98,641.17,0.9936,223.75,650.6,0.9922,274.48,683.09,0.9841,238.76,710.05,0.982,305.07,749.11,0.9434,294.91,785.59,0.9397
photo_13_2026-07-09_19-51-46.jpg,lying,1,294.25,499.21,0.9821,305.4,491.16,0.9237,283.36,490.76,0.9694,313.52,498.87,0.5247,254.05,494.65,0.8667,311.54,537.53,0.9839,225.24,529.77,0.9934,351.3,529.49,0.924,199.41,504.3,0.9703,356.7,504.84,0.8976,206.86,479.61,0.949,304.32,634.07,0.9854,250.0,636.57,0.9893,308.0,666.33,0.9729,262.69,676.07,0.9809,339.7,750.69,0.9278,322.84,766.04,0.9428
photo_14_2026-07-09_19-51-46.jpg,lying,1,356.02,520.4,0.9739,371.34,512.35,0.9647,345.68,513.64,0.8945,398.73,522.59,0.8938,335.17,524.82,0.4816,424.77,563.22,0.9936,330.96,563.4,0.9741,474.44,556.62,0.976,311.99,535.65,0.8629,467.79,534.47,0.9604,329.51,498.74,0.8489,419.71,659.64,0.991,360.89,661.1,0.9816,408.17,693.41,0.9843,354.38,705.41,0.9708,417.33,776.59,0.9517,395.89,796.82,0.9312
photo_15_2026-07-09_19-51-46.jpg,lying,1,420.38,607.94,0.9739,434.59,599.57,0.9633,410.86,601.24,0.9216,463.46,607.31,0.8594,403.49,610.48,0.5568,483.0,650.79,0.9873,399.6,644.68,0.9693,527.72,642.47,0.955,373.97,608.61,0.88,525.73,618.94,0.9436,386.52,567.1,0.8797,457.62,759.0,0.9817,403.46,757.45,0.972,462.49,775.69,0.9385,401.23,786.02,0.9166,470.8,839.49,0.811,420.97,858.04,0.7774
photo_16_2026-07-09_19-51-46.jpg,lying,1,204.07,552.67,0.9786,214.36,542.29,0.9532,190.35,549.63,0.9289,238.61,546.67,0.829,179.68,563.4,0.6419,263.49,577.1,0.9943,186.37,596.52,0.9894,299.6,560.53,0.9792,161.57,578.58,0.9577,298.83,535.76,0.9656,156.82,536.9,0.9459,272.25,669.81,0.9941,222.66,681.53,0.9925,277.27,715.89,0.9866,238.9,738.07,0.9838,302.54,787.04,0.9523,278.72,811.44,0.9476
photo_17_2026-07-09_19-51-46.jpg,lying,1,292.06,499.89,0.9776,305.21,492.68,0.9563,280.54,495.61,0.922,328.36,503.43,0.8487,268.54,508.81,0.6133,347.45,540.04,0.9949,264.46,544.28,0.9864,391.74,524.35,0.9817,245.46,514.6,0.9397,389.2,496.35,0.9697,262.88,476.22,0.9288,348.81,635.59,0.9949,295.72,642.2,0.9918,356.27,668.16,0.9897,308.24,688.28,0.9849,378.72,748.72,0.9654,355.72,777.72,0.9567
photo_18_2026-07-09_19-51-46.jpg,lying,1,197.65,552.93,0.9788,211.8,541.52,0.9614,184.32,546.29,0.9205,239.02,548.52,0.8497,171.51,558.42,0.5506,266.82,589.98,0.9922,170.68,599.54,0.9825,318.12,576.56,0.9749,151.84,567.2,0.9272,314.44,563.39,0.9629,166.5,532.41,0.9151,274.43,687.68,0.9857,215.65,695.85,0.9788,269.49,718.65,0.9648,223.84,737.06,0.9509,299.75,792.44,0.8905,282.52,812.86,0.8701
photo_20_2026-07-09_19-51-46.jpg,lying,1,214.87,551.21,0.9797,228.32,543.81,0.9465,204.4,544.08,0.9426,245.89,554.11,0.7729,188.02,553.03,0.7238,252.57,596.0,0.9924,174.87,595.34,0.9911,287.82,589.0,0.9707,156.75,570.43,0.9604,300.17,560.78,0.9533,152.96,521.4,0.9418,255.16,694.67,0.9903,207.73,700.4,0.989,269.45,717.58,0.9771,231.65,730.38,0.9753,299.05,791.99,0.9286,291.49,811.79,0.9269
photo_21_2026-07-09_19-51-46.jpg,lying,1,257.05,600.86,0.9804,269.05,592.94,0.9381,246.17,594.04,0.9563,284.42,601.7,0.7101,228.5,602.24,0.8088,294.89,642.07,0.9878,210.69,644.16,0.9926,337.29,626.86,0.9458,186.08,625.27,0.9676,351.43,584.77,0.9204,196.56,579.34,0.9461,298.52,737.68,0.9795,247.02,743.98,0.9825,307.58,777.54,0.9316,267.46,790.73,0.945,331.44,842.5,0.7665,322.11,861.31,0.7966
photo_23_2026-07-09_19-51-46.jpg,lying,1,279.17,554.54,0.7852,281.35,548.58,0.4949,275.98,547.17,0.6679,273.5,551.8,0.2804,258.3,547.77,0.5952,246.42,583.33,0.9468,237.85,571.96,0.9633,204.83,628.55,0.8833,186.76,604.65,0.9183,154.22,632.02,0.8427,154.63,604.54,0.8823,177.94,636.51,0.9658,170.76,625.97,0.9697,111.54,633.28,0.9317,111.08,635.09,0.9368,50.27,670.23,0.8569,50.61,676.33,0.8567
photo_25_2026-07-09_19-51-46.jpg,lying,1,323.36,616.85,0.8999,330.09,614.73,0.7298,322.84,610.92,0.8953,335.76,618.52,0.3472,316.07,609.36,0.8057,312.17,630.42,0.9503,299.74,617.35,0.9892,296.07,637.96,0.6868,261.53,621.05,0.9553,287.9,620.99,0.7116,241.38,631.24,0.9242,255.38,650.93,0.9521,246.99,642.58,0.9778,234.98,635.7,0.9364,230.67,628.15,0.9678,203.27,676.65,0.9233,200.38,670.3,0.9539
photo_37_2026-07-09_19-51-46.jpg,lying,1,326.13,739.04,0.8191,330.72,735.99,0.8009,323.35,735.18,0.6115,337.51,740.3,0.7302,317.34,738.33,0.3099,342.45,755.26,0.9821,308.38,753.63,0.9492,351.37,779.84,0.9506,301.39,780.32,0.7287,343.46,771.71,0.914,311.39,780.02,0.6938,326.75,779.96,0.9672,304.52,778.67,0.9414,329.15,786.6,0.9328,305.57,785.44,0.8718,332.06,823.75,0.8793,317.3,822.06,0.8079
photo_3_2026-07-09_19-51-46.jpg,lying,1,385.88,651.67,0.1,374.22,639.52,0.0134,390.28,645.87,0.1071,314.3,644.48,0.0827,383.68,663.84,0.6411,285.86,684.66,0.8348,355.33,750.71,0.907,336.11,720.3,0.6785,388.39,837.5,0.8105,409.45,682.23,0.5894,407.21,704.86,0.705,306.48,805.01,0.75,358.86,840.92,0.7664,433.89,807.82,0.3547,468.47,838.22,0.3886,485.7,841.36,0.1124,495.04,855.96,0.1168
photo_52_2026-07-09_19-51-46.jpg,sitting,1,310.67,413.16,0.988,352.73,383.49,0.9803,287.16,377.88,0.9453,404.21,367.45,0.8924,252.78,351.2,0.5461,400.61,413.94,0.9965,218.45,418.07,0.991,439.38,460.68,0.9899,130.72,442.61,0.9535,482.49,537.2,0.9796,73.2,422.16,0.9411,398.17,570.56,0.9974,281.64,587.29,0.9954,462.58,643.76,0.9848,296.99,682.11,0.9745,530.0,590.73,0.9418,376.27,650.29,0.9207
photo_53_2026-07-09_19-51-46.jpg,sitting,1,299.82,381.56,0.9916,331.75,332.85,0.961,252.62,351.41,0.982,378.04,324.2,0.6184,197.85,364.44,0.8568,357.85,423.63,0.9925,231.86,470.26,0.9962,410.31,466.2,0.9609,198.57,523.46,0.981,470.98,488.06,0.9585,204.23,568.62,0.9775,376.07,569.21,0.9945,302.13,610.43,0.9958,400.56,578.14,0.9818,383.48,672.33,0.9868,485.65,547.69,0.9488,458.08,663.05,0.9553
photo_54_2026-07-09_19-51-46.jpg,sitting,1,183.09,461.63,0.9894,227.48,417.45,0.9853,148.07,422.52,0.9399,290.56,385.63,0.9062,105.33,395.97,0.3612,307.96,442.56,0.9961,111.55,490.05,0.9793,405.23,498.52,0.9895,48.45,580.11,0.9023,393.63,532.66,0.9878,21.4,590.23,0.9375,329.12,608.55,0.9931,208.53,644.23,0.9847,349.26,632.17,0.9714,228.04,725.32,0.9407,402.36,560.84,0.9109,320.61,694.32,0.8554
photo_55_2026-07-09_19-51-46.jpg,sitting,1,372.01,422.88,0.6637,394.06,406.28,0.8055,384.67,393.15,0.0671,503.9,433.4,0.9094,448.98,402.56,0.0098,576.0,600.57,0.9704,479.49,488.94,0.8146,559.57,775.4,0.8803,405.73,539.72,0.493,557.31,862.58,0.8308,313.39,614.41,0.5189,472.8,729.72,0.9509,420.17,650.85,0.9115,394.3,727.94,0.9297,325.92,591.15,0.8996,240.54,762.1,0.8843,213.94,611.73,0.878
photo_56_2026-07-09_19-51-46.jpg,sitting,1,229.75,546.4,0.0757,219.05,544.9,0.0378,267.16,542.34,0.0099,209.98,597.99,0.6582,373.72,581.21,0.1487,217.95,745.63,0.7769,438.68,646.54,0.9001,147.05,757.65,0.5864,495.27,442.32,0.8941,107.66,727.37,0.6033,523.82,262.98,0.8506,269.09,807.56,0.3103,408.33,769.68,0.5193,245.15,605.6,0.1476,328.83,570.75,0.314,418.07,657.18,0.0748,391.85,638.67,0.1416
photo_57_2026-07-09_19-51-46.jpg,sitting,1,428.21,394.17,0.9768,413.3,364.0,0.4563,382.0,387.46,0.989,359.65,376.42,0.0129,275.87,440.38,0.9871,252.74,481.69,0.9129,357.62,553.66,0.9744,332.32,487.9,0.5964,512.73,553.36,0.9113,437.45,442.88,0.7219,539.41,468.49,0.9294,303.71,676.29,0.6731,362.75,731.8,0.7486,446.21,569.72,0.4195,546.05,684.33,0.5153,498.08,581.65,0.2622,521.65,694.06,0.2643
photo_58_2026-07-09_19-51-46.jpg,sitting,1,308.17,382.18,0.9932,341.33,350.16,0.9831,271.37,349.13,0.9703,401.18,357.67,0.8812,239.94,360.23,0.6478,434.23,482.43,0.9924,274.13,437.3,0.9957,501.1,590.5,0.9476,183.29,378.75,0.9828,529.34,698.72,0.9368,75.55,282.93,0.9737,382.03,699.61,0.9879,285.03,677.69,0.9917,387.6,742.89,0.9384,333.23,727.71,0.9663,235.17,756.59,0.7814,240.73,744.59,0.8552
photo_59_2026-07-09_19-51-46.jpg,sitting,1,394.6,603.95,0.98,419.03,588.8,0.9621,378.64,580.25,0.91,456.35,586.5,0.8534,357.38,567.36,0.5712,479.8,640.22,0.9957,343.06,598.7,0.9935,498.32,702.07,0.9813,295.74,593.37,0.9689,520.14,758.17,0.9676,243.18,564.23,0.951,413.46,748.0,0.9973,328.49,719.02,0.9964,368.67,804.27,0.9935,277.6,749.91,0.9927,284.82,849.77,0.9782,242.61,786.72,0.9792
photo_5_2026-07-09_19-51-46.jpg,lying,1,176.26,638.86,0.9776,186.82,631.05,0.9474,164.36,633.58,0.9525,204.51,638.43,0.7696,148.87,644.1,0.7788,215.02,672.36,0.9855,143.42,687.84,0.9881,244.68,641.67,0.9462,114.84,673.4,0.9528,231.9,599.06,0.9334,108.83,638.79,0.9435,236.42,753.95,0.9785,190.93,766.17,0.9803,252.73,804.94,0.916,207.45,830.91,0.923,274.49,848.71,0.7097,241.86,885.66,0.72
photo_60_2026-07-09_19-51-46.jpg,sitting,1,352.08,467.64,0.9675,397.84,430.09,0.9749,329.17,420.61,0.8029,499.3,405.41,0.8726,326.56,382.67,0.0722,527.57,520.64,0.8331,388.56,396.3,0.8171,447.18,715.8,0.5174,304.92,309.48,0.5971,241.05,778.46,0.616,209.23,260.38,0.69,509.53,690.36,0.4749,416.11,632.64,0.5431,471.21,736.38,0.331,405.24,701.19,0.4277,374.71,725.11,0.2206,345.85,738.58,0.2987
photo_61_2026-07-09_19-51-46.jpg,standing,1,267.79,544.76,0.8533,259.35,534.96,0.3801,254.52,539.43,0.8456,232.52,541.65,0.1008,221.01,555.28,0.8187,225.12,596.3,0.8861,242.37,607.66,0.9573,324.47,608.24,0.7125,332.99,621.61,0.94,404.62,583.72,0.7558,415.8,584.01,0.9299,252.49,769.61,0.8546,257.98,781.33,0.9109,308.84,804.14,0.4506,328.53,821.91,0.606,319.5,839.78,0.1704,316.17,847.41,0.2193
photo_63_2026-07-09_19-51-46.jpg,standing,1,398.42,497.49,0.9389,397.84,487.65,0.6092,386.36,489.22,0.9532,378.34,490.68,0.1807,349.39,495.23,0.9484,342.54,540.92,0.939,359.72,543.25,0.9833,408.87,567.84,0.6922,441.56,565.3,0.9513,502.42,576.63,0.6712,513.66,569.38,0.913,330.0,687.0,0.8367,335.61,694.69,0.9016,376.22,715.99,0.4127,399.53,733.79,0.5792,374.43,746.45,0.1641,388.1,758.78,0.2183
photo_64_2026-07-09_19-51-46.jpg,sitting,1,357.14,719.25,0.8262,348.45,706.72,0.4058,343.52,719.48,0.8458,332.62,708.13,0.0902,310.69,737.55,0.803,346.36,727.71,0.8124,304.91,784.41,0.956,407.85,737.46,0.5865,348.69,842.32,0.9068,427.86,758.79,0.6602,413.03,843.3,0.8956,415.09,785.69,0.6884,391.7,821.2,0.8132,460.26,671.68,0.7073,451.4,710.45,0.82,516.26,820.56,0.6626,530.87,841.7,0.7441
photo_68_2026-07-09_19-51-46.jpg,sitting,1,350.12,664.3,0.8985,347.97,649.81,0.5765,334.61,660.84,0.8656,343.45,639.83,0.1947,300.68,666.74,0.7918,354.74,653.02,0.9472,292.31,712.61,0.9817,399.46,653.36,0.8595,328.96,783.21,0.954,409.73,650.75,0.8185,395.95,811.89,0.9151,393.69,756.22,0.9033,350.49,788.39,0.9298,414.2,790.91,0.5862,391.25,826.37,0.6611,452.53,812.53,0.2546,440.45,827.56,0.292
photo_6_2026-07-09_19-51-46.jpg,lying,1,210.65,632.69,0.9652,221.08,622.93,0.9447,197.55,628.59,0.9323,242.09,628.53,0.7701,185.52,641.01,0.656,259.35,668.87,0.9583,187.58,678.93,0.9536,275.11,657.5,0.8238,162.15,649.75,0.7935,246.64,629.5,0.7766,171.92,610.37,0.7569,272.45,758.34,0.8898,227.5,767.42,0.8834,271.89,800.65,0.7661,239.42,823.76,0.7589,295.93,852.17,0.5577,278.03,881.74,0.5534
photo_71_2026-07-09_19-51-46.jpg,standing,1,272.75,700.33,0.9788,306.76,683.78,0.9657,257.3,670.1,0.9339,352.26,656.32,0.8367,234.99,624.39,0.4802,362.96,670.42,0.9796,236.46,610.86,0.9757,397.08,737.39,0.9383,204.22,545.41,0.9389,325.87,794.09,0.9309,124.06,503.94,0.9264,327.25,773.1,0.9627,248.11,747.17,0.962,335.84,859.04,0.821,258.97,843.86,0.8346,282.48,843.63,0.5254,257.46,861.63,0.5562
photo_72_2026-07-09_19-51-46.jpg,sitting,1,329.79,487.9,0.9847,349.81,468.9,0.9642,307.99,467.45,0.9442,383.76,457.21,0.8764,283.63,456.58,0.7212,418.94,512.64,0.9976,269.34,494.83,0.9965,433.06,556.55,0.9853,234.77,503.72,0.9775,480.56,618.36,0.9654,182.36,506.41,0.9529,368.11,648.98,0.9983,279.57,629.03,0.9979,341.52,723.64,0.9942,256.46,644.98,0.9932,330.61,782.82,0.9792,287.06,664.53,0.9794
photo_73_2026-07-09_19-51-46.jpg,standing,1,301.41,690.27,0.9275,328.68,685.77,0.9345,316.19,663.43,0.509,400.5,706.33,0.9249,362.06,646.83,0.1828,366.73,791.84,0.9827,415.72,673.65,0.9641,282.81,824.64,0.9341,386.92,584.66,0.8644,231.51,727.45,0.9273,344.07,534.02,0.8685,364.59,892.62,0.9172,394.77,840.59,0.9027,304.79,925.56,0.6551,374.22,877.33,0.6394,250.69,914.11,0.2602,357.99,894.83,0.2703
photo_74_2026-07-09_19-51-47.jpg,standing,1,458.45,552.13,0.309,437.09,546.78,0.0193,456.53,549.33,0.3266,341.67,578.76,0.0527,427.05,594.44,0.9335,285.06,649.24,0.9461,418.19,705.95,0.9638,245.61,577.74,0.868,504.32,736.14,0.9115,199.81,462.2,0.7955,568.98,705.71,0.8555,319.29,884.4,0.8561,392.98,907.07,0.8539,387.28,896.25,0.2551,427.4,896.44,0.2246,447.53,957.14,0.0426,405.11,921.23,0.0338
photo_75_2026-07-09_19-51-47.jpg,standing,1,368.49,675.85,0.8177,344.8,667.27,0.1984,360.29,678.17,0.8229,265.38,677.7,0.0851,314.36,717.82,0.939,226.62,694.9,0.9818,294.02,817.43,0.9765,232.69,559.34,0.9353,320.42,874.73,0.9051,182.31,493.62,0.9126,429.87,845.77,0.8989,220.25,834.5,0.96,262.32,883.81,0.9418,277.36,844.73,0.8696,343.12,902.15,0.811,220.16,897.04,0.6078,250.22,921.94,0.4889
photo_76_2026-07-09_19-51-47.jpg,standing,1,420.88,619.26,0.6642,397.6,612.6,0.1078,414.55,618.64,0.663,309.66,632.29,0.1038,374.81,658.7,0.9459,244.99,670.02,0.9799,369.68,757.22,0.9722,211.13,574.8,0.9362,435.3,812.4,0.8873,159.02,453.2,0.8956,506.27,817.24,0.8407,248.8,846.04,0.9411,316.5,880.71,0.9076,314.43,853.38,0.6767,363.71,874.75,0.5388,303.8,903.21,0.27,278.52,884.42,0.1824
photo_77_2026-07-09_19-51-47.jpg,sitting,1,257.4,602.46,0.7083,265.51,592.27,0.3882,252.26,593.93,0.6992,266.97,559.65,0.2029,231.62,565.87,0.6211,230.36,540.93,0.8654,167.04,555.56,0.9232,208.15,607.54,0.7356,129.16,652.62,0.8598,235.78,660.95,0.7092,199.5,682.15,0.7973,91.15,543.81,0.9179,50.42,552.08,0.9295,141.74,637.05,0.8476,101.58,659.41,0.8749,105.13,643.98,0.7406,81.08,676.18,0.7507
photo_78_2026-07-09_19-51-47.jpg,standing,1,457.95,538.75,0.9747,448.73,512.63,0.6696,426.71,532.71,0.9765,415.97,499.6,0.0754,347.71,558.55,0.9572,345.94,521.56,0.9851,353.57,651.37,0.9874,332.55,415.51,0.9412,394.04,744.78,0.9391,298.4,333.17,0.9375,482.55,763.6,0.9425,301.29,678.31,0.9733,296.0,735.64,0.966,358.7,715.76,0.915,401.14,799.91,0.8891,306.28,717.59,0.74,325.68,777.6,0.6512
photo_79_2026-07-09_19-51-47.jpg,standing,1,329.54,539.2,0.2817,314.72,541.92,0.0475,332.33,544.92,0.2069,259.57,571.78,0.1778,335.16,589.25,0.6742,261.46,582.83,0.9442,327.75,671.74,0.9717,287.3,455.43,0.9024,363.98,712.43,0.9569,291.38,354.24,0.8716,459.7,693.78,0.9238,304.28,708.81,0.9787,345.28,743.79,0.9823,334.42,746.08,0.9119,368.88,774.97,0.9255,296.93,810.99,0.6706,304.21,824.02,0.6843
photo_7_2026-07-09_19-51-46.jpg,lying,1,345.2,554.97,0.9821,360.23,545.37,0.9532,332.54,547.38,0.9507,382.08,554.34,0.7737,314.88,557.25,0.7262,400.57,596.78,0.9875,303.51,595.85,0.9909,448.6,585.93,0.9493,280.66,555.66,0.9619,450.08,571.11,0.9361,286.76,515.35,0.9433,391.69,704.66,0.9819,330.71,707.14,0.9833,376.96,725.87,0.9591,328.48,739.35,0.9647,387.09,809.9,0.8745,376.31,831.99,0.8892
photo_83_2026-07-09_19-51-47.jpg,standing,1,326.63,634.85,0.9863,368.33,598.72,0.9811,295.34,591.6,0.9338,433.28,577.63,0.9187,262.19,565.12,0.4027,462.74,658.28,0.9943,273.27,620.7,0.987,477.7,797.58,0.9707,219.44,678.93,0.9355,424.59,859.84,0.9523,141.24,670.5,0.9204,419.69,764.43,0.9858,300.8,740.63,0.9813,426.0,827.49,0.9148,281.39,792.48,0.8969,388.19,747.12,0.7713,261.69,724.17,0.7554
photo_84_2026-07-09_19-51-47.jpg,sitting,1,144.66,509.51,0.97,163.39,490.16,0.9774,131.73,490.67,0.7305,216.15,467.61,0.9616,131.83,470.54,0.1556,263.08,518.07,0.9981,155.5,496.69,0.9662,244.35,609.83,0.995,141.64,541.42,0.825,176.85,636.24,0.9887,109.6,601.48,0.8365,273.2,615.44,0.9965,203.27,598.59,0.987,243.14,671.34,0.9891,158.29,634.71,0.9612,270.26,704.96,0.9564,186.53,663.99,0.9118
photo_85_2026-07-09_19-51-47.jpg,standing,1,160.91,541.72,0.9817,186.47,513.86,0.9777,134.57,517.04,0.8829,233.57,497.63,0.9346,110.54,507.94,0.3584,270.87,563.84,0.998,122.25,567.21,0.9802,305.94,647.9,0.9928,101.97,618.2,0.8803,317.22,728.9,0.985,43.6,666.33,0.882,257.93,699.95,0.9965,171.53,699.24,0.9898,268.27,809.04,0.9873,206.37,791.57,0.9659,291.1,865.12,0.9308,246.48,838.67,0.8829
photo_86_2026-07-09_19-51-47.jpg,standing,1,285.44,551.32,0.9761,313.81,533.37,0.9781,277.05,525.22,0.7668,374.78,517.06,0.9553,276.78,498.08,0.1693,400.27,577.0,0.9983,281.72,536.4,0.9778,361.04,678.85,0.995,247.39,588.57,0.8767,280.6,692.48,0.9894,204.25,634.86,0.8829,383.87,703.57,0.9978,308.06,679.39,0.993,353.22,784.25,0.993,275.25,746.37,0.9787,355.23,819.2,0.9651,302.65,793.14,0.9356
photo_87_2026-07-09_19-51-47.jpg,standing,1,307.32,398.76,0.9731,301.69,379.03,0.5963,286.55,390.33,0.9765,280.59,369.31,0.0588,223.19,397.62,0.9607,260.66,414.24,0.9788,216.29,463.47,0.9968,298.32,431.52,0.8978,284.62,522.04,0.9921,346.2,444.61,0.9016,352.17,487.94,0.9865,247.9,556.42,0.9943,213.73,578.66,0.9975,238.66,605.96,0.9869,205.0,638.56,0.9942,240.72,663.89,0.9588,183.21,681.06,0.9725
photo_88_2026-07-09_19-51-47.jpg,standing,1,357.83,435.0,0.9666,355.4,414.45,0.5951,337.32,425.03,0.9689,336.78,398.53,0.0747,277.94,425.66,0.941,310.27,434.68,0.967,272.4,484.38,0.995,335.29,462.57,0.8744,328.82,558.41,0.9899,384.65,481.47,0.8922,407.94,531.59,0.9841,290.43,574.78,0.9871,260.6,597.97,0.9945,270.99,614.13,0.97,246.29,654.99,0.9865,259.15,672.39,0.9135,218.96,704.63,0.9402
photo_89_2026-07-09_19-51-47.jpg,sitting,1,416.77,542.74,0.8701,410.06,523.22,0.2946,413.81,528.42,0.9258,349.27,487.84,0.1073,379.72,512.57,0.9544,269.09,494.75,0.9261,329.21,588.02,0.9637,306.24,464.79,0.6294,356.24,708.11,0.8455,366.75,447.98,0.6219,386.05,675.54,0.7942,134.9,685.0,0.8685,177.39,723.78,0.8836,315.91,657.09,0.8969,353.26,704.78,0.9235,263.79,779.73,0.8669,287.02,831.08,0.8723
photo_90_2026-07-09_19-51-47.jpg,standing,1,317.52,250.69,0.1075,298.26,236.55,0.007,319.4,241.55,0.0825,227.7,245.42,0.0396,310.44,262.27,0.7341,241.71,308.47,0.9441,287.34,358.56,0.9766,340.03,326.91,0.891,334.8,432.02,0.9713,400.76,328.18,0.8275,406.9,380.81,0.9333,244.65,502.75,0.9867,283.56,522.02,0.9906,251.48,602.64,0.9155,309.84,618.81,0.9408,249.02,652.0,0.5895,268.07,642.63,0.6254
photo_95_2026-07-09_19-51-47.jpg,standing,1,335.44,497.3,0.866,339.08,483.99,0.7865,324.03,492.45,0.6825,359.53,479.84,0.7308,326.46,499.91,0.4881,383.7,522.28,0.9785,348.36,533.76,0.9524,440.42,549.57,0.9366,419.89,558.44,0.8681,502.47,535.96,0.8993,503.05,533.24,0.8161,356.21,641.85,0.97,328.87,645.77,0.955,367.78,734.5,0.8208,345.54,733.78,0.7741,389.25,775.59,0.4517,340.25,759.72,0.4047
photo_99_2026-07-09_19-51-47.jpg,standing,1,393.77,490.53,0.9391,393.05,481.04,0.698,383.3,482.82,0.9007,384.03,486.47,0.2349,352.43,490.37,0.8205,405.44,535.17,0.9767,307.79,535.68,0.9864,458.47,552.01,0.9317,298.59,539.61,0.9636,507.9,538.42,0.8918,334.03,470.39,0.9351,383.81,669.62,0.9725,320.49,670.52,0.9761,404.05,764.11,0.8691,332.09,742.91,0.8871,428.69,828.5,0.5651,349.76,774.49,0.5919
photo_9_2026-07-09_19-51-46.jpg,lying,1,258.07,489.69,0.9776,271.78,482.04,0.9508,247.09,483.72,0.9371,291.52,489.98,0.8135,230.88,491.55,0.7088,302.5,528.93,0.9945,216.76,529.31,0.9893,347.66,512.88,0.9755,195.71,498.33,0.9437,350.58,488.03,0.9576,210.81,467.37,0.9244,298.69,626.09,0.9964,246.05,632.44,0.9948,307.78,664.87,0.9936,262.62,686.33,0.9916,342.21,736.12,0.9805,323.11,770.4,0.9772
photo_1_2026-07-09_19-59-56.jpg,lying,1,147.71,293.89,0.7595,144.15,283.95,0.6027,145.4,292.41,0.525,154.7,281.76,0.5583,164.14,301.39,0.3906,204.74,297.7,0.9448,187.16,327.81,0.9621,236.15,304.86,0.8416,165.57,356.5,0.888,212.55,264.76,0.6731,133.89,324.12,0.7663,318.59,376.29,0.9143,308.73,395.64,0.9323,370.35,362.04,0.7491,365.08,369.85,0.7955,449.43,368.1,0.6168,442.27,358.83,0.6744
photo_3_2026-07-09_20-57-17.jpg,lying,1,268.92,774.12,0.906,265.85,791.23,0.9399,280.99,779.55,0.7222,274.64,816.33,0.9319,306.58,791.17,0.4356,301.48,781.92,0.9815,348.21,737.24,0.9677,299.71,724.47,0.9365,326.3,653.81,0.8751,264.94,690.95,0.9118,279.06,697.82,0.8641,414.86,576.52,0.9549,447.07,558.04,0.952,438.18,449.13,0.9538,439.27,414.45,0.9508,465.34,375.14,0.9729,455.24,349.25,0.9743
photo_4_2026-07-09_20-57-17.jpg,lying,1,326.16,813.96,0.8034,302.86,821.0,0.7506,334.78,824.02,0.6955,258.68,815.39,0.7873,351.78,826.54,0.7236,240.16,751.87,0.954,420.23,762.88,0.9677,271.39,666.24,0.8556,481.1,669.26,0.8935,276.1,558.03,0.8108,448.42,499.48,0.8598,323.18,576.18,0.9028,440.52,582.99,0.9196,360.61,440.34,0.9046,443.78,441.52,0.9223,433.12,337.61,0.9473,444.22,328.63,0.9543
photo_5_2026-07-09_20-57-17.jpg,lying,1,422.24,794.81,0.5384,409.73,808.2,0.5401,441.26,804.07,0.3632,365.19,825.44,0.8806,470.48,816.72,0.6926,277.88,777.15,0.9606,532.79,729.5,0.9133,207.05,686.53,0.8786,552.75,517.34,0.7154,244.05,689.92,0.8273,507.4,417.03,0.6644,288.37,526.88,0.8793,451.08,511.05,0.832,317.68,356.31,0.9116,420.15,348.39,0.873,410.56,268.61,0.9584,418.78,265.06,0.9465
1 (3).jpg,standing,1,206.3,41.28,0.2258,207.35,29.48,0.1261,207.46,28.68,0.0821,204.3,40.12,0.621,224.65,37.84,0.5234,210.87,135.66,0.8832,235.96,132.55,0.9178,221.27,247.36,0.4241,247.35,246.72,0.5563,251.23,322.1,0.2095,214.02,307.83,0.3394,223.78,312.87,0.9509,244.35,310.91,0.9633,238.68,423.05,0.872,241.2,410.95,0.9145,254.81,498.96,0.523,237.57,481.61,0.6119
1 (4).jpg,standing,1,279.39,85.47,0.0969,274.39,74.55,0.0137,279.65,74.45,0.1196,234.58,73.52,0.5397,279.84,77.64,0.9724,209.63,132.21,0.9762,284.9,139.55,0.9901,194.96,219.92,0.5535,298.05,228.44,0.8134,217.67,294.02,0.2017,300.05,281.99,0.3801,210.92,255.71,0.99,266.75,255.9,0.9929,216.49,311.52,0.9949,275.69,294.87,0.9961,221.37,392.8,0.989,275.48,359.63,0.9905
10 (3).jpg,standing,1,300.0,175.81,0.059,300.22,165.52,0.0554,306.44,167.7,0.005,296.03,174.29,0.8987,337.1,179.07,0.1658,268.49,245.92,0.9731,350.41,243.75,0.8919,198.33,276.26,0.9318,285.83,267.37,0.4444,174.33,269.66,0.78,196.8,260.13,0.3259,248.14,398.94,0.9708,306.35,394.81,0.9366,213.95,473.51,0.6872,279.85,468.74,0.4592,228.49,512.0,0.1104,272.24,506.24,0.0617
10 (4).jpg,sitting,1,246.01,144.07,0.3688,244.69,135.8,0.197,248.28,135.48,0.1499,228.81,140.19,0.9096,265.11,141.05,0.7918,207.67,200.54,0.9881,296.32,195.26,0.9768,200.47,289.81,0.7401,299.91,280.45,0.6315,222.01,321.97,0.3706,273.13,332.67,0.3062,222.63,320.04,0.9811,290.07,317.71,0.9778,224.58,365.94,0.9922,330.3,358.8,0.9923,213.23,483.55,0.968,335.62,475.67,0.9707
10 (5).jpg,lying,1,445.11,268.32,0.6601,453.99,267.46,0.4154,445.59,253.59,0.7359,447.33,266.56,0.059,421.47,236.19,0.4634,405.63,278.6,0.5012,390.47,241.02,0.522,404.25,304.58,0.1522,352.76,259.76,0.2685,435.49,301.24,0.1606,358.8,261.29,0.1806,282.7,289.12,0.8482,273.85,261.04,0.8178,194.62,293.63,0.9346,182.59,274.09,0.9279,46.66,301.89,0.9521,50.78,297.92,0.9364
100 (3).jpg,standing,1,233.52,68.9,0.257,233.79,60.51,0.2114,241.24,58.28,0.0732,228.39,67.32,0.9417,273.66,59.89,0.737,218.79,127.89,0.9681,310.33,115.7,0.9632,216.47,218.65,0.5754,338.22,201.46,0.618,224.9,273.91,0.2824,314.26,254.04,0.3602,245.61,261.67,0.9786,303.48,255.14,0.9827,264.19,342.89,0.9917,295.07,326.44,0.9948,288.65,463.87,0.9693,297.72,443.76,0.9812
100 (4).jpg,sitting,1,392.6,183.54,0.2345,383.99,171.95,0.005,393.06,170.95,0.3657,328.11,166.97,0.0325,376.3,171.59,0.9828,281.42,225.0,0.9568,367.98,240.61,0.9902,262.34,334.02,0.6052,373.09,355.11,0.9293,272.26,370.54,0.4067,410.81,355.84,0.7556,265.46,404.25,0.7612,324.97,410.79,0.8332,274.18,349.58,0.4815,372.66,357.03,0.5486,224.82,380.02,0.3082,333.74,373.94,0.288
100 (5).jpg,lying,1,404.3,347.38,0.352,403.61,344.26,0.3257,405.19,338.44,0.2151,389.96,338.93,0.1994,386.95,331.38,0.1869,343.94,328.44,0.5641,346.45,336.91,0.464,216.56,303.83,0.4678,219.13,334.04,0.1799,75.3,311.62,0.4292,115.49,322.66,0.2707,281.13,299.5,0.8327,278.82,294.06,0.7775,246.85,308.49,0.8893,236.8,301.13,0.8282,154.33,328.28,0.863,121.08,321.02,0.8198
101.jpg,sitting,1,247.69,261.89,0.0631,241.58,254.62,0.004,251.02,252.51,0.0723,205.42,260.71,0.1848,258.07,259.72,0.9217,191.4,321.73,0.8986,269.25,319.15,0.9837,221.73,379.34,0.3687,310.86,371.75,0.9465,286.04,385.89,0.274,336.36,391.91,0.8083,205.46,407.21,0.5769,264.03,408.25,0.8,253.17,366.91,0.296,315.14,357.98,0.5872,264.4,389.48,0.1731,315.78,378.19,0.3084
102.jpg,sitting,1,229.94,129.67,0.8282,228.46,113.75,0.1655,227.25,114.71,0.8891,190.93,119.77,0.2058,210.88,121.38,0.9857,148.42,210.58,0.9398,213.93,209.36,0.9737,257.17,338.04,0.2429,334.4,322.09,0.6865,378.5,431.77,0.1138,366.18,391.05,0.3378,131.83,312.2,0.528,181.88,322.98,0.6027,260.63,309.96,0.7519,303.87,313.68,0.8617,401.07,427.17,0.6615,405.6,432.16,0.7531
103.jpg,sitting,1,274.59,155.53,0.1837,275.17,148.57,0.0115,277.42,148.73,0.3589,249.37,144.12,0.0759,272.5,146.91,0.9275,226.2,173.75,0.8632,245.35,184.03,0.978,242.56,221.01,0.4246,265.16,235.16,0.9375,283.88,257.62,0.2801,300.7,262.83,0.7467,199.3,273.39,0.9836,213.54,282.26,0.993,283.35,321.16,0.9853,292.62,327.77,0.9948,330.92,375.86,0.9718,332.15,386.79,0.9843
104.jpg,sitting,1,208.73,203.37,0.1805,209.52,191.82,0.2068,218.3,195.81,0.0094,212.89,196.67,0.9962,269.85,203.76,0.5079,192.11,256.86,0.9977,324.96,271.72,0.9928,135.78,299.18,0.9544,317.38,372.03,0.7275,154.0,260.07,0.5901,273.25,401.33,0.2158,208.01,441.82,0.935,299.34,439.09,0.9017,105.06,470.26,0.3395,215.22,456.3,0.2112,114.62,500.74,0.0253,235.58,468.17,0.0171
11 (3).jpg,standing,1,263.29,89.22,0.897,260.97,80.83,0.3821,256.69,81.19,0.8607,245.92,78.97,0.0832,238.26,82.89,0.8172,245.87,126.24,0.9652,220.83,128.42,0.9888,248.47,201.14,0.9285,219.82,202.33,0.9862,288.26,238.3,0.8866,271.72,240.78,0.9639,242.72,267.58,0.9991,218.41,269.37,0.9994,256.33,362.97,0.9981,190.93,366.06,0.9987,241.75,455.4,0.9798,115.71,453.81,0.983
11 (4).jpg,sitting,1,356.01,184.61,0.0385,350.6,171.35,0.0149,360.1,174.56,0.0044,320.6,167.05,0.8461,383.71,174.46,0.5842,288.79,214.35,0.9814,420.45,231.43,0.9674,232.34,270.65,0.9455,396.05,321.42,0.7502,224.7,257.4,0.7871,309.79,327.2,0.5187,310.61,388.82,0.9188,393.97,388.87,0.8917,218.81,352.35,0.7555,268.38,355.33,0.5986,227.37,403.09,0.3977,240.63,395.81,0.2726
12 (3).jpg,standing,1,219.73,88.32,0.0742,217.82,81.15,0.016,222.34,77.64,0.0443,187.0,89.01,0.6553,231.62,80.02,0.9153,161.55,150.33,0.9665,250.65,121.19,0.9782,154.73,219.46,0.7661,301.42,95.43,0.9066,170.1,261.11,0.5166,317.27,49.35,0.6723,180.76,279.63,0.9937,235.45,272.73,0.9953,206.37,370.46,0.9829,231.45,367.29,0.9887,225.67,460.22,0.8604,217.47,459.31,0.8953
12 (4).jpg,sitting,1,190.84,180.79,0.0416,187.13,171.08,0.0145,195.14,171.16,0.0139,160.61,168.76,0.8539,214.65,170.78,0.8116,144.08,214.21,0.9917,229.67,215.19,0.9833,121.79,275.46,0.9361,227.37,277.56,0.8569,132.71,319.54,0.7041,208.95,332.59,0.5669,153.96,320.49,0.9932,210.68,319.26,0.991,173.65,368.09,0.968,201.27,359.36,0.9604,190.55,389.18,0.849,182.49,372.76,0.832
12 (5).jpg,standing,1,256.59,113.51,0.0802,255.37,105.11,0.0622,264.97,104.47,0.0127,245.71,98.45,0.6292,289.89,96.21,0.0825,248.87,138.93,0.8849,298.82,137.92,0.5488,249.87,239.74,0.7487,293.9,236.18,0.2294,260.94,344.06,0.534,275.04,338.15,0.1732,259.99,273.98,0.83,295.56,273.48,0.696,254.14,260.18,0.9328,283.62,261.62,0.8728,273.83,377.46,0.9093,287.3,379.68,0.8692
13 (3).jpg,standing,1,227.08,141.77,0.3172,229.6,134.48,0.397,230.75,134.24,0.0562,233.85,139.81,0.9576,253.74,137.81,0.363,225.81,192.24,0.9912,272.93,185.66,0.9339,207.2,257.06,0.9292,278.15,245.68,0.44,212.53,331.44,0.6876,257.25,316.09,0.243,226.88,294.24,0.992,259.27,290.58,0.9799,226.77,349.16,0.9871,249.22,343.85,0.9719,237.24,395.39,0.9557,252.09,388.06,0.9324
14 (3).jpg,standing,1,291.77,103.04,0.8048,292.85,97.12,0.221,288.88,95.34,0.8596,278.89,95.99,0.0375,270.2,93.16,0.8756,270.27,129.91,0.8719,230.37,127.68,0.981,286.39,173.61,0.6506,191.83,182.92,0.9571,300.09,184.94,0.6417,214.4,216.14,0.9276,247.03,232.6,0.9938,221.83,234.46,0.9972,275.3,308.33,0.9978,252.59,309.92,0.9991,283.73,401.06,0.9944,253.96,402.53,0.9966
14 (4).jpg,sitting,1,328.32,173.87,0.057,322.58,162.23,0.0075,333.45,163.61,0.0159,298.03,151.23,0.6338,360.23,158.49,0.7943,273.01,205.43,0.9871,383.37,215.95,0.9929,262.22,323.59,0.8218,411.9,341.94,0.9302,298.33,409.26,0.4238,434.2,405.59,0.5801,254.83,409.85,0.9353,338.2,414.1,0.9459,266.54,358.64,0.7721,417.19,355.82,0.8236,221.82,419.09,0.5381,416.13,401.8,0.5732
14 (5).jpg,sitting,1,324.72,230.15,0.1766,324.27,222.77,0.2174,335.4,224.7,0.0111,329.2,225.09,0.9126,373.28,231.45,0.034,307.23,253.61,0.9423,400.49,265.97,0.7671,239.96,239.8,0.9235,336.91,270.66,0.4605,250.18,226.74,0.8499,289.14,236.9,0.3848,288.59,365.07,0.8946,345.93,362.45,0.7817,232.89,318.89,0.8345,269.66,317.9,0.6372,193.4,356.4,0.6994,202.7,345.58,0.5319
15 (3).jpg,standing,1,243.82,73.05,0.7048,247.32,64.28,0.7592,246.22,64.18,0.1211,263.64,67.17,0.9047,267.29,64.92,0.088,281.66,125.59,0.9928,272.74,116.42,0.9397,268.65,216.48,0.986,258.55,198.81,0.7522,219.06,261.57,0.9578,215.0,251.66,0.7338,280.27,260.98,0.9991,270.65,254.71,0.9976,291.69,353.37,0.999,256.73,341.88,0.9978,317.5,444.54,0.9913,251.15,431.47,0.9874
15 (5).jpg,lying,1,402.69,175.83,0.5647,406.06,167.66,0.6014,408.97,165.99,0.0611,421.51,175.42,0.5227,428.51,172.51,0.0085,408.0,242.81,0.668,426.28,224.08,0.5827,327.56,334.11,0.629,341.22,292.18,0.3822,260.93,289.04,0.8141,265.45,256.94,0.5658,321.41,354.31,0.6545,334.19,331.99,0.5997,178.22,239.03,0.9363,192.65,226.25,0.8992,88.35,332.59,0.9585,94.1,329.36,0.941
16 (3).jpg,standing,1,251.97,72.68,0.2712,252.04,63.42,0.1308,254.94,63.2,0.0764,240.01,64.31,0.8695,273.7,64.61,0.7263,225.36,114.53,0.99,288.94,115.97,0.9845,202.32,196.07,0.9495,302.61,200.94,0.9022,207.1,234.18,0.8181,286.89,235.74,0.73,232.06,265.28,0.9985,267.56,265.23,0.9981,264.62,373.26,0.9969,256.47,367.68,0.9964,291.64,476.46,0.9627,239.36,466.89,0.9604
16 (4).jpg,sitting,1,251.51,167.98,0.1407,254.69,159.98,0.1096,262.97,155.33,0.01,251.25,162.92,0.9919,299.73,153.09,0.4865,235.43,220.44,0.998,338.88,213.12,0.9899,172.17,277.92,0.9749,367.63,291.72,0.859,206.83,236.74,0.8671,379.47,335.79,0.564,302.87,351.26,0.9819,363.76,346.54,0.9705,305.16,395.14,0.8131,318.52,371.09,0.7157,352.56,413.9,0.2631,335.07,384.31,0.2287
16 (5).jpg,lying,1,331.79,291.02,0.0445,326.39,278.19,0.1322,327.72,286.89,0.0037,347.15,264.76,0.2976,342.72,288.31,0.002,367.47,278.05,0.1123,376.0,293.36,0.1435,251.76,230.51,0.2345,253.24,235.58,0.1512,96.43,216.22,0.3549,119.87,208.26,0.3174,366.19,241.82,0.5886,373.55,232.96,0.6725,215.61,243.26,0.7745,238.05,241.63,0.7714,127.26,213.36,0.7947,116.21,207.05,0.8086
17 (3).jpg,standing,1,241.41,76.39,0.2569,241.6,67.12,0.1856,247.8,65.45,0.0686,234.8,67.49,0.9378,276.22,62.63,0.7341,225.86,122.42,0.9827,307.29,113.66,0.973,212.75,209.3,0.7971,333.86,192.21,0.7244,224.7,260.74,0.5106,325.21,235.52,0.4537,253.07,257.39,0.9904,303.82,252.6,0.9897,269.1,358.91,0.993,292.39,342.46,0.9934,295.93,469.06,0.9582,293.03,444.75,0.9651
17 (4).jpg,standing,1,205.18,81.4,0.7796,205.15,72.94,0.7371,212.08,70.7,0.2289,214.16,73.97,0.9591,249.29,65.11,0.5659,213.63,123.17,0.9911,303.62,110.98,0.9784,270.92,161.28,0.9003,362.22,146.96,0.8627,305.87,204.55,0.826,339.97,184.42,0.8259,233.67,244.63,0.9942,294.72,240.57,0.9938,260.09,293.92,0.9974,308.67,297.74,0.9984,246.53,427.65,0.9839,280.1,443.38,0.99
18 (4).jpg,sitting,1,259.03,162.32,0.2563,254.51,156.64,0.031,261.87,154.53,0.2006,220.39,157.19,0.441,257.69,155.64,0.8981,204.72,199.58,0.9864,258.27,200.3,0.9912,189.4,255.46,0.9027,283.68,262.09,0.9645,209.24,281.54,0.7938,325.02,318.15,0.8942,233.15,292.49,0.9944,268.13,292.74,0.996,257.51,355.59,0.9882,283.63,339.02,0.9921,285.6,412.13,0.9384,289.54,386.2,0.9548
19 (3).jpg,standing,1,225.93,140.69,0.5485,227.6,134.87,0.4069,229.47,134.4,0.2261,225.87,137.07,0.8553,246.33,135.55,0.5343,219.96,176.63,0.9831,261.99,173.01,0.964,206.66,235.43,0.8833,268.51,227.52,0.7818,199.47,282.46,0.7209,266.62,270.87,0.6196,223.38,282.77,0.9951,250.86,280.57,0.9939,229.17,357.91,0.9969,262.92,355.27,0.9969,229.32,448.74,0.9862,257.89,447.52,0.9872
19 (4).jpg,sitting,1,190.11,177.95,0.5136,181.99,167.12,0.0215,189.81,165.87,0.6536,129.62,166.31,0.028,170.82,164.69,0.9684,77.67,218.5,0.8466,175.93,216.88,0.949,175.75,292.25,0.3087,304.08,278.29,0.851,296.22,263.86,0.2369,323.56,247.51,0.6791,78.19,324.7,0.4398,147.74,336.88,0.5651,239.63,248.89,0.6743,296.67,251.75,0.8552,358.98,347.06,0.7204,376.74,354.14,0.8384
19 (5).jpg,lying,1,256.84,329.58,0.0358,254.78,324.62,0.011,257.71,330.44,0.0172,265.0,329.21,0.0149,265.67,343.04,0.0174,289.96,323.64,0.1177,258.69,331.04,0.4158,329.4,337.39,0.3053,189.76,329.79,0.7821,396.48,373.75,0.2828,112.72,334.57,0.6557,305.11,319.79,0.8169,276.9,325.02,0.9052,378.3,261.43,0.8855,266.14,260.1,0.9403,449.48,350.37,0.8951,259.8,338.05,0.936
2 (3).jpg,lying,1,406.96,61.48,0.7218,408.79,54.05,0.2654,404.92,51.44,0.7163,396.06,57.07,0.095,393.51,51.92,0.7455,401.1,113.58,0.794,364.15,112.52,0.9406,421.09,178.92,0.4403,335.24,191.58,0.8078,443.98,202.03,0.4106,345.59,232.31,0.7364,403.44,264.0,0.9726,384.09,265.07,0.9847,401.34,370.08,0.9769,395.72,369.17,0.9872,402.9,478.32,0.895,395.23,477.87,0.9241
2 (4).jpg,sitting,1,267.61,207.84,0.6851,269.5,200.38,0.8535,272.7,203.73,0.0503,288.55,191.24,0.9584,303.81,193.64,0.0155,319.92,218.14,0.9843,334.84,212.63,0.7924,303.03,274.54,0.9758,321.42,253.64,0.389,270.46,282.78,0.9457,270.87,282.73,0.4473,371.17,342.59,0.9356,381.38,337.3,0.8242,269.52,285.96,0.9469,284.45,280.76,0.8219,322.08,349.94,0.9179,336.92,340.35,0.8467
20 (3).jpg,lying,1,260.89,199.54,0.0997,258.35,194.17,0.0271,260.83,193.81,0.0931,238.02,197.04,0.2564,260.56,197.39,0.7505,226.03,225.39,0.8694,264.94,226.6,0.9199,223.32,263.29,0.5453,270.9,264.14,0.7189,227.73,291.2,0.3548,265.69,295.8,0.5084,235.72,290.84,0.9687,261.24,291.27,0.9754,243.37,338.71,0.9708,256.23,338.29,0.9769,248.36,387.71,0.9396,246.19,385.98,0.947
20 (4).jpg,sitting,1,326.81,159.32,0.2045,325.97,145.9,0.3908,336.28,149.08,0.0033,334.82,155.88,0.9884,392.38,157.2,0.0812,323.88,236.29,0.9944,436.85,225.31,0.9461,281.27,303.39,0.9814,394.65,287.59,0.4398,248.96,242.38,0.9316,281.65,242.41,0.4209,323.91,407.02,0.9173,398.14,397.72,0.7872,244.19,350.82,0.7474,302.46,346.08,0.4559,282.75,396.58,0.3555,299.8,384.06,0.2095
20 (5).jpg,lying,1,347.0,240.97,0.0625,344.67,236.41,0.0117,347.21,238.95,0.0184,348.71,229.04,0.0287,353.58,232.2,0.1081,354.68,227.83,0.8119,352.77,220.55,0.6465,446.23,263.56,0.8815,453.6,240.74,0.8225,477.3,289.38,0.7801,477.35,265.16,0.6471,298.48,305.79,0.9,289.99,303.59,0.8241,383.06,210.21,0.6837,340.68,203.93,0.6462,443.37,288.98,0.5177,380.51,279.41,0.4896
21 (3).jpg,standing,1,332.34,235.81,0.0862,323.96,221.63,0.009,333.56,221.39,0.0522,272.46,219.6,0.5666,335.28,223.59,0.9743,238.56,285.11,0.988,344.43,304.89,0.9829,212.42,352.13,0.8918,371.27,403.98,0.7683,214.6,342.69,0.6515,365.94,429.66,0.4359,255.29,457.07,0.7954,321.34,462.8,0.7169,262.91,512.0,0.0673,291.84,502.05,0.033,291.3,512.0,0.0037,265.74,500.6,0.002
